line_id,point_index,x_px,y_px,x,y
1,0,1203.857,120.679,1203.857143,120.679432
1,1,1205.143,120.717,1205.142857,120.716528
1,2,1207.0,120.712,1207.000004,120.712466
1,3,1209.0,120.66,1209.000004,120.659803
1,4,1211.0,120.651,1211.0,120.651109
1,5,1226.143,121.278,1226.14286,121.278434
1,6,1254.429,122.372,1254.428574,122.37212
1,7,1282.714,123.443,1282.714294,123.443191
1,8,1311.0,124.429,1311.000015,124.428715
1,9,1313.0,124.448,1313.0,124.448112
1,10,1317.286,124.593,1317.285721,124.59261
1,11,1323.857,124.838,1323.857147,124.838382
1,12,1330.429,125.082,1330.428589,125.081755
1,13,1337.0,125.345,1337.0,125.345125
1,14,1342.0,124.692,1342.000015,124.691691
1,15,1350.0,123.357,1350.0,123.356798
1,16,1358.0,122.035,1358.000015,122.035266
1,17,1366.0,120.738,1366.000015,120.738229
1,18,1368.0,120.91,1368.000015,120.910036
1,19,1370.0,121.125,1370.000015,121.12535
1,20,1372.0,121.331,1372.0,121.330517
1,21,1374.0,121.485,1374.000015,121.485388
1,22,1376.0,121.579,1376.000015,121.579142
1,23,1378.0,121.637,1378.000015,121.637447
1,24,1380.0,121.696,1380.0,121.696327
1,25,1382.0,121.743,1382.000015,121.743351
1,26,1384.0,121.772,1384.000015,121.771666
1,27,1386.0,121.799,1386.0,121.798968
1,28,1388.0,121.851,1388.000015,121.851491
1,29,1390.0,121.943,1390.000015,121.942588
1,30,1392.0,122.067,1392.000015,122.066974
1,31,1394.0,122.197,1394.0,122.196743
1,32,1396.0,122.3,1396.000015,122.299556
1,33,1398.0,122.371,1398.000015,122.371385
1,34,1400.0,122.43,1400.0,122.429969
1,35,1402.0,122.492,1402.000015,122.492143
1,36,1404.0,122.557,1404.000015,122.557237
1,37,1406.0,122.606,1406.000031,122.605701
1,38,1408.0,122.628,1408.0,122.627812
1,39,1410.0,122.638,1410.000031,122.637898
1,40,1412.0,122.654,1412.0,122.654077
1,41,1414.0,122.684,1414.000031,122.684011
1,42,1416.0,122.725,1416.0,122.725425
1,43,1418.0,122.77,1418.0,122.770248
1,44,1420.0,122.821,1420.000031,122.821181
1,45,1422.0,122.888,1422.0,122.888265
1,46,1424.0,122.966,1424.000031,122.966262
1,47,1426.0,123.044,1426.0,123.043962
1,48,1428.0,123.114,1428.000031,123.11396
1,49,1430.0,123.184,1430.0,123.183711
1,50,1432.0,123.252,1432.0,123.252392
1,51,1434.0,123.304,1434.000031,123.304424
1,52,1436.0,123.341,1436.0,123.340641
1,53,1438.0,123.389,1438.000031,123.388879
1,54,1440.0,123.467,1440.0,123.466934
1,55,1442.0,123.564,1442.000031,123.564474
1,56,1444.0,123.647,1444.0,123.647401
1,57,1446.0,123.695,1446.0,123.694861
1,58,1448.0,123.723,1448.000031,123.723147
1,59,1450.0,123.752,1450.0,123.751534
1,60,1452.0,123.806,1452.000031,123.805643
1,61,1454.0,123.896,1454.0,123.895614
1,62,1456.0,123.999,1456.000031,123.999001
1,63,1458.0,124.087,1458.0,124.086744
1,64,1460.0,124.145,1460.000031,124.144543
1,65,1462.0,124.186,1462.0,124.186229
1,66,1464.0,124.234,1464.0,124.234079
1,67,1466.0,124.292,1466.000031,124.291855
1,68,1468.0,124.359,1468.0,124.359359
1,69,1470.0,124.457,1470.000031,124.456614
1,70,1472.0,124.595,1472.0,124.594521
1,71,1474.0,124.733,1474.000031,124.732769
1,72,1476.0,124.823,1476.0,124.822874
1,73,1478.0,124.828,1478.0,124.828381
1,74,1480.0,124.76,1480.000031,124.760122
1,75,1482.0,124.682,1482.0,124.68175
1,76,1484.0,124.676,1484.000031,124.675837
1,77,1486.0,124.796,1486.0,124.795547
1,78,1488.0,125.041,1488.000031,125.041386
1,79,1490.0,125.344,1490.0,125.343503
1,80,1492.0,125.603,1492.0,125.603022
1,81,1494.0,125.781,1494.000031,125.780805
1,82,1495.857,125.886,1495.857147,125.885505
1,83,1497.143,125.936,1497.142883,125.935899
2,0,1391.857,127.329,1391.857162,127.329375
2,1,1393.143,127.343,1393.142868,127.342854
2,2,1395.0,127.336,1395.000015,127.336051
2,3,1397.0,127.309,1397.000015,127.308772
2,4,1399.0,127.279,1399.000015,127.278608
2,5,1401.0,127.269,1401.0,127.268634
2,6,1403.0,127.287,1403.000015,127.286689
2,7,1405.0,127.326,1405.000015,127.326362
2,8,1408.571,127.49,1408.571442,127.4903
2,9,1413.714,127.775,1413.714325,127.774558
2,10,1418.857,128.074,1418.857147,128.073859
2,11,1423.571,128.36,1423.571442,128.359612
3,0,1150.857,123.713,1150.857143,123.712625
3,1,1152.143,123.749,1152.142857,123.749098
3,2,1154.0,123.779,1154.0,123.778962
3,3,1156.0,123.782,1156.0,123.782362
3,4,1158.0,123.76,1158.0,123.759693
3,5,1160.0,123.742,1160.000001,123.742136
3,6,1162.0,123.755,1162.000001,123.755476
3,7,1164.0,123.8,1164.000001,123.799562
3,8,1166.0,123.86,1166.0,123.859556
3,9,1168.0,123.925,1168.000002,123.925211
3,10,1170.0,123.992,1170.000002,123.992256
3,11,1172.0,124.053,1172.0,124.053337
3,12,1174.0,124.101,1174.000002,124.101273
3,13,1176.0,124.137,1176.0,124.136622
3,14,1178.0,124.168,1178.000002,124.167614
3,15,1180.0,124.21,1180.000002,124.210463
3,16,1182.0,124.28,1182.000004,124.280437
3,17,1184.0,124.376,1184.0,124.375678
3,18,1186.0,124.475,1186.000004,124.474563
3,19,1188.0,124.559,1188.0,124.559019
3,20,1190.0,124.621,1190.000004,124.621292
3,21,1192.0,124.673,1192.000004,124.673176
3,22,1194.0,124.717,1194.000004,124.7165
3,23,1196.0,124.737,1196.0,124.736726
3,24,1198.0,124.736,1198.0,124.736249
3,25,1200.0,124.739,1200.000004,124.738966
3,26,1202.0,124.764,1202.000004,124.764438
3,27,1204.0,124.813,1204.0,124.813096
3,28,1206.0,124.862,1206.000004,124.861702
3,29,1208.0,124.9,1208.000004,124.899932
3,30,1210.0,124.935,1210.000004,124.935336
3,31,1212.0,124.973,1212.0,124.97275
3,32,1214.0,125.005,1214.0,125.004635
3,33,1216.0,125.026,1216.0,125.025672
3,34,1218.0,125.051,1218.0,125.051198
3,35,1220.0,125.107,1220.0,125.107369
3,36,1222.0,125.203,1222.000008,125.202507
3,37,1224.0,125.309,1224.000008,125.309024
3,38,1226.0,125.39,1226.0,125.389972
3,39,1228.0,125.432,1228.0,125.431696
3,40,1230.0,125.452,1230.0,125.452293
3,41,1232.0,125.479,1232.000008,125.47882
3,42,1234.0,125.523,1234.0,125.52321
3,43,1236.0,125.588,1236.0,125.587754
3,44,1238.0,125.667,1238.000008,125.666569
3,45,1240.0,125.747,1240.0,125.747428
3,46,1242.0,125.815,1242.0,125.814785
3,47,1244.0,125.857,1244.000008,125.856948
3,48,1246.0,125.875,1246.000008,125.875215
3,49,1248.0,125.882,1248.000008,125.882453
3,50,1250.0,125.888,1250.0,125.888045
3,51,1252.0,125.901,1252.000008,125.901116
3,52,1254.0,125.932,1254.000008,125.931579
3,53,1256.0,125.978,1256.0,125.978469
3,54,1258.0,126.036,1258.000008,126.035933
3,55,1260.0,126.099,1260.000008,126.099351
3,56,1262.0,126.164,1262.000008,126.164358
3,57,1264.0,126.232,1264.0,126.232309
3,58,1266.0,126.304,1266.000008,126.303616
3,59,1268.0,126.378,1268.000008,126.377617
3,60,1270.0,126.449,1270.0,126.448672
3,61,1272.0,126.509,1272.0,126.509161
3,62,1274.0,126.555,1274.000008,126.554659
3,63,1276.0,126.591,1276.000008,126.591076
3,64,1278.0,126.637,1278.0,126.637298
3,65,1280.0,126.696,1280.000015,126.696365
3,66,1282.0,126.759,1282.000015,126.759122
3,67,1284.0,126.814,1284.0,126.813555
3,68,1286.0,126.856,1286.0,126.855859
3,69,1288.0,126.888,1288.0,126.888254
3,70,1290.0,126.913,1290.0,126.913071
3,71,1292.0,126.939,1292.0,126.939095
3,72,1294.0,126.98,1294.000015,126.980443
3,73,1296.0,127.041,1296.000015,127.041266
3,74,1298.0,127.125,1298.0,127.124549
3,75,1300.0,127.238,1300.0,127.238187
3,76,1302.0,127.379,1302.0,127.378888
3,77,1304.0,127.537,1304.000015,127.536769
3,78,1306.0,127.691,1306.0,127.690925
3,79,1308.0,127.807,1308.0,127.806844
3,80,1310.0,127.886,1310.000015,127.886162
3,81,1312.0,127.934,1312.0,127.933846
3,82,1314.0,127.962,1314.0,127.96186
3,83,1316.0,127.987,1316.0,127.987344
3,84,1318.0,128.013,1318.000015,128.012827
3,85,1320.0,128.034,1320.000015,128.03431
3,86,1322.0,128.053,1322.0,128.052791
3,87,1324.0,128.075,1324.000015,128.075039
3,88,1326.0,128.114,1326.0,128.114458
3,89,1328.0,128.182,1328.000015,128.182025
3,90,1330.0,128.282,1330.0,128.282413
3,91,1332.0,128.404,1332.000015,128.403799
3,92,1334.0,128.529,1334.0,128.528535
3,93,1336.0,128.646,1336.000015,128.645525
3,94,1338.0,128.745,1338.000015,128.744859
3,95,1340.0,128.837,1340.000015,128.83671
3,96,1342.0,128.931,1342.000015,128.93139
3,97,1344.0,129.029,1344.0,129.029412
3,98,1346.0,129.121,1346.000015,129.120574
3,99,1348.0,129.188,1348.0,129.18841
3,100,1350.0,129.225,1350.000015,129.225407
3,101,1352.0,129.251,1352.000015,129.250794
3,102,1354.0,129.293,1354.000015,129.29258
3,103,1356.0,129.37,1356.000015,129.369726
3,104,1358.0,129.472,1358.0,129.472228
3,105,1360.0,129.579,1360.000015,129.578711
3,106,1362.0,129.67,1362.0,129.669726
3,107,1364.0,129.741,1364.000015,129.741039
3,108,1366.0,129.8,1366.000015,129.799511
3,109,1368.0,129.848,1368.000015,129.848444
3,110,1370.0,129.892,1370.000015,129.89205
3,111,1372.0,129.937,1372.0,129.936833
3,112,1374.0,129.989,1374.000015,129.989093
3,113,1376.0,130.048,1376.000015,130.048139
3,114,1378.0,130.108,1378.000015,130.107558
3,115,1380.0,130.163,1380.0,130.162817
3,116,1382.0,130.214,1382.000015,130.214405
3,117,1384.0,130.267,1384.000015,130.266685
3,118,1386.0,130.325,1386.0,130.32531
3,119,1388.0,130.393,1388.000015,130.393252
3,120,1390.0,130.468,1390.000015,130.46783
3,121,1392.0,130.545,1392.000015,130.545291
3,122,1394.0,130.615,1394.0,130.615016
3,123,1396.0,130.67,1396.000015,130.670456
3,124,1398.0,130.711,1398.000015,130.711457
3,125,1400.0,130.743,1400.0,130.742631
3,126,1402.0,130.776,1402.000015,130.776142
3,127,1404.0,130.824,1404.000015,130.824333
3,128,1406.0,130.893,1406.000031,130.893199
3,129,1408.0,130.973,1408.0,130.972622
3,130,1410.0,131.044,1410.000031,131.044058
3,131,1412.0,131.1,1412.0,131.100077
3,132,1414.0,131.152,1414.000031,131.151834
3,133,1416.0,131.219,1416.0,131.219482
3,134,1418.0,131.318,1418.0,131.318045
3,135,1420.0,131.441,1420.000031,131.440763
3,136,1422.0,131.571,1422.0,131.570913
3,137,1424.0,131.688,1424.000031,131.68832
3,138,1426.0,131.776,1426.0,131.775617
3,139,1428.0,131.831,1428.000031,131.830955
3,140,1430.0,131.862,1430.0,131.862245
3,141,1432.0,131.886,1432.0,131.885666
3,142,1434.0,131.913,1434.000031,131.912824
3,143,1436.0,131.948,1436.0,131.947849
3,144,1438.0,131.989,1438.000031,131.989239
3,145,1440.0,132.034,1440.0,132.034276
3,146,1442.0,132.084,1442.000031,132.084115
3,147,1444.0,132.14,1444.0,132.139934
3,148,1446.0,132.195,1446.0,132.19532
3,149,1448.0,132.238,1448.000031,132.238269
3,150,1450.0,132.262,1450.0,132.262035
3,151,1452.0,132.275,1452.000031,132.274533
3,152,1454.0,132.296,1454.0,132.295905
3,153,1456.0,132.343,1456.000031,132.342671
3,154,1458.0,132.42,1458.0,132.420193
3,155,1460.0,132.516,1460.000031,132.516024
3,156,1462.0,132.611,1462.0,132.610888
3,157,1464.0,132.684,1464.0,132.684323
3,158,1466.0,132.735,1466.000031,132.73473
3,159,1468.0,132.779,1468.0,132.778525
3,160,1470.0,132.842,1470.000031,132.841943
3,161,1472.0,132.937,1472.0,132.937249
3,162,1474.0,133.054,1474.000031,133.053598
3,163,1476.0,133.17,1476.0,133.169733
3,164,1478.0,133.268,1478.0,133.267762
3,165,1480.0,133.34,1480.000031,133.34031
3,166,1482.0,133.392,1482.0,133.392348
3,167,1484.0,133.446,1484.000031,133.445827
3,168,1486.0,133.513,1486.0,133.51256
3,169,1488.0,133.592,1488.000031,133.591646
3,170,1490.0,133.67,1490.0,133.670438
3,171,1492.0,133.739,1492.0,133.7388
3,172,1494.0,133.803,1494.000031,133.802969
3,173,1496.0,133.871,1496.0,133.871008
3,174,1498.0,133.947,1498.000031,133.946789
3,175,1500.0,134.038,1500.000031,134.038102
3,176,1502.0,134.152,1502.000031,134.152212
3,177,1504.0,134.266,1504.0,134.266372
3,178,1506.0,134.326,1506.0,134.326148
3,179,1508.0,134.339,1508.000031,134.338735
3,180,1510.0,134.375,1510.000031,134.374615
3,181,1512.0,134.505,1512.0,134.504803
3,182,1514.0,134.779,1514.000031,134.778727
3,183,1516.0,135.164,1516.000031,135.164455
3,184,1517.571,135.498,1517.571442,135.498112
4,0,1158.857,129.283,1158.857143,129.283493
4,1,1160.143,129.276,1160.142859,129.276277
4,2,1162.0,129.275,1162.000001,129.275445
4,3,1164.0,129.295,1164.000001,129.294664
4,4,1166.0,129.351,1166.0,129.351289
4,5,1174.857,129.504,1174.857143,129.503999
4,6,1183.714,129.653,1183.714287,129.653273
4,7,1192.571,129.807,1192.57143,129.807423
4,8,1198.0,129.934,1198.0,129.934041
4,9,1200.0,130.069,1200.000004,130.068784
4,10,1202.0,130.229,1202.000004,130.229003
4,11,1211.429,130.593,1211.428574,130.593386
4,12,1227.143,131.053,1227.14286,131.053324
4,13,1249.143,131.565,1249.14286,131.565262
4,14,1267.429,131.941,1267.428581,131.941218
4,15,1282.0,132.214,1282.000015,132.21447
4,16,1284.0,132.271,1284.0,132.270785
4,17,1286.0,132.335,1286.0,132.335331
4,18,1288.0,132.359,1288.0,132.358998
4,19,1290.0,132.338,1290.0,132.338312
4,20,1292.0,132.311,1292.0,132.310906
4,21,1294.0,132.319,1294.000015,132.318899
4,22,1296.571,132.371,1296.571442,132.370691
4,23,1300.857,132.52,1300.857147,132.519672
4,24,1305.143,132.667,1305.142853,132.667425
4,25,1309.429,132.795,1309.428589,132.794922
4,26,1312.0,132.884,1312.0,132.884487
4,27,1314.0,132.938,1314.0,132.938498
4,28,1316.0,133.002,1316.0,133.001571
4,29,1318.0,133.071,1318.000015,133.070862
4,30,1320.0,133.147,1320.000015,133.147357
4,31,1322.0,133.235,1322.0,133.235126
4,32,1324.0,133.333,1324.000015,133.333068
4,33,1329.714,133.637,1329.714294,133.636572
4,34,1335.429,133.904,1335.428574,133.903584
4,35,1341.143,134.119,1341.142868,134.119176
4,36,1345.0,134.191,1345.000015,134.191418
4,37,1347.0,134.155,1347.000015,134.1545
4,38,1349.0,134.15,1349.000015,134.150055
4,39,1351.0,134.18,1351.0,134.180165
4,40,1353.0,134.222,1353.000015,134.221673
4,41,1355.0,134.27,1355.0,134.270015
4,42,1357.571,134.4,1357.571442,134.399804
4,43,1360.714,134.589,1360.71431,134.589379
4,44,1363.857,134.798,1363.857147,134.797637
4,45,1367.0,135.012,1367.000015,135.011659
4,46,1369.0,135.114,1369.0,135.113765
4,47,1371.0,135.214,1371.000015,135.213996
4,48,1373.0,135.291,1373.000015,135.29059
4,49,1375.0,135.354,1375.000015,135.354045
4,50,1381.571,135.535,1381.571426,135.534519
4,51,1388.143,135.733,1388.142868,135.732742
4,52,1394.714,135.999,1394.71431,135.998812
4,53,1399.0,136.189,1399.000015,136.189035
4,54,1401.0,136.301,1401.0,136.30102
4,55,1403.0,136.331,1403.000015,136.330641
4,56,1405.0,136.334,1405.000015,136.333691
4,57,1411.286,136.46,1411.285736,136.459511
4,58,1417.571,136.584,1417.571442,136.583818
4,59,1423.857,136.706,1423.857147,136.70632
4,60,1428.0,136.77,1428.000031,136.769533
4,61,1430.0,136.839,1430.0,136.838758
4,62,1432.0,136.954,1432.0,136.954082
4,63,1434.0,137.082,1434.000031,137.082232
4,64,1436.0,137.206,1436.0,137.205809
4,65,1440.429,137.437,1440.428589,137.436993
4,66,1447.286,137.781,1447.285706,137.780972
4,67,1454.429,138.124,1454.428589,138.1236
4,68,1461.857,138.426,1461.857147,138.42569
4,69,1464.429,138.453,1464.428558,138.453461
4,70,1467.0,138.449,1467.000031,138.449083
4,71,1469.0,138.434,1469.0,138.434074
4,72,1471.0,138.425,1471.0,138.425316
4,73,1474.143,138.325,1474.142883,138.325367
4,74,1478.429,138.233,1478.428589,138.2325
4,75,1482.714,138.232,1482.714294,138.231644
4,76,1487.0,138.296,1487.000031,138.29612
4,77,1489.0,138.546,1489.0,138.546062
4,78,1491.0,138.701,1491.000031,138.700598
4,79,1492.857,138.782,1492.857147,138.782341
4,80,1494.143,138.821,1494.142853,138.821392
5,0,1150.857,132.413,1150.857143,132.413092
5,1,1152.143,132.435,1152.142857,132.434672
5,2,1154.0,132.457,1154.0,132.457026
5,3,1156.0,132.485,1156.0,132.485299
5,4,1158.0,132.523,1158.0,132.522964
5,5,1160.0,132.575,1160.000001,132.575305
5,6,1162.0,132.632,1162.000001,132.631988
5,7,1164.0,132.674,1164.000001,132.674139
5,8,1166.0,132.702,1166.0,132.701789
5,9,1168.0,132.728,1168.000002,132.728073
5,10,1170.0,132.761,1170.000002,132.760922
5,11,1172.0,132.804,1172.0,132.803656
5,12,1174.0,132.855,1174.000002,132.854582
5,13,1176.0,132.905,1176.0,132.905354
5,14,1178.0,132.949,1178.000002,132.948794
5,15,1180.0,132.988,1180.000002,132.988493
5,16,1182.0,133.05,1182.000004,133.050431
5,17,1184.0,133.154,1184.0,133.153986
5,18,1186.0,133.28,1186.000004,133.280068
5,19,1188.0,133.391,1188.0,133.390917
5,20,1190.0,133.455,1190.000004,133.454936
5,21,1192.0,133.49,1192.000004,133.489923
5,22,1194.0,133.537,1194.000004,133.536911
5,23,1196.0,133.613,1196.0,133.612807
5,24,1198.0,133.701,1198.0,133.701221
5,25,1200.0,133.759,1200.000004,133.758872
5,26,1202.0,133.763,1202.000004,133.763357
5,27,1204.0,133.734,1204.0,133.733812
5,28,1206.0,133.714,1206.000004,133.713653
5,29,1208.0,133.732,1208.000004,133.732306
5,30,1210.0,133.791,1210.000004,133.790506
5,31,1212.0,133.883,1212.0,133.882775
5,32,1214.0,134.006,1214.0,134.00569
5,33,1216.0,134.138,1216.0,134.137599
5,34,1218.0,134.241,1218.0,134.241391
5,35,1220.0,134.286,1220.0,134.285792
5,36,1222.0,134.271,1222.000008,134.271351
5,37,1224.0,134.24,1224.000008,134.239938
5,38,1226.0,134.233,1226.0,134.232695
5,39,1228.0,134.277,1228.0,134.276572
5,40,1230.0,134.369,1230.0,134.368623
5,41,1232.0,134.448,1232.000008,134.448432
5,42,1234.0,134.454,1234.0,134.453855
5,43,1236.0,134.369,1236.0,134.368923
5,44,1238.0,134.24,1238.000008,134.240193
5,45,1240.0,134.158,1240.0,134.157882
5,46,1242.0,134.19,1242.0,134.190217
5,47,1244.0,134.316,1244.000008,134.31632
5,48,1246.0,134.456,1246.000008,134.45576
5,49,1248.0,134.545,1248.000008,134.545322
5,50,1250.0,134.563,1250.0,134.562542
5,51,1252.0,134.56,1252.000008,134.559651
5,52,1254.0,134.568,1254.000008,134.568332
5,53,1256.0,134.593,1256.0,134.593054
5,54,1258.0,134.627,1258.000008,134.627491
5,55,1260.0,134.66,1260.000008,134.66036
5,56,1262.0,134.68,1262.000008,134.680432
5,57,1264.0,134.686,1264.0,134.686128
5,58,1266.0,134.695,1266.000008,134.695166
5,59,1268.0,134.733,1268.000008,134.733019
5,60,1270.0,134.806,1270.0,134.80599
5,61,1272.0,134.884,1272.0,134.884014
5,62,1274.0,134.959,1274.000008,134.958974
5,63,1276.0,135.102,1276.000008,135.101562
5,64,1278.0,135.318,1278.0,135.318274
5,65,1280.0,135.556,1280.000015,135.556305
5,66,1282.0,135.755,1282.000015,135.754648
5,67,1284.0,135.853,1284.0,135.853466
5,68,1286.0,135.937,1286.0,135.936601
5,69,1288.0,136.032,1288.0,136.03207
5,70,1290.0,136.121,1290.0,136.121048
5,71,1292.0,136.177,1292.0,136.176607
5,72,1294.0,136.194,1294.000015,136.194401
5,73,1296.0,136.192,1296.000015,136.191761
5,74,1298.0,136.189,1298.0,136.188595
5,75,1300.0,136.204,1300.0,136.203787
5,76,1302.0,136.251,1302.0,136.25057
5,77,1304.0,136.327,1304.000015,136.327179
5,78,1306.0,136.42,1306.0,136.420002
5,79,1308.0,136.522,1308.0,136.521614
5,80,1310.0,136.634,1310.000015,136.634159
5,81,1312.0,136.746,1312.0,136.745689
5,82,1314.0,136.841,1314.0,136.840918
5,83,1316.0,136.903,1316.0,136.903164
5,84,1318.0,136.933,1318.000015,136.932739
5,85,1320.0,136.944,1320.000015,136.944338
5,86,1322.0,136.952,1322.0,136.95183
5,87,1324.0,136.975,1324.000015,136.974911
5,88,1326.0,137.024,1326.0,137.024294
5,89,1328.0,137.082,1328.000015,137.082382
5,90,1330.0,137.123,1330.0,137.123169
5,91,1332.0,137.143,1332.000015,137.142664
5,92,1334.0,137.173,1334.0,137.172874
5,93,1336.0,137.246,1336.000015,137.245878
5,94,1338.0,137.359,1338.000015,137.358671
5,95,1340.0,137.491,1340.000015,137.490959
5,96,1342.0,137.641,1342.000015,137.641487
5,97,1344.0,137.817,1344.0,137.817259
5,98,1346.0,138.013,1346.000015,138.013182
5,99,1348.0,138.188,1348.0,138.188025
5,100,1350.0,138.304,1350.000015,138.303982
5,101,1352.0,138.356,1352.000015,138.355536
5,102,1354.0,138.372,1354.000015,138.371965
5,103,1356.0,138.383,1356.000015,138.383217
5,104,1358.0,138.401,1358.0,138.401344
5,105,1360.0,138.432,1360.000015,138.431919
5,106,1362.0,138.472,1362.0,138.471775
5,107,1364.0,138.517,1364.000015,138.516951
5,108,1366.0,138.558,1366.000015,138.558407
5,109,1368.0,138.581,1368.000015,138.580561
5,110,1370.0,138.586,1370.000015,138.586273
5,111,1372.0,138.593,1372.0,138.592966
5,112,1374.0,138.617,1374.000015,138.617167
5,113,1376.0,138.661,1376.000015,138.661316
5,114,1378.0,138.717,1378.000015,138.717236
5,115,1380.0,138.77,1380.0,138.769669
5,116,1382.0,138.809,1382.000015,138.80875
5,117,1384.0,138.837,1384.000015,138.837141
5,118,1386.0,138.87,1386.0,138.869514
5,119,1388.0,138.936,1388.000015,138.936096
5,120,1390.0,139.064,1390.000015,139.0637
5,121,1392.0,139.236,1392.000015,139.236027
5,122,1394.0,139.403,1394.0,139.403097
5,123,1396.0,139.531,1396.000015,139.530581
5,124,1398.0,139.613,1398.000015,139.613071
5,125,1400.0,139.682,1400.0,139.681864
5,126,1402.0,139.756,1402.000015,139.75634
5,127,1404.0,139.827,1404.000015,139.827347
5,128,1406.0,139.884,1406.000031,139.884188
5,129,1408.0,139.924,1408.0,139.923693
5,130,1410.0,139.942,1410.000031,139.942274
5,131,1412.0,139.94,1412.0,139.940319
5,132,1414.0,139.931,1414.000031,139.930698
5,133,1416.0,139.94,1416.0,139.939987
5,134,1418.0,140.003,1418.0,140.00297
5,135,1420.0,140.144,1420.000031,140.143721
5,136,1422.0,140.338,1422.0,140.337984
5,137,1424.0,140.526,1424.000031,140.526014
5,138,1426.0,140.662,1426.0,140.662428
5,139,1428.0,140.725,1428.000031,140.725487
5,140,1430.0,140.748,1430.0,140.748142
5,141,1432.0,140.767,1432.0,140.767054
5,142,1434.0,140.801,1434.000031,140.80065
5,143,1436.0,140.852,1436.0,140.851854
5,144,1438.0,140.913,1438.000031,140.912939
5,145,1440.0,140.969,1440.0,140.969217
5,146,1442.0,141.014,1442.000031,141.013828
5,147,1444.0,141.05,1444.0,141.050285
5,148,1446.0,141.09,1446.0,141.089861
5,149,1448.0,141.142,1448.000031,141.141684
5,150,1450.0,141.204,1450.0,141.203663
5,151,1452.0,141.268,1452.000031,141.267557
5,152,1454.0,141.332,1454.0,141.332342
5,153,1456.0,141.414,1456.000031,141.413525
5,154,1458.0,141.513,1458.0,141.513489
5,155,1460.0,141.623,1460.000031,141.62327
5,156,1462.0,141.718,1462.0,141.717615
5,157,1464.0,141.782,1464.0,141.782366
5,158,1466.0,141.823,1466.000031,141.823065
5,159,1468.0,141.859,1468.0,141.858784
5,160,1470.0,141.909,1470.000031,141.90941
5,161,1472.0,141.981,1472.0,141.981304
5,162,1474.0,142.063,1474.000031,142.062902
5,163,1476.0,142.136,1476.0,142.135748
5,164,1478.0,142.19,1478.0,142.190306
5,165,1480.0,142.215,1480.000031,142.21483
5,166,1482.0,142.21,1482.0,142.210455
5,167,1484.0,142.223,1484.000031,142.223
5,168,1486.0,142.327,1486.0,142.326731
5,169,1488.0,142.498,1488.000031,142.498257
5,170,1490.0,142.678,1490.0,142.678211
5,171,1492.0,142.784,1492.0,142.783978
5,172,1494.0,142.803,1494.000031,142.802994
5,173,1496.0,142.791,1496.0,142.791418
5,174,1498.0,142.761,1498.000031,142.760666
5,175,1500.0,142.716,1500.000031,142.715864
5,176,1502.0,142.696,1502.000031,142.696482
5,177,1504.0,142.749,1504.0,142.749052
5,178,1506.0,142.876,1506.0,142.8764
5,179,1507.857,143.017,1507.857178,143.017481
5,180,1509.143,143.111,1509.142914,143.110689
6,0,1198.857,139.411,1198.857143,139.410994
6,1,1200.143,139.411,1200.14286,139.4112
6,2,1211.143,139.698,1211.14286,139.69763
6,3,1222.286,139.955,1222.285721,139.955368
6,4,1233.429,140.171,1233.428581,140.17104
6,5,1240.0,140.227,1240.0,140.227154
6,6,1242.0,140.207,1242.0,140.207008
6,7,1248.571,140.417,1248.571434,140.417261
6,8,1259.714,140.737,1259.714287,140.736629
6,9,1270.857,141.01,1270.857147,141.009945
6,10,1282.0,141.232,1282.000015,141.23159
6,11,1284.0,141.159,1284.0,141.158609
6,12,1286.0,141.132,1286.0,141.132164
6,13,1288.0,141.131,1288.0,141.131214
6,14,1290.0,141.171,1290.0,141.170584
6,15,1292.0,141.256,1292.0,141.255735
6,16,1294.286,141.463,1294.285721,141.46344
6,17,1296.857,141.569,1296.857147,141.569494
6,18,1299.429,141.626,1299.428574,141.626442
6,19,1302.0,141.684,1302.0,141.683928
6,20,1304.0,141.639,1304.000015,141.63891
6,21,1306.0,141.747,1306.0,141.746981
6,22,1308.0,141.865,1308.0,141.864693
6,23,1310.0,141.97,1310.000015,141.970383
6,24,1312.0,142.072,1312.0,142.071817
6,25,1314.0,142.173,1314.0,142.172871
6,26,1316.0,142.27,1316.0,142.269732
6,27,1318.0,142.36,1318.000015,142.360186
6,28,1320.0,142.43,1320.000015,142.430357
6,29,1322.0,142.471,1322.0,142.470528
6,30,1326.286,142.75,1326.285721,142.749819
6,31,1337.143,143.109,1337.142868,143.109081
6,32,1348.0,143.453,1348.000015,143.452583
6,33,1357.714,143.7,1357.714294,143.699682
6,34,1363.0,143.783,1363.000015,143.782845
6,35,1365.0,143.876,1365.0,143.875546
6,36,1367.0,143.978,1367.000015,143.978163
6,37,1369.0,144.069,1369.0,144.068756
6,38,1371.0,144.145,1371.000015,144.144777
6,39,1373.0,144.204,1373.000015,144.204422
6,40,1375.0,144.243,1375.000015,144.242775
6,41,1377.0,144.265,1377.000015,144.264557
6,42,1379.0,144.287,1379.0,144.286961
6,43,1381.0,144.324,1381.000015,144.324305
6,44,1383.0,144.381,1383.000015,144.380604
6,45,1389.857,144.716,1389.857162,144.715591
6,46,1396.714,145.01,1396.714294,145.009506
6,47,1403.571,145.276,1403.571442,145.276497
6,48,1408.0,145.378,1408.0,145.377979
6,49,1410.0,145.353,1410.000031,145.352516
6,50,1412.0,145.369,1412.0,145.369286
6,51,1425.714,145.957,1425.714325,145.956928
6,52,1439.429,146.55,1439.428589,146.550177
6,53,1453.143,147.142,1453.142883,147.141956
6,54,1461.0,147.41,1461.0,147.4095
6,55,1463.0,147.391,1463.000031,147.391171
6,56,1465.0,147.368,1465.0,147.367542
6,57,1467.0,147.366,1467.000031,147.366199
6,58,1468.857,147.399,1468.857147,147.398989
6,59,1470.143,147.436,1470.142883,147.436052
7,0,1150.857,141.687,1150.857143,141.686773
7,1,1152.143,141.713,1152.142857,141.713434
7,2,1154.0,141.749,1154.0,141.748716
7,3,1156.0,141.782,1156.0,141.781818
7,4,1158.0,141.803,1158.0,141.802567
7,5,1160.0,141.816,1160.000001,141.815578
7,6,1162.0,141.828,1162.000001,141.82802
7,7,1164.0,141.844,1164.000001,141.844337
7,8,1166.0,141.867,1166.0,141.867435
7,9,1168.0,141.899,1168.000002,141.899084
7,10,1170.0,141.938,1170.000002,141.93782
7,11,1172.0,141.98,1172.0,141.979916
7,12,1174.0,142.03,1174.000002,142.029737
7,13,1176.0,142.104,1176.0,142.104498
7,14,1178.0,142.22,1178.000002,142.219551
7,15,1180.0,142.363,1180.000002,142.36264
7,16,1182.0,142.503,1182.000004,142.503271
7,17,1184.0,142.618,1184.0,142.617853
7,18,1186.0,142.691,1186.000004,142.691341
7,19,1188.0,142.735,1188.0,142.735432
7,20,1190.0,142.76,1190.000004,142.760012
7,21,1192.0,142.786,1192.000004,142.786316
7,22,1194.0,142.847,1194.000004,142.84741
7,23,1196.0,142.932,1196.0,142.932241
7,24,1198.0,142.995,1198.0,142.995253
7,25,1200.0,143.013,1200.000004,143.012962
7,26,1202.0,142.984,1202.000004,142.984072
7,27,1204.0,142.942,1204.0,142.941889
7,28,1206.0,142.91,1206.000004,142.909954
7,29,1208.0,142.886,1208.000004,142.885513
7,30,1210.0,142.868,1210.000004,142.868185
7,31,1212.0,142.861,1212.0,142.860855
7,32,1214.0,142.86,1214.0,142.860371
7,33,1216.0,142.864,1216.0,142.864433
7,34,1218.0,142.882,1218.0,142.88212
7,35,1220.0,142.933,1220.0,142.932743
7,36,1222.0,143.034,1222.000008,143.033758
7,37,1224.0,143.181,1224.000008,143.181288
7,38,1226.0,143.341,1226.0,143.341244
7,39,1228.0,143.472,1228.0,143.471802
7,40,1230.0,143.561,1230.0,143.560694
7,41,1232.0,143.624,1232.000008,143.624298
7,42,1234.0,143.694,1234.0,143.693747
7,43,1236.0,143.772,1236.0,143.772387
7,44,1238.0,143.843,1238.000008,143.842663
7,45,1240.0,143.888,1240.0,143.88792
7,46,1242.0,143.906,1242.0,143.906254
7,47,1244.0,143.917,1244.000008,143.917084
7,48,1246.0,143.942,1246.000008,143.942268
7,49,1248.0,143.985,1248.000008,143.984959
7,50,1250.0,144.032,1250.0,144.032059
7,51,1252.0,144.072,1252.000008,144.071833
7,52,1254.0,144.103,1254.000008,144.102842
7,53,1256.0,144.133,1256.0,144.133465
7,54,1258.0,144.169,1258.000008,144.169096
7,55,1260.0,144.21,1260.000008,144.209955
7,56,1262.0,144.259,1262.000008,144.258951
7,57,1264.0,144.32,1264.0,144.320366
7,58,1266.0,144.397,1266.000008,144.397306
7,59,1268.0,144.489,1268.000008,144.488577
7,60,1270.0,144.588,1270.0,144.587791
7,61,1272.0,144.68,1272.0,144.679571
7,62,1274.0,144.748,1274.000008,144.74798
7,63,1276.0,144.785,1276.000008,144.785074
7,64,1278.0,144.798,1278.0,144.797607
7,65,1280.0,144.805,1280.000015,144.804806
7,66,1282.0,144.823,1282.000015,144.822702
7,67,1284.0,144.861,1284.0,144.86132
7,68,1286.0,144.923,1286.0,144.923002
7,69,1288.0,145.001,1288.0,145.001066
7,70,1290.0,145.093,1290.0,145.092747
7,71,1292.0,145.218,1292.0,145.217796
7,72,1294.0,145.386,1294.000015,145.38563
7,73,1296.0,145.567,1296.000015,145.566599
7,74,1298.0,145.729,1298.0,145.728764
7,75,1300.0,145.837,1300.0,145.837475
7,76,1302.0,145.91,1302.0,145.909731
7,77,1304.0,145.973,1304.000015,145.973021
7,78,1306.0,146.039,1306.0,146.038601
7,79,1308.0,146.107,1308.0,146.107359
7,80,1310.0,146.176,1310.000015,146.17627
7,81,1312.0,146.237,1312.0,146.236618
7,82,1314.0,146.283,1314.0,146.283127
7,83,1316.0,146.318,1316.0,146.318365
7,84,1318.0,146.343,1318.000015,146.343323
7,85,1320.0,146.356,1320.000015,146.355974
7,86,1322.0,146.355,1322.0,146.354658
7,87,1324.0,146.346,1324.000015,146.346239
7,88,1326.0,146.346,1326.0,146.346426
7,89,1328.0,146.366,1328.000015,146.366114
7,90,1330.0,146.404,1330.0,146.403946
7,91,1332.0,146.452,1332.000015,146.451714
7,92,1334.0,146.503,1334.0,146.503422
7,93,1336.0,146.559,1336.000015,146.558962
7,94,1338.0,146.619,1338.000015,146.619455
7,95,1340.0,146.683,1340.000015,146.68346
7,96,1342.0,146.743,1342.000015,146.742531
7,97,1344.0,146.789,1344.0,146.789457
7,98,1346.0,146.827,1346.000015,146.826546
7,99,1348.0,146.87,1348.0,146.870474
7,100,1350.0,146.943,1350.000015,146.94256
7,101,1352.0,147.046,1352.000015,147.04554
7,102,1354.0,147.171,1354.000015,147.170969
7,103,1356.0,147.319,1356.000015,147.319441
7,104,1358.0,147.482,1358.0,147.481758
7,105,1360.0,147.645,1360.000015,147.645077
7,106,1362.0,147.79,1362.0,147.789917
7,107,1364.0,147.9,1364.000015,147.899717
7,108,1366.0,147.985,1366.000015,147.984968
7,109,1368.0,148.055,1368.000015,148.054945
7,110,1370.0,148.109,1370.000015,148.108791
7,111,1372.0,148.149,1372.0,148.148911
7,112,1374.0,148.187,1374.000015,148.186502
7,113,1376.0,148.228,1376.000015,148.227589
7,114,1378.0,148.27,1378.000015,148.269539
7,115,1380.0,148.307,1380.0,148.30706
7,116,1382.0,148.343,1382.000015,148.342672
7,117,1384.0,148.383,1384.000015,148.383018
7,118,1386.0,148.429,1386.0,148.428814
7,119,1388.0,148.47,1388.000015,148.470339
7,120,1390.0,148.499,1390.000015,148.499485
7,121,1392.0,148.518,1392.000015,148.517689
7,122,1394.0,148.53,1394.0,148.529734
7,123,1396.0,148.549,1396.000015,148.548691
7,124,1398.0,148.583,1398.000015,148.582512
7,125,1400.0,148.629,1400.0,148.628708
7,126,1402.0,148.686,1402.000015,148.685659
7,127,1404.0,148.755,1404.000015,148.755377
7,128,1406.0,148.841,1406.000031,148.841469
7,129,1408.0,148.938,1408.0,148.937893
7,130,1410.0,149.027,1410.000031,149.027292
7,131,1412.0,149.095,1412.0,149.094559
7,132,1414.0,149.14,1414.000031,149.140211
7,133,1416.0,149.175,1416.0,149.17519
7,134,1418.0,149.211,1418.0,149.210932
7,135,1420.0,149.257,1420.000031,149.257351
7,136,1422.0,149.318,1422.0,149.318485
7,137,1424.0,149.393,1424.000031,149.393419
7,138,1426.0,149.474,1426.0,149.474394
7,139,1428.0,149.557,1428.000031,149.556711
7,140,1430.0,149.639,1430.0,149.639423
7,141,1432.0,149.722,1432.0,149.722479
7,142,1434.0,149.807,1434.000031,149.806612
7,143,1436.0,149.891,1436.0,149.891003
7,144,1438.0,149.977,1438.000031,149.976805
7,145,1440.0,150.063,1440.0,150.062899
7,146,1442.0,150.144,1442.000031,150.144144
7,147,1444.0,150.217,1444.0,150.216589
7,148,1446.0,150.278,1446.0,150.278421
7,149,1448.0,150.332,1448.000031,150.331705
7,150,1450.0,150.385,1450.0,150.385128
7,151,1452.0,150.446,1452.000031,150.445612
7,152,1454.0,150.511,1454.0,150.511358
7,153,1456.0,150.574,1456.000031,150.574141
7,154,1458.0,150.625,1458.0,150.625355
7,155,1460.0,150.672,1460.000031,150.672218
7,156,1462.0,150.721,1462.0,150.721281
7,157,1464.0,150.768,1464.0,150.767799
7,158,1466.0,150.804,1466.000031,150.803598
7,159,1468.0,150.828,1468.0,150.828405
7,160,1470.0,150.856,1470.000031,150.855555
7,161,1472.0,150.897,1472.0,150.896921
7,162,1474.0,150.951,1474.000031,150.951284
7,163,1476.0,151.01,1476.0,151.010374
7,164,1478.0,151.074,1478.0,151.073887
7,165,1480.0,151.147,1480.000031,151.147015
7,166,1482.0,151.232,1482.0,151.232153
7,167,1484.0,151.323,1484.000031,151.323065
7,168,1486.0,151.4,1486.0,151.39975
7,169,1488.0,151.446,1488.000031,151.445524
7,170,1490.0,151.466,1490.0,151.46586
7,171,1492.0,151.478,1492.0,151.4776
7,172,1494.0,151.5,1494.000031,151.499752
7,173,1496.0,151.536,1496.0,151.535995
7,174,1498.0,151.567,1498.000031,151.566568
7,175,1500.0,151.581,1500.000031,151.580688
7,176,1502.0,151.604,1502.000031,151.603539
7,177,1504.0,151.678,1504.0,151.677551
7,178,1506.0,151.839,1506.0,151.838581
7,179,1508.0,152.06,1508.000031,152.059933
7,180,1510.0,152.262,1510.000031,152.261803
7,181,1512.0,152.431,1512.0,152.431263
7,182,1515.143,152.983,1515.142883,152.982784
7,183,1518.286,153.275,1518.285706,153.275326
7,184,1521.429,153.493,1521.428619,153.492649
7,185,1524.0,153.462,1524.000031,153.4617
7,186,1526.0,153.357,1526.0,153.35677
7,187,1527.857,153.379,1527.857147,153.379192
7,188,1529.143,153.379,1529.142853,153.379318
8,0,1311.857,152.117,1311.857162,152.117081
8,1,1313.143,152.136,1313.142853,152.135883
8,2,1315.0,152.146,1315.0,152.146145
8,3,1317.0,152.146,1317.000015,152.145641
8,4,1319.0,152.131,1319.0,152.130539
8,5,1321.0,152.109,1321.000015,152.109135
8,6,1323.0,152.078,1323.0,152.07811
8,7,1325.0,152.032,1325.000015,152.031807
8,8,1327.0,151.989,1327.000015,151.988903
8,9,1329.0,151.98,1329.0,151.980379
8,10,1331.0,152.011,1331.000015,152.010914
8,11,1333.0,152.063,1333.000015,152.063271
8,12,1335.0,152.118,1335.000015,152.117546
8,13,1337.0,152.143,1337.0,152.142891
8,14,1339.0,152.143,1339.000015,152.142918
8,15,1341.857,152.265,1341.857132,152.265087
8,16,1344.714,152.4,1344.714294,152.400089
8,17,1347.571,152.543,1347.571442,152.543179
8,18,1350.0,152.612,1350.000015,152.611813
8,19,1352.0,152.581,1352.000015,152.580933
8,20,1354.0,152.48,1354.000015,152.479721
8,21,1358.143,152.35,1358.142868,152.349728
8,22,1364.429,152.384,1364.428574,152.384186
8,23,1370.714,152.501,1370.714294,152.500595
8,24,1377.0,152.765,1377.000015,152.765373
8,25,1379.0,152.828,1379.0,152.828373
8,26,1381.0,152.774,1381.000015,152.773598
8,27,1383.0,152.678,1383.000015,152.677742
8,28,1385.0,152.709,1385.000015,152.708805
8,29,1387.0,152.844,1387.0,152.844116
8,30,1389.143,153.009,1389.142883,153.008671
8,31,1391.429,153.259,1391.428589,153.259304
8,32,1393.714,153.424,1393.714294,153.423573
8,33,1396.0,153.667,1396.000015,153.666672
8,34,1398.0,153.726,1398.000015,153.725574
8,35,1400.0,153.749,1400.0,153.748924
8,36,1402.0,153.755,1402.000015,153.755474
8,37,1404.0,153.795,1404.000015,153.79459
8,38,1409.429,154.041,1409.428589,154.041046
8,39,1418.286,154.434,1418.285706,154.43399
8,40,1427.143,154.848,1427.142883,154.847843
8,41,1436.0,155.24,1436.0,155.240097
8,42,1438.0,155.374,1438.000031,155.374115
8,43,1440.0,155.508,1440.0,155.507679
8,44,1442.0,155.628,1442.000031,155.627972
8,45,1444.0,155.711,1444.0,155.710567
8,46,1446.0,155.756,1446.0,155.75597
8,47,1448.0,155.774,1448.000031,155.773941
8,48,1450.0,155.787,1450.0,155.786556
8,49,1452.0,155.818,1452.000031,155.818066
8,50,1454.0,155.846,1454.0,155.84605
8,51,1456.429,155.846,1456.428619,155.845619
8,52,1459.286,155.862,1459.285736,155.861961
8,53,1462.143,155.908,1462.142883,155.907974
8,54,1465.0,155.989,1465.0,155.988552
8,55,1467.0,156.065,1467.000031,156.064892
8,56,1469.0,156.128,1469.0,156.128464
8,57,1471.0,156.195,1471.0,156.194843
8,58,1473.0,156.246,1473.000031,156.245785
8,59,1475.0,156.268,1475.0,156.268227
8,60,1476.857,156.261,1476.857178,156.260811
8,61,1478.143,156.243,1478.142883,156.242584
9,0,1150.857,159.055,1150.857143,159.055218
9,1,1152.143,159.079,1152.142857,159.079281
9,2,1154.0,159.096,1154.0,159.095913
9,3,1156.0,159.094,1156.0,159.093544
9,4,1158.0,159.074,1158.0,159.073566
9,5,1160.0,159.063,1160.000001,159.062599
9,6,1162.0,159.08,1162.000001,159.080051
9,7,1164.0,159.12,1164.000001,159.120041
9,8,1166.0,159.163,1166.0,159.162903
9,9,1168.0,159.195,1168.000002,159.194614
9,10,1170.0,159.21,1170.000002,159.209835
9,11,1172.0,159.214,1172.0,159.214489
9,12,1174.0,159.221,1174.000002,159.221176
9,13,1176.0,159.235,1176.0,159.235477
9,14,1178.0,159.265,1178.000002,159.265392
9,15,1180.0,159.324,1180.000002,159.323765
9,16,1182.0,159.413,1182.000004,159.413185
9,17,1184.0,159.497,1184.0,159.497364
9,18,1186.0,159.541,1186.000004,159.541157
9,19,1188.0,159.517,1188.0,159.516907
9,20,1190.0,159.423,1190.000004,159.423084
9,21,1192.0,159.31,1192.000004,159.309872
9,22,1194.0,159.167,1194.000004,159.166557
9,23,1196.0,159.026,1196.0,159.025536
9,24,1198.0,158.978,1198.0,158.978104
9,25,1200.0,159.066,1200.000004,159.066299
9,26,1202.0,159.331,1202.000004,159.331314
9,27,1204.0,159.68,1204.0,159.680309
9,28,1206.0,160.038,1206.000004,160.037525
9,29,1208.0,160.394,1208.000004,160.39362
9,30,1210.0,160.677,1210.000004,160.676888
9,31,1212.0,160.884,1212.0,160.884441
9,32,1214.0,160.981,1214.0,160.981388
9,33,1216.0,161.021,1216.0,161.020668
9,34,1218.0,161.059,1218.0,161.059494
9,35,1220.0,161.111,1220.0,161.111111
9,36,1222.0,161.169,1222.000008,161.169128
9,37,1224.0,161.226,1224.000008,161.226223
9,38,1226.0,161.252,1226.0,161.252285
9,39,1228.0,161.217,1228.0,161.217426
9,40,1230.0,161.133,1230.0,161.133488
9,41,1232.0,161.022,1232.000008,161.021645
9,42,1234.0,160.93,1234.0,160.929714
9,43,1236.0,160.871,1236.0,160.870922
9,44,1238.0,160.886,1238.000008,160.886089
9,45,1240.0,161.061,1240.0,161.060677
9,46,1242.0,161.357,1242.0,161.356583
9,47,1244.0,161.697,1244.000008,161.696903
9,48,1246.0,161.992,1246.000008,161.991714
9,49,1248.0,162.222,1248.000008,162.221863
9,50,1250.0,162.42,1250.0,162.42028
9,51,1252.0,162.526,1252.000008,162.526352
9,52,1254.0,162.513,1254.000008,162.512913
9,53,1256.0,162.463,1256.0,162.46331
9,54,1258.0,162.464,1258.000008,162.463551
9,55,1260.0,162.442,1260.000008,162.441643
9,56,1262.0,162.374,1262.000008,162.373562
9,57,1264.0,162.252,1264.0,162.251701
9,58,1266.0,162.215,1266.000008,162.215229
9,59,1268.0,162.31,1268.000008,162.309723
9,60,1270.0,162.453,1270.0,162.45348
9,61,1272.0,162.575,1272.0,162.575184
9,62,1274.0,162.675,1274.000008,162.675014
9,63,1276.0,162.79,1276.000008,162.789906
9,64,1278.0,162.963,1278.0,162.963253
9,65,1280.0,163.176,1280.000015,163.175961
9,66,1282.0,163.39,1282.000015,163.390293
9,67,1284.0,163.599,1284.0,163.599205
9,68,1286.0,163.791,1286.0,163.791004
9,69,1288.0,163.975,1288.0,163.97522
9,70,1290.0,164.063,1290.0,164.06319
9,71,1292.0,163.915,1292.0,163.914528
9,72,1294.0,163.57,1294.000015,163.570332
9,73,1296.0,163.165,1296.000015,163.164879
9,74,1298.0,162.881,1298.0,162.881363
9,75,1300.0,162.806,1300.0,162.806011
9,76,1302.0,162.919,1302.0,162.919243
9,77,1304.0,162.987,1304.000015,162.987427
9,78,1306.0,162.883,1306.0,162.882607
9,79,1308.0,162.656,1308.0,162.656319
9,80,1310.0,162.424,1310.000015,162.423717
9,81,1312.0,162.434,1312.0,162.433514
9,82,1314.0,162.746,1314.0,162.746021
9,83,1316.0,163.216,1316.0,163.216465
9,84,1318.0,163.61,1318.000015,163.61039
9,85,1320.0,163.858,1320.000015,163.857685
9,86,1322.0,163.933,1322.0,163.933342
9,87,1324.0,163.995,1324.000015,163.994881
9,88,1326.0,164.027,1326.0,164.026524
9,89,1328.0,163.972,1328.000015,163.972424
9,90,1330.0,163.786,1330.0,163.785847
9,91,1332.0,163.553,1332.000015,163.553108
9,92,1334.0,163.452,1334.0,163.451859
9,93,1336.0,163.527,1336.000015,163.527164
9,94,1338.0,163.682,1338.000015,163.682129
9,95,1340.0,163.859,1340.000015,163.858837
9,96,1342.0,164.016,1342.000015,164.01622
9,97,1344.0,164.206,1344.0,164.20575
9,98,1346.0,164.431,1346.000015,164.431183
9,99,1348.0,164.606,1348.0,164.605827
9,100,1350.0,164.673,1350.000015,164.673004
9,101,1352.0,164.693,1352.000015,164.692802
9,102,1354.0,164.717,1354.000015,164.71666
9,103,1356.0,164.762,1356.000015,164.762482
9,104,1358.0,164.829,1358.0,164.829201
9,105,1360.0,164.891,1360.000015,164.890663
9,106,1362.0,164.884,1362.0,164.883949
9,107,1364.0,164.736,1364.000015,164.736103
9,108,1366.0,164.427,1366.000015,164.427444
9,109,1368.0,164.059,1368.000015,164.059105
9,110,1370.0,163.752,1370.000015,163.752209
9,111,1372.0,163.539,1372.0,163.53941
9,112,1374.0,163.401,1374.000015,163.400928
9,113,1376.0,163.263,1376.000015,163.262981
9,114,1378.0,163.128,1378.000015,163.127846
9,115,1380.0,163.036,1380.0,163.036118
9,116,1382.0,163.008,1382.000015,163.008198
9,117,1384.0,163.032,1384.000015,163.031872
9,118,1386.0,163.108,1386.0,163.108032
9,119,1388.0,163.339,1388.000015,163.338699
9,120,1390.0,164.073,1390.000015,164.072845
9,121,1392.0,164.801,1392.000015,164.800888
9,122,1394.0,165.428,1394.0,165.428104
9,123,1396.0,165.529,1396.000015,165.528736
9,124,1398.0,165.291,1398.000015,165.291451
9,125,1400.0,165.036,1400.0,165.035664
9,126,1402.0,164.881,1402.000015,164.880928
9,127,1404.0,164.709,1404.000015,164.708664
9,128,1406.0,164.558,1406.000031,164.558498
9,129,1408.0,164.371,1408.0,164.37064
9,130,1410.0,164.241,1410.000031,164.24123
9,131,1412.0,164.253,1412.0,164.253372
9,132,1414.0,164.479,1414.000031,164.479412
9,133,1416.0,164.887,1416.0,164.887226
9,134,1418.0,165.22,1418.0,165.220181
9,135,1420.0,165.402,1420.000031,165.40155
9,136,1422.0,165.371,1422.0,165.37067
9,137,1424.0,165.328,1424.000031,165.328487
9,138,1426.0,165.372,1426.0,165.372284
9,139,1428.0,165.377,1428.000031,165.376881
9,140,1430.0,165.292,1430.0,165.291618
9,141,1432.0,165.184,1432.0,165.183788
9,142,1434.0,165.131,1434.000031,165.130695
9,143,1436.0,165.157,1436.0,165.156906
9,144,1438.0,165.216,1438.000031,165.215611
9,145,1440.0,165.259,1440.0,165.259178
9,146,1442.0,165.276,1442.000031,165.276031
9,147,1444.0,165.304,1444.0,165.304058
9,148,1446.0,165.402,1446.0,165.402298
9,149,1448.0,165.573,1448.000031,165.573479
9,150,1450.0,165.796,1450.0,165.796326
9,151,1452.0,165.995,1452.000031,165.994831
9,152,1454.0,166.114,1454.0,166.11385
9,153,1456.0,166.19,1456.000031,166.189587
9,154,1458.0,166.331,1458.0,166.331337
9,155,1460.0,166.592,1460.000031,166.591705
9,156,1462.0,166.942,1462.0,166.942032
9,157,1464.0,167.352,1464.0,167.351822
9,158,1466.0,167.673,1466.000031,167.673302
9,159,1468.0,167.675,1468.0,167.674873
9,160,1470.0,167.193,1470.000031,167.192516
9,161,1472.0,166.605,1472.0,166.604797
9,162,1474.0,166.188,1474.000031,166.188026
9,163,1476.0,166.286,1476.0,166.286198
9,164,1478.0,166.551,1478.0,166.551437
9,165,1480.0,166.721,1480.000031,166.720997
9,166,1482.0,166.832,1482.0,166.832466
9,167,1484.0,167.022,1484.000031,167.021904
9,168,1486.0,167.319,1486.0,167.318951
9,169,1488.0,167.639,1488.000031,167.639034
9,170,1490.0,167.895,1490.0,167.895275
9,171,1492.0,168.073,1492.0,168.072647
9,172,1494.0,168.231,1494.000031,168.230667
9,173,1496.0,168.413,1496.0,168.413223
9,174,1498.0,168.864,1498.000031,168.864117
9,175,1500.0,169.18,1500.000031,169.180023
9,176,1502.0,169.075,1502.000031,169.075096
9,177,1504.0,168.821,1504.0,168.821445
9,178,1506.0,168.109,1506.0,168.108959
9,179,1508.0,168.059,1508.000031,168.058556
9,180,1510.0,168.088,1510.000031,168.087601
9,181,1512.0,168.175,1512.0,168.174568
9,182,1514.0,168.348,1514.000031,168.347706
9,183,1516.0,168.672,1516.000031,168.671783
9,184,1518.0,169.264,1518.0,169.263885
9,185,1521.571,170.836,1521.571442,170.835922
9,186,1524.571,172.251,1524.571442,172.250805
10,0,1150.857,174.085,1150.857143,174.085102
10,1,1152.143,174.069,1152.142857,174.068607
10,2,1154.0,174.029,1154.0,174.02906
10,3,1156.0,173.957,1156.0,173.956539
10,4,1158.0,173.897,1158.0,173.897053
10,5,1160.0,173.917,1160.000001,173.917343
10,6,1162.0,174.037,1162.000001,174.03709
10,7,1164.0,174.215,1164.000001,174.214832
10,8,1166.0,174.378,1166.0,174.377689
10,9,1168.0,174.496,1168.000002,174.49577
10,10,1170.0,174.586,1170.000002,174.585556
10,11,1172.0,174.656,1172.0,174.655621
10,12,1174.0,174.697,1174.000002,174.696575
10,13,1176.0,174.718,1176.0,174.717522
10,14,1178.0,174.722,1178.000002,174.721764
10,15,1180.0,174.704,1180.000002,174.70393
10,16,1182.0,174.663,1182.000004,174.662788
10,17,1184.0,174.618,1184.0,174.618076
10,18,1186.0,174.619,1186.000004,174.618679
10,19,1188.0,174.687,1188.0,174.686661
10,20,1190.0,174.78,1190.000004,174.779545
10,21,1192.0,174.807,1192.000004,174.806709
10,22,1194.0,174.527,1194.000004,174.526585
10,23,1196.286,174.255,1196.285713,174.254551
10,24,1198.857,174.525,1198.857147,174.524899
10,25,1201.429,175.02,1201.428574,175.020069
10,26,1204.0,175.929,1204.0,175.929062
10,27,1206.0,176.204,1206.000004,176.204266
10,28,1208.0,176.351,1208.000004,176.35067
10,29,1210.0,176.452,1210.000004,176.451519
10,30,1212.0,176.516,1212.0,176.515865
10,31,1214.0,176.48,1214.0,176.47998
10,32,1216.0,176.362,1216.0,176.361866
10,33,1218.0,176.232,1218.0,176.231804
10,34,1220.0,176.142,1220.0,176.141781
10,35,1222.0,176.14,1222.000008,176.140244
10,36,1224.0,176.196,1224.000008,176.196445
10,37,1226.0,176.258,1226.0,176.25808
10,38,1228.0,176.286,1228.0,176.286034
10,39,1230.0,176.21,1230.0,176.210411
10,40,1232.0,176.026,1232.000008,176.026257
10,41,1234.0,175.79,1234.0,175.790409
10,42,1236.0,175.552,1236.0,175.551804
10,43,1238.0,175.358,1238.000008,175.358002
10,44,1240.0,175.219,1240.0,175.21867
10,45,1242.0,175.128,1242.0,175.128014
10,46,1244.0,175.061,1244.000008,175.06089
10,47,1246.0,174.992,1246.000008,174.991905
10,48,1248.0,174.942,1248.000008,174.942207
10,49,1250.0,175.037,1250.0,175.037159
10,50,1252.0,175.307,1252.000008,175.307404
10,51,1254.0,175.68,1254.000008,175.679874
10,52,1256.0,175.989,1256.0,175.989059
10,53,1258.0,176.085,1258.000008,176.084686
10,54,1260.0,176.078,1260.000008,176.078167
10,55,1262.0,176.108,1262.000008,176.107815
10,56,1264.0,176.216,1264.0,176.215626
10,57,1266.0,176.352,1266.000008,176.351948
10,58,1268.0,176.45,1268.000008,176.449539
10,59,1270.0,176.503,1270.0,176.502972
10,60,1272.0,176.552,1272.0,176.552002
10,61,1274.0,176.642,1274.000008,176.6418
10,62,1276.0,176.887,1276.000008,176.887436
10,63,1278.0,177.303,1278.0,177.303005
10,64,1280.0,177.771,1280.000015,177.771187
10,65,1282.0,178.16,1282.000015,178.160381
10,66,1284.0,178.316,1284.0,178.315754
10,67,1286.0,178.328,1286.0,178.327553
10,68,1288.0,178.294,1288.0,178.293789
10,69,1290.0,178.262,1290.0,178.26152
10,70,1292.0,178.239,1292.0,178.239246
10,71,1294.0,178.212,1294.000015,178.2117
10,72,1296.0,178.183,1296.000015,178.182652
10,73,1298.0,178.17,1298.0,178.170017
10,74,1300.0,178.182,1300.0,178.181732
10,75,1302.0,178.223,1302.0,178.22258
10,76,1304.0,178.26,1304.000015,178.26017
10,77,1306.0,178.173,1306.0,178.172997
10,78,1308.0,177.535,1308.0,177.534927
10,79,1310.0,176.581,1310.000015,176.58073
10,80,1312.0,175.977,1312.0,175.976723
10,81,1314.0,175.767,1314.0,175.767334
10,82,1316.0,176.097,1316.0,176.09745
10,83,1318.0,176.295,1318.000015,176.294735
10,84,1320.0,176.143,1320.000015,176.143299
10,85,1322.0,175.957,1322.0,175.957035
10,86,1324.0,175.916,1324.000015,175.915897
10,87,1326.0,176.053,1326.0,176.052841
10,88,1328.0,176.587,1328.000015,176.587376
10,89,1330.0,177.39,1330.0,177.38966
10,90,1332.0,178.114,1332.000015,178.114471
10,91,1334.0,178.575,1334.0,178.574963
10,92,1336.0,178.59,1336.000015,178.589725
10,93,1338.0,178.477,1338.000015,178.476944
10,94,1340.0,178.341,1340.000015,178.341316
10,95,1342.0,178.188,1342.000015,178.188091
10,96,1344.0,178.012,1344.0,178.012077
10,97,1346.0,177.767,1346.000015,177.766582
10,98,1348.571,177.974,1348.571426,177.973961
10,99,1351.143,178.329,1351.142868,178.328869
10,100,1353.714,178.789,1353.714294,178.788948
10,101,1356.0,179.22,1356.000015,179.220116
10,102,1358.0,179.384,1358.0,179.384071
10,103,1360.0,179.495,1360.000015,179.495193
10,104,1362.0,179.589,1362.0,179.589478
10,105,1364.0,179.658,1364.000015,179.658035
10,106,1366.0,179.684,1366.000015,179.684025
10,107,1368.0,179.652,1368.000015,179.651501
10,108,1370.0,179.572,1370.000015,179.571915
10,109,1372.0,179.466,1372.0,179.465538
10,110,1374.0,179.362,1374.000015,179.361843
10,111,1376.0,179.319,1376.000015,179.318806
10,112,1378.0,179.396,1378.000015,179.396118
10,113,1380.0,179.603,1380.0,179.60265
10,114,1382.0,179.879,1382.000015,179.87928
10,115,1384.0,180.119,1384.000015,180.119404
10,116,1386.0,180.289,1386.0,180.288574
10,117,1388.0,180.398,1388.000015,180.397903
10,118,1390.0,180.465,1390.000015,180.464668
10,119,1392.0,180.5,1392.000015,180.499756
10,120,1394.0,180.513,1394.0,180.512966
10,121,1396.0,180.514,1396.000015,180.514378
10,122,1398.0,180.513,1398.000015,180.513279
10,123,1400.0,180.512,1400.0,180.511551
10,124,1402.0,180.5,1402.000015,180.500317
10,125,1404.0,180.449,1404.000015,180.448822
10,126,1406.0,180.31,1406.000031,180.310432
10,127,1408.0,180.118,1408.0,180.117844
10,128,1410.0,179.948,1410.000031,179.947659
10,129,1412.0,179.865,1412.0,179.865173
10,130,1414.0,179.924,1414.000031,179.924347
10,131,1416.0,180.069,1416.0,180.068909
10,132,1418.0,180.254,1418.0,180.253937
10,133,1420.0,180.433,1420.000031,180.432957
10,134,1422.0,180.56,1422.0,180.560471
10,135,1424.0,180.629,1424.000031,180.629387
10,136,1426.0,180.674,1426.0,180.67366
10,137,1428.0,180.76,1428.000031,180.760132
10,138,1430.0,180.916,1430.0,180.915741
10,139,1432.0,181.102,1432.0,181.102474
10,140,1434.0,181.253,1434.000031,181.253284
10,141,1436.0,181.321,1436.0,181.321167
10,142,1438.0,181.326,1438.000031,181.326324
10,143,1440.0,181.31,1440.0,181.310005
10,144,1442.0,181.318,1442.000031,181.31797
10,145,1444.0,181.532,1444.0,181.53183
10,146,1446.0,182.006,1446.0,182.006222
10,147,1448.0,182.535,1448.000031,182.53474
10,148,1450.0,182.94,1450.0,182.940319
10,149,1452.0,182.895,1452.000031,182.895046
10,150,1454.0,182.612,1454.0,182.612312
10,151,1456.0,182.309,1456.000031,182.30851
10,152,1458.0,182.108,1458.0,182.108437
10,153,1460.0,182.062,1460.000031,182.061657
10,154,1462.0,182.045,1462.0,182.044632
10,155,1464.0,182.027,1464.0,182.026825
10,156,1466.0,182.012,1466.000031,182.012016
10,157,1468.0,182.016,1468.0,182.015759
10,158,1470.0,182.094,1470.000031,182.093739
10,159,1472.0,182.3,1472.0,182.300026
10,160,1474.0,182.526,1474.000031,182.526218
10,161,1476.0,182.74,1476.0,182.7397
10,162,1478.0,182.914,1478.0,182.913609
10,163,1480.0,183.087,1480.000031,183.086609
10,164,1482.0,183.24,1482.0,183.240261
10,165,1484.0,183.408,1484.000031,183.408203
10,166,1486.0,183.651,1486.0,183.650833
10,167,1488.0,184.012,1488.000031,184.012344
10,168,1490.0,184.476,1490.0,184.475548
10,169,1492.0,184.918,1492.0,184.918098
10,170,1494.0,185.269,1494.000031,185.26899
10,171,1496.0,185.523,1496.0,185.523247
10,172,1498.0,185.575,1498.000031,185.575287
10,173,1500.0,185.305,1500.000031,185.305328
10,174,1502.0,184.882,1502.000031,184.881737
10,175,1504.0,184.772,1504.0,184.772339
10,176,1506.0,185.18,1506.0,185.180031
10,177,1508.0,185.838,1508.000031,185.837875
10,178,1510.0,186.48,1510.000031,186.480331
10,179,1511.857,186.744,1511.857147,186.744461
10,180,1513.143,186.854,1513.142883,186.854065
11,0,1150.857,183.887,1150.857143,183.887497
11,1,1152.143,183.907,1152.142857,183.907246
11,2,1154.0,183.94,1154.0,183.940239
11,3,1156.0,183.992,1156.0,183.991676
11,4,1158.0,184.061,1158.0,184.06144
11,5,1160.0,184.138,1160.000001,184.137802
11,6,1162.0,184.202,1162.000001,184.202377
11,7,1164.0,184.247,1164.000001,184.247108
11,8,1166.0,184.283,1166.0,184.282501
11,9,1168.0,184.322,1168.000002,184.321968
11,10,1170.0,184.363,1170.000002,184.363464
11,11,1172.0,184.398,1172.0,184.397781
11,12,1174.0,184.425,1174.000002,184.424744
11,13,1176.0,184.451,1176.0,184.450928
11,14,1178.0,184.479,1178.000002,184.478676
11,15,1180.0,184.506,1180.000002,184.505882
11,16,1182.0,184.534,1182.000004,184.534355
11,17,1184.0,184.567,1184.0,184.566841
11,18,1186.0,184.6,1186.000004,184.600403
11,19,1188.0,184.624,1188.0,184.62426
11,20,1190.0,184.634,1190.000004,184.633621
11,21,1192.0,184.652,1192.000004,184.651604
11,22,1194.0,184.706,1194.000004,184.706161
11,23,1196.0,184.791,1196.0,184.790932
11,24,1198.0,184.89,1198.0,184.88974
11,25,1200.0,185.015,1200.000004,185.014656
11,26,1202.0,185.173,1202.000004,185.173157
11,27,1204.0,185.338,1204.0,185.338478
11,28,1206.0,185.473,1206.000004,185.472778
11,29,1208.0,185.553,1208.000004,185.552811
11,30,1210.0,185.607,1210.000004,185.606728
11,31,1212.0,185.666,1212.0,185.665993
11,32,1214.0,185.719,1214.0,185.719475
11,33,1216.0,185.75,1216.0,185.749603
11,34,1218.0,185.761,1218.0,185.76136
11,35,1220.0,185.766,1220.0,185.766266
11,36,1222.0,185.773,1222.000008,185.773186
11,37,1224.0,185.787,1224.000008,185.787041
11,38,1226.0,185.807,1226.0,185.807388
11,39,1228.0,185.834,1228.0,185.833946
11,40,1230.0,185.863,1230.0,185.862671
11,41,1232.0,185.89,1232.000008,185.889694
11,42,1234.0,185.913,1234.0,185.912926
11,43,1236.0,185.927,1236.0,185.927422
11,44,1238.0,185.931,1238.000008,185.93132
11,45,1240.0,185.929,1240.0,185.928894
11,46,1242.0,185.928,1242.0,185.928452
11,47,1244.0,185.941,1244.000008,185.941368
11,48,1246.0,185.972,1246.000008,185.972397
11,49,1248.0,186.011,1248.000008,186.010704
11,50,1250.0,186.042,1250.0,186.042198
11,51,1252.0,186.061,1252.000008,186.061394
11,52,1254.0,186.076,1254.000008,186.076431
11,53,1256.0,186.108,1256.0,186.107719
11,54,1258.0,186.175,1258.000008,186.174622
11,55,1260.0,186.286,1260.000008,186.286301
11,56,1262.0,186.426,1262.000008,186.425957
11,57,1264.0,186.56,1264.0,186.559502
11,58,1266.0,186.661,1266.000008,186.661072
11,59,1268.0,186.73,1268.000008,186.729965
11,60,1270.0,186.786,1270.0,186.785759
11,61,1272.0,186.838,1272.0,186.837769
11,62,1274.0,186.887,1274.000008,186.887169
11,63,1276.0,186.943,1276.000008,186.942665
11,64,1278.0,187.015,1278.0,187.015259
11,65,1280.0,187.109,1280.000015,187.108772
11,66,1282.0,187.213,1282.000015,187.213158
11,67,1284.0,187.306,1284.0,187.305908
11,68,1286.0,187.376,1286.0,187.376343
11,69,1288.0,187.43,1288.0,187.429611
11,70,1290.0,187.481,1290.0,187.481163
11,71,1292.0,187.546,1292.0,187.546379
11,72,1294.0,187.624,1294.000015,187.624344
11,73,1296.0,187.699,1296.000015,187.698715
11,74,1298.0,187.758,1298.0,187.757774
11,75,1300.0,187.807,1300.0,187.807182
11,76,1302.0,187.866,1302.0,187.866486
11,77,1304.0,187.948,1304.000015,187.947784
11,78,1306.0,188.051,1306.0,188.050697
11,79,1308.0,188.193,1308.0,188.193054
11,80,1310.0,188.387,1310.000015,188.387093
11,81,1312.0,188.592,1312.0,188.592224
11,82,1314.0,188.769,1314.0,188.769173
11,83,1316.0,188.879,1316.0,188.879364
11,84,1318.0,188.951,1318.000015,188.950722
11,85,1320.0,189.034,1320.000015,189.034157
11,86,1322.0,189.139,1322.0,189.139374
11,87,1324.0,189.246,1324.000015,189.246223
11,88,1326.0,189.328,1326.0,189.327995
11,89,1328.0,189.376,1328.000015,189.375854
11,90,1330.0,189.393,1330.0,189.393242
11,91,1332.0,189.39,1332.000015,189.38987
11,92,1334.0,189.371,1334.0,189.370796
11,93,1336.0,189.347,1336.000015,189.346718
11,94,1338.0,189.355,1338.000015,189.355217
11,95,1340.0,189.425,1340.000015,189.425079
11,96,1342.0,189.544,1342.000015,189.543549
11,97,1344.0,189.677,1344.0,189.676933
11,98,1346.0,189.78,1346.000015,189.779648
11,99,1348.0,189.84,1348.0,189.840118
11,100,1350.0,189.881,1350.000015,189.880775
11,101,1352.0,189.935,1352.000015,189.934616
11,102,1354.0,190.025,1354.000015,190.025063
11,103,1356.0,190.147,1356.000015,190.147446
11,104,1358.0,190.268,1358.0,190.268463
11,105,1360.0,190.355,1360.000015,190.354553
11,106,1362.0,190.405,1362.0,190.405281
11,107,1364.0,190.449,1364.000015,190.44857
11,108,1366.0,190.507,1366.000015,190.507202
11,109,1368.0,190.581,1368.000015,190.581322
11,110,1370.0,190.661,1370.000015,190.66069
11,111,1372.0,190.733,1372.0,190.733307
11,112,1374.0,190.796,1374.000015,190.795868
11,113,1376.0,190.85,1376.000015,190.849983
11,114,1378.0,190.901,1378.000015,190.900719
11,115,1380.0,190.963,1380.0,190.963448
11,116,1382.0,191.061,1382.000015,191.060661
11,117,1384.0,191.2,1384.000015,191.200165
11,118,1386.0,191.362,1386.0,191.361717
11,119,1388.0,191.517,1388.000015,191.516983
11,120,1390.0,191.65,1390.000015,191.649925
11,121,1392.0,191.757,1392.000015,191.757454
11,122,1394.0,191.846,1394.0,191.845573
11,123,1396.0,191.916,1396.000015,191.915565
11,124,1398.0,191.972,1398.000015,191.971634
11,125,1400.0,192.019,1400.0,192.018684
11,126,1402.0,192.058,1402.000015,192.057762
11,127,1404.0,192.091,1404.000015,192.090546
11,128,1406.0,192.121,1406.000031,192.120819
11,129,1408.0,192.153,1408.0,192.152985
11,130,1410.0,192.191,1410.000031,192.190887
11,131,1412.0,192.251,1412.0,192.251244
11,132,1414.0,192.362,1414.000031,192.362427
11,133,1416.0,192.511,1416.0,192.511047
11,134,1418.0,192.66,1418.0,192.659813
11,135,1420.0,192.769,1420.000031,192.768806
11,136,1422.0,192.83,1422.0,192.830154
11,137,1424.0,192.878,1424.000031,192.877831
11,138,1426.0,192.933,1426.0,192.932556
11,139,1428.0,192.993,1428.000031,192.993057
11,140,1430.0,193.052,1430.0,193.052193
11,141,1432.0,193.112,1432.0,193.112434
11,142,1434.0,193.186,1434.000031,193.186256
11,143,1436.0,193.293,1436.0,193.292534
11,144,1438.0,193.433,1438.000031,193.433083
11,145,1440.0,193.579,1440.0,193.578926
11,146,1442.0,193.705,1442.000031,193.705109
11,147,1444.0,193.792,1444.0,193.79174
11,148,1446.0,193.846,1446.0,193.845909
11,149,1448.0,193.883,1448.000031,193.883255
11,150,1450.0,193.913,1450.0,193.913353
11,151,1452.0,193.952,1452.000031,193.951859
11,152,1454.0,194.011,1454.0,194.011414
11,153,1456.0,194.091,1456.000031,194.09053
11,154,1458.0,194.184,1458.0,194.183754
11,155,1460.0,194.293,1460.000031,194.292778
11,156,1462.0,194.425,1462.0,194.425041
11,157,1464.0,194.561,1464.0,194.561043
11,158,1466.0,194.671,1466.000031,194.670616
11,159,1468.0,194.723,1468.0,194.723145
11,160,1470.0,194.724,1470.000031,194.723839
11,161,1472.0,194.716,1472.0,194.715752
11,162,1474.0,194.73,1474.000031,194.730247
11,163,1476.0,194.776,1476.0,194.776314
11,164,1478.0,194.841,1478.0,194.841393
11,165,1480.0,194.907,1480.000031,194.906845
11,166,1482.0,194.976,1482.0,194.9758
11,167,1484.0,195.066,1484.000031,195.066322
11,168,1486.0,195.184,1486.0,195.184402
11,169,1488.0,195.313,1488.000031,195.313248
11,170,1490.0,195.43,1490.0,195.430153
11,171,1492.0,195.519,1492.0,195.519478
11,172,1494.0,195.586,1494.000031,195.585587
11,173,1496.0,195.643,1496.0,195.642914
11,174,1498.0,195.702,1498.000031,195.701981
11,175,1500.0,195.775,1500.000031,195.775345
11,176,1502.0,195.874,1502.000031,195.874153
11,177,1504.0,195.996,1504.0,195.995796
11,178,1506.0,196.128,1506.0,196.128204
11,179,1508.0,196.254,1508.000031,196.254189
11,180,1510.0,196.364,1510.000031,196.364479
11,181,1512.0,196.465,1512.0,196.465439
11,182,1514.0,196.571,1514.000031,196.571365
11,183,1516.0,196.684,1516.000031,196.683662
11,184,1518.0,196.786,1518.0,196.786308
11,185,1520.0,196.86,1520.0,196.860023
11,186,1522.0,196.893,1522.000031,196.892998
11,187,1524.0,196.894,1524.000031,196.894402
11,188,1526.0,196.888,1526.0,196.888191
11,189,1528.0,196.907,1528.000031,196.907036
11,190,1530.0,197.027,1530.000031,197.027435
11,191,1533.429,197.682,1533.428589,197.682167
11,192,1538.286,198.663,1538.285767,198.662613
11,193,1543.143,199.599,1543.142883,199.59948
11,194,1547.857,200.352,1547.857147,200.351898
11,195,1549.143,200.371,1549.142853,200.370552
12,0,1150.857,194.115,1150.857143,194.114754
12,1,1152.143,194.133,1152.142857,194.133446
12,2,1154.0,194.179,1154.0,194.179283
12,3,1156.0,194.255,1156.0,194.25531
12,4,1158.0,194.339,1158.0,194.339142
12,5,1160.0,194.403,1160.000001,194.402916
12,6,1162.0,194.432,1162.000001,194.431816
12,7,1164.0,194.449,1164.000001,194.448837
12,8,1166.0,194.489,1166.0,194.489388
12,9,1168.0,194.553,1168.000002,194.552948
12,10,1170.0,194.62,1170.000002,194.620323
12,11,1172.0,194.669,1172.0,194.669006
12,12,1174.0,194.699,1174.000002,194.69854
12,13,1176.0,194.722,1176.0,194.722076
12,14,1178.0,194.75,1178.000002,194.749977
12,15,1180.0,194.789,1180.000002,194.788727
12,16,1182.0,194.841,1182.000004,194.841103
12,17,1184.0,194.903,1184.0,194.903389
12,18,1186.0,194.968,1186.000004,194.968353
12,19,1188.0,195.035,1188.0,195.034958
12,20,1190.0,195.114,1190.000004,195.114342
12,21,1192.0,195.234,1192.000004,195.23394
12,22,1194.0,195.408,1194.000004,195.407753
12,23,1196.0,195.561,1196.0,195.560989
12,24,1198.0,195.624,1198.0,195.624428
12,25,1200.0,195.604,1200.000004,195.604065
12,26,1202.0,195.544,1202.000004,195.543747
12,27,1204.0,195.538,1204.0,195.537643
12,28,1206.0,195.601,1206.000004,195.601013
12,29,1208.0,195.683,1208.000004,195.683121
12,30,1210.0,195.758,1210.000004,195.758499
12,31,1212.0,195.817,1212.0,195.817406
12,32,1214.0,195.868,1214.0,195.868385
12,33,1216.0,195.93,1216.0,195.929596
12,34,1218.0,196.001,1218.0,196.001175
12,35,1220.0,196.064,1220.0,196.063553
12,36,1222.0,196.112,1222.000008,196.111656
12,37,1224.0,196.161,1224.000008,196.161324
12,38,1226.0,196.217,1226.0,196.217331
12,39,1228.0,196.268,1228.0,196.268265
12,40,1230.0,196.296,1230.0,196.295883
12,41,1232.0,196.292,1232.000008,196.291931
12,42,1234.0,196.27,1234.0,196.269508
12,43,1236.0,196.25,1236.0,196.250183
12,44,1238.0,196.242,1238.000008,196.242088
12,45,1240.0,196.244,1240.0,196.243752
12,46,1242.0,196.254,1242.0,196.25425
12,47,1244.0,196.281,1244.000008,196.280754
12,48,1246.0,196.347,1246.000008,196.347366
12,49,1248.0,196.473,1248.000008,196.472755
12,50,1250.0,196.644,1250.0,196.643654
12,51,1252.0,196.817,1252.000008,196.817001
12,52,1254.0,196.947,1254.000008,196.947037
12,53,1256.0,197.023,1256.0,197.023331
12,54,1258.0,197.055,1258.000008,197.054771
12,55,1260.0,197.059,1260.000008,197.058907
12,56,1262.0,197.054,1262.000008,197.053673
12,57,1264.0,197.053,1264.0,197.053337
12,58,1266.0,197.065,1266.000008,197.06514
12,59,1268.0,197.089,1268.000008,197.089333
12,60,1270.0,197.125,1270.0,197.124535
12,61,1272.0,197.168,1272.0,197.167938
12,62,1274.0,197.232,1274.000008,197.231979
12,63,1276.0,197.337,1276.000008,197.336838
12,64,1278.0,197.48,1278.0,197.480476
12,65,1280.0,197.63,1280.000015,197.629593
12,66,1282.0,197.746,1282.000015,197.746483
12,67,1284.0,197.793,1284.0,197.793091
12,68,1286.0,197.78,1286.0,197.779739
12,69,1288.0,197.742,1288.0,197.742012
12,70,1290.0,197.71,1290.0,197.70993
12,71,1292.0,197.711,1292.0,197.711067
12,72,1294.0,197.757,1294.000015,197.75708
12,73,1296.0,197.828,1296.000015,197.827705
12,74,1298.0,197.904,1298.0,197.904251
12,75,1300.0,197.98,1300.0,197.980484
12,76,1302.0,198.06,1302.0,198.059563
12,77,1304.0,198.154,1304.000015,198.154343
12,78,1306.0,198.304,1306.0,198.303772
12,79,1308.0,198.551,1308.0,198.551178
12,80,1310.0,198.87,1310.000015,198.869713
12,81,1312.0,199.154,1312.0,199.154495
12,82,1314.0,199.317,1314.0,199.316933
12,83,1316.0,199.331,1316.0,199.330956
12,84,1318.0,199.266,1318.000015,199.266212
12,85,1320.0,199.203,1320.000015,199.20343
12,86,1322.0,199.179,1322.0,199.179489
12,87,1324.0,199.224,1324.000015,199.223579
12,88,1326.0,199.305,1326.0,199.304749
12,89,1328.0,199.355,1328.000015,199.355179
12,90,1330.0,199.357,1330.0,199.356575
12,91,1332.0,199.336,1332.000015,199.336052
12,92,1334.0,199.354,1334.0,199.353645
12,93,1336.0,199.447,1336.000015,199.447464
12,94,1338.0,199.625,1338.000015,199.62513
12,95,1340.0,199.892,1340.000015,199.892052
12,96,1342.0,200.21,1342.000015,200.210152
12,97,1344.0,200.497,1344.0,200.497093
12,98,1346.0,200.686,1346.000015,200.685562
12,99,1348.0,200.774,1348.0,200.774048
12,100,1350.0,200.825,1350.000015,200.824677
12,101,1352.0,200.887,1352.000015,200.887192
12,102,1354.0,200.975,1354.000015,200.974632
12,103,1356.0,201.075,1356.000015,201.075233
12,104,1358.0,201.172,1358.0,201.172478
12,105,1360.0,201.257,1360.000015,201.257423
12,106,1362.0,201.327,1362.0,201.326828
12,107,1364.0,201.387,1364.000015,201.387352
12,108,1366.0,201.449,1366.000015,201.44928
12,109,1368.0,201.512,1368.000015,201.512321
12,110,1370.0,201.58,1370.000015,201.580132
12,111,1372.0,201.66,1372.0,201.659599
12,112,1374.0,201.752,1374.000015,201.751648
12,113,1376.0,201.845,1376.000015,201.845482
12,114,1378.0,201.924,1378.000015,201.924438
12,115,1380.0,201.982,1380.0,201.982269
12,116,1382.0,202.032,1382.000015,202.032135
12,117,1384.0,202.083,1384.000015,202.083321
12,118,1386.0,202.135,1386.0,202.134644
12,119,1388.0,202.184,1388.000015,202.183716
12,120,1390.0,202.229,1390.000015,202.229027
12,121,1392.0,202.268,1392.000015,202.268143
12,122,1394.0,202.298,1394.0,202.297935
12,123,1396.0,202.322,1396.000015,202.321739
12,124,1398.0,202.346,1398.000015,202.345924
12,125,1400.0,202.368,1400.0,202.367683
12,126,1402.0,202.384,1402.000015,202.384483
12,127,1404.0,202.408,1404.000015,202.407715
12,128,1406.0,202.466,1406.000031,202.465508
12,129,1408.0,202.572,1408.0,202.571671
12,130,1410.0,202.714,1410.000031,202.714172
12,131,1412.0,202.867,1412.0,202.866661
12,132,1414.0,203.004,1414.000031,203.00386
12,133,1416.0,203.115,1416.0,203.114723
12,134,1418.0,203.197,1418.0,203.196899
12,135,1420.0,203.259,1420.000031,203.258934
12,136,1422.0,203.315,1422.0,203.314651
12,137,1424.0,203.368,1424.000031,203.367966
12,138,1426.0,203.426,1426.0,203.426071
12,139,1428.0,203.507,1428.000031,203.506859
12,140,1430.0,203.614,1430.0,203.614227
12,141,1432.0,203.732,1432.0,203.732414
12,142,1434.0,203.859,1434.000031,203.858521
12,143,1436.0,204.034,1436.0,204.03447
12,144,1438.0,204.312,1438.000031,204.311691
12,145,1440.0,204.626,1440.0,204.626007
12,146,1442.0,204.892,1442.000031,204.892204
12,147,1444.0,205.043,1444.0,205.042747
12,148,1446.0,205.107,1446.0,205.106789
12,149,1448.0,205.156,1448.000031,205.156418
12,150,1450.0,205.212,1450.0,205.21241
12,151,1452.0,205.273,1452.000031,205.273087
12,152,1454.0,205.336,1454.0,205.336433
12,153,1456.0,205.399,1456.000031,205.399025
12,154,1458.0,205.451,1458.0,205.450554
12,155,1460.0,205.468,1460.000031,205.467628
12,156,1462.0,205.435,1462.0,205.435417
12,157,1464.0,205.37,1464.0,205.369698
12,158,1466.0,205.305,1466.000031,205.305412
12,159,1468.0,205.282,1468.0,205.28183
12,160,1470.0,205.314,1470.000031,205.313591
12,161,1472.0,205.379,1472.0,205.379486
12,162,1474.0,205.455,1474.000031,205.454597
12,163,1476.0,205.536,1476.0,205.535713
12,164,1478.0,205.631,1478.0,205.630882
12,165,1480.0,205.748,1480.000031,205.74791
12,166,1482.0,205.877,1482.0,205.877251
12,167,1484.0,206.004,1484.000031,206.00354
12,168,1486.0,206.122,1486.0,206.122131
12,169,1488.0,206.225,1488.000031,206.224892
12,170,1490.0,206.313,1490.0,206.312935
12,171,1492.0,206.402,1492.0,206.402336
12,172,1494.0,206.5,1494.000031,206.499817
12,173,1496.0,206.604,1496.0,206.603523
12,174,1498.0,206.691,1498.000031,206.690849
12,175,1500.0,206.749,1500.000031,206.749283
12,176,1502.0,206.798,1502.000031,206.798264
12,177,1504.0,206.855,1504.0,206.854897
12,178,1506.0,206.92,1506.0,206.919685
12,179,1508.0,206.986,1508.000031,206.985664
12,180,1510.0,207.05,1510.000031,207.049835
12,181,1512.0,207.125,1512.0,207.125397
12,182,1514.0,207.225,1514.000031,207.225479
12,183,1516.0,207.357,1516.000031,207.357063
12,184,1518.0,207.509,1518.0,207.50898
12,185,1520.0,207.647,1520.0,207.647392
12,186,1522.0,207.753,1522.000031,207.753082
12,187,1524.0,207.829,1524.000031,207.829376
12,188,1526.0,207.894,1526.0,207.894203
12,189,1528.0,207.97,1528.000031,207.969765
12,190,1530.0,208.064,1530.000031,208.064217
12,191,1532.0,208.184,1532.0,208.183723
12,192,1534.0,208.37,1534.0,208.369667
12,193,1536.0,208.669,1536.000031,208.669319
12,194,1538.0,209.055,1538.000031,209.054955
12,195,1540.0,209.423,1540.0,209.422997
12,196,1542.0,209.762,1542.000031,209.762207
12,197,1544.0,210.152,1544.000031,210.151588
12,198,1546.0,210.613,1546.0,210.612762
12,199,1548.0,210.97,1548.0,210.970314
12,200,1557.429,212.207,1557.428558,212.206642
12,201,1566.857,213.248,1566.857178,213.247955
12,202,1575.857,214.226,1575.857178,214.226006
13,0,1150.857,204.259,1150.857143,204.259445
13,1,1152.143,204.248,1152.142857,204.247688
13,2,1154.0,204.262,1154.0,204.261879
13,3,1156.0,204.326,1156.0,204.325874
13,4,1158.0,204.426,1158.0,204.426163
13,5,1160.0,204.525,1160.000001,204.52533
13,6,1162.0,204.604,1162.000001,204.603905
13,7,1164.0,204.671,1164.000001,204.67131
13,8,1166.0,204.748,1166.0,204.748444
13,9,1168.0,204.826,1168.000002,204.825653
13,10,1170.0,204.882,1170.000002,204.881607
13,11,1172.0,204.91,1172.0,204.910019
13,12,1174.0,204.921,1174.000002,204.921318
13,13,1176.0,204.928,1176.0,204.927917
13,14,1178.0,204.939,1178.000002,204.939499
13,15,1180.0,204.971,1180.000002,204.970863
13,16,1182.0,205.031,1182.000004,205.031395
13,17,1184.0,205.108,1184.0,205.108238
13,18,1186.0,205.175,1186.000004,205.175491
13,19,1188.0,205.207,1188.0,205.207031
13,20,1190.0,205.187,1190.000004,205.187241
13,21,1192.0,205.11,1192.000004,205.109741
13,22,1194.0,204.999,1194.000004,204.999161
13,23,1196.0,204.956,1196.0,204.955864
13,24,1198.0,205.076,1198.0,205.075935
13,25,1200.0,205.326,1200.000004,205.325684
13,26,1202.0,205.678,1202.000004,205.677605
13,27,1204.0,206.047,1204.0,206.04705
13,28,1206.0,206.337,1206.000004,206.337341
13,29,1208.0,206.521,1208.000004,206.521393
13,30,1210.0,206.553,1210.000004,206.553207
13,31,1212.0,206.511,1212.0,206.511063
13,32,1214.0,206.531,1214.0,206.531158
13,33,1216.0,206.634,1216.0,206.634132
13,34,1218.0,206.738,1218.0,206.73822
13,35,1220.0,206.775,1220.0,206.774506
13,36,1222.0,206.74,1222.000008,206.740387
13,37,1224.0,206.696,1224.000008,206.6959
13,38,1226.0,206.708,1226.0,206.708458
13,39,1228.0,206.782,1228.0,206.781563
13,40,1230.0,206.882,1230.0,206.882217
13,41,1232.0,206.969,1232.000008,206.969246
13,42,1234.0,207.006,1234.0,207.006386
13,43,1236.0,206.988,1236.0,206.987816
13,44,1238.0,206.954,1238.000008,206.954262
13,45,1240.0,206.948,1240.0,206.947884
13,46,1242.0,206.975,1242.0,206.974556
13,47,1244.0,207.007,1244.000008,207.006943
13,48,1246.0,207.004,1246.000008,207.003731
13,49,1248.0,206.967,1248.000008,206.966789
13,50,1250.0,206.958,1250.0,206.95752
13,51,1252.0,207.03,1252.000008,207.0298
13,52,1254.0,207.211,1254.000008,207.211464
13,53,1256.0,207.435,1256.0,207.435059
13,54,1258.0,207.594,1258.000008,207.593735
13,55,1260.0,207.628,1260.000008,207.628204
13,56,1262.0,207.534,1262.000008,207.534134
13,57,1264.0,207.421,1264.0,207.421204
13,58,1266.0,207.346,1266.000008,207.345818
13,59,1268.0,207.324,1268.000008,207.323509
13,60,1270.0,207.338,1270.0,207.337822
13,61,1272.0,207.367,1272.0,207.366806
13,62,1274.0,207.461,1274.000008,207.461426
13,63,1276.0,207.643,1276.000008,207.643021
13,64,1278.0,207.883,1278.0,207.882629
13,65,1280.0,208.108,1280.000015,208.108124
13,66,1282.0,208.238,1282.000015,208.238281
13,67,1284.0,208.249,1284.0,208.24939
13,68,1286.0,208.168,1286.0,208.168289
13,69,1288.0,208.077,1288.0,208.076538
13,70,1290.0,208.027,1290.0,208.026993
13,71,1292.0,208.023,1292.0,208.022766
13,72,1294.0,208.046,1294.000015,208.045631
13,73,1296.0,208.074,1296.000015,208.073761
13,74,1298.0,208.163,1298.0,208.162865
13,75,1300.0,208.309,1300.0,208.308563
13,76,1302.0,208.456,1302.0,208.45594
13,77,1304.0,208.536,1304.000015,208.535583
13,78,1306.0,208.502,1306.0,208.501801
13,79,1308.0,208.55,1308.0,208.550003
13,80,1310.0,208.771,1310.000015,208.771339
13,81,1312.0,209.108,1312.0,209.108208
13,82,1314.0,209.421,1314.0,209.420563
13,83,1316.0,209.576,1316.0,209.576088
13,84,1318.0,209.603,1318.000015,209.603188
13,85,1320.0,209.583,1320.000015,209.583054
13,86,1322.0,209.577,1322.0,209.576599
13,87,1324.0,209.599,1324.000015,209.599281
13,88,1326.0,209.62,1326.0,209.620125
13,89,1328.0,209.596,1328.000015,209.596107
13,90,1330.0,209.504,1330.0,209.503647
13,91,1332.0,209.372,1332.000015,209.37191
13,92,1334.0,209.268,1334.0,209.268257
13,93,1336.0,209.235,1336.000015,209.234528
13,94,1338.0,209.339,1338.000015,209.339127
13,95,1340.0,209.658,1340.000015,209.657822
13,96,1342.0,210.127,1342.000015,210.126755
13,97,1344.0,210.606,1344.0,210.606018
13,98,1346.0,210.938,1346.000015,210.937897
13,99,1348.0,211.043,1348.0,211.043289
13,100,1350.0,211.007,1350.000015,211.007294
13,101,1352.0,210.931,1352.000015,210.930885
13,102,1354.0,210.897,1354.000015,210.897324
13,103,1356.0,210.96,1356.000015,210.960129
13,104,1358.0,211.146,1358.0,211.146347
13,105,1360.0,211.438,1360.000015,211.438324
13,106,1362.0,211.762,1362.0,211.762146
13,107,1364.0,212.044,1364.000015,212.043732
13,108,1366.0,212.22,1366.000015,212.219696
13,109,1368.0,212.315,1368.000015,212.314537
13,110,1370.0,212.378,1370.000015,212.378014
13,111,1372.0,212.435,1372.0,212.434799
13,112,1374.0,212.494,1374.000015,212.493515
13,113,1376.0,212.553,1376.000015,212.553352
13,114,1378.0,212.613,1378.000015,212.613152
13,115,1380.0,212.662,1380.0,212.662102
13,116,1382.0,212.682,1382.000015,212.682335
13,117,1384.0,212.674,1384.000015,212.674232
13,118,1386.0,212.662,1386.0,212.662193
13,119,1388.0,212.682,1388.000015,212.682159
13,120,1390.0,212.748,1390.000015,212.747894
13,121,1392.0,212.841,1392.000015,212.840775
13,122,1394.0,212.932,1394.0,212.931732
13,123,1396.0,213.003,1396.000015,213.003189
13,124,1398.0,213.065,1398.000015,213.065277
13,125,1400.0,213.127,1400.0,213.126823
13,126,1402.0,213.184,1402.000015,213.183907
13,127,1404.0,213.239,1404.000015,213.238823
13,128,1406.0,213.322,1406.000031,213.321831
13,129,1408.0,213.463,1408.0,213.462646
13,130,1410.0,213.658,1410.000031,213.657608
13,131,1412.0,213.871,1412.0,213.870964
13,132,1414.0,214.049,1414.000031,214.048897
13,133,1416.0,214.174,1416.0,214.173531
13,134,1418.0,214.25,1418.0,214.249748
13,135,1420.0,214.29,1420.000031,214.290016
13,136,1422.0,214.305,1422.0,214.305199
13,137,1424.0,214.304,1424.000031,214.303703
13,138,1426.0,214.285,1426.0,214.284836
13,139,1428.0,214.249,1428.000031,214.248672
13,140,1430.0,214.202,1430.0,214.201889
13,141,1432.0,214.158,1432.0,214.158096
13,142,1434.0,214.133,1434.000031,214.133072
13,143,1436.0,214.171,1436.0,214.170685
13,144,1438.0,214.313,1438.000031,214.313339
13,145,1440.0,214.512,1440.0,214.512497
13,146,1442.0,214.716,1442.000031,214.716499
13,147,1444.0,214.831,1444.0,214.831367
13,148,1446.0,214.859,1446.0,214.85865
13,149,1448.0,214.887,1448.000031,214.88707
13,150,1450.0,215.004,1450.0,215.003754
13,151,1452.0,215.226,1452.000031,215.225685
13,152,1454.0,215.485,1454.0,215.48468
13,153,1456.0,215.689,1456.000031,215.689346
13,154,1458.0,215.789,1458.0,215.789009
13,155,1460.0,215.843,1460.000031,215.843239
13,156,1462.0,215.921,1462.0,215.920914
13,157,1464.0,216.034,1464.0,216.034378
13,158,1466.0,216.176,1466.000031,216.175896
13,159,1468.0,216.351,1468.0,216.351494
13,160,1470.0,216.539,1470.000031,216.538841
13,161,1472.0,216.722,1472.0,216.722298
13,162,1474.0,216.862,1474.000031,216.861954
13,163,1476.0,216.927,1476.0,216.92733
13,164,1478.0,216.961,1478.0,216.96125
13,165,1480.0,216.994,1480.000031,216.994087
13,166,1482.0,217.033,1482.0,217.033356
13,167,1484.0,217.087,1484.000031,217.086731
13,168,1486.0,217.158,1486.0,217.158218
13,169,1488.0,217.234,1488.000031,217.233803
13,170,1490.0,217.306,1490.0,217.306053
13,171,1492.0,217.374,1492.0,217.3741
13,172,1494.0,217.435,1494.000031,217.434532
13,173,1496.0,217.493,1496.0,217.492592
13,174,1498.0,217.557,1498.000031,217.55735
13,175,1500.0,217.635,1500.000031,217.635353
13,176,1502.0,217.731,1502.000031,217.730865
13,177,1504.0,217.825,1504.0,217.824661
13,178,1506.0,217.885,1506.0,217.885071
13,179,1508.0,217.906,1508.000031,217.905609
13,180,1510.0,217.905,1510.000031,217.905495
13,181,1512.0,217.909,1512.0,217.909409
13,182,1514.0,217.935,1514.000031,217.935486
13,183,1516.0,217.991,1516.000031,217.991356
13,184,1518.0,218.068,1518.0,218.067673
13,185,1520.0,218.147,1520.0,218.147354
13,186,1522.0,218.217,1522.000031,218.216774
13,187,1524.0,218.274,1524.000031,218.273659
13,188,1526.0,218.344,1526.0,218.344299
13,189,1528.0,218.453,1528.000031,218.453003
13,190,1530.0,218.613,1530.000031,218.612877
13,191,1532.0,218.87,1532.0,218.869598
13,192,1534.0,219.241,1534.0,219.240822
13,193,1536.0,219.596,1536.000031,219.595894
13,194,1538.0,219.832,1538.000031,219.832138
13,195,1539.571,219.896,1539.571442,219.896202
14,0,1150.857,217.248,1150.857143,217.247726
14,1,1152.143,217.267,1152.142857,217.266846
14,2,1154.0,217.292,1154.0,217.29158
14,3,1156.0,217.314,1156.0,217.313919
14,4,1158.0,217.334,1158.0,217.333588
14,5,1160.0,217.361,1160.000001,217.361015
14,6,1162.0,217.417,1162.000001,217.417313
14,7,1164.0,217.519,1164.000001,217.51889
14,8,1166.0,217.655,1166.0,217.654907
14,9,1168.0,217.799,1168.000002,217.798569
14,10,1170.0,217.919,1170.000002,217.919159
14,11,1172.0,218.002,1172.0,218.001579
14,12,1174.0,218.061,1174.000002,218.061081
14,13,1176.0,218.124,1176.0,218.124069
14,14,1178.0,218.2,1178.000002,218.200066
14,15,1180.0,218.277,1180.000002,218.276573
14,16,1182.0,218.331,1182.000004,218.330505
14,17,1184.0,218.357,1184.0,218.357445
14,18,1186.0,218.381,1186.000004,218.380592
14,19,1188.0,218.432,1188.0,218.432457
14,20,1190.0,218.522,1190.000004,218.522461
14,21,1192.0,218.625,1192.000004,218.625175
14,22,1194.0,218.698,1194.000004,218.698273
14,23,1196.0,218.723,1196.0,218.723007
14,24,1198.0,218.715,1198.0,218.715408
14,25,1200.0,218.673,1200.000004,218.673027
14,26,1202.0,218.661,1202.000004,218.661301
14,27,1204.0,218.717,1204.0,218.717194
14,28,1206.0,218.801,1206.000004,218.801346
14,29,1208.0,218.89,1208.000004,218.890198
14,30,1210.0,218.909,1210.000004,218.909111
14,31,1212.0,218.908,1212.0,218.907516
14,32,1214.0,218.966,1214.0,218.966118
14,33,1216.0,219.094,1216.0,219.093674
14,34,1218.0,219.256,1218.0,219.255791
14,35,1220.0,219.396,1220.0,219.395554
14,36,1222.0,219.488,1222.000008,219.487869
14,37,1224.0,219.553,1224.000008,219.55323
14,38,1226.0,219.6,1226.0,219.599525
14,39,1228.0,219.626,1228.0,219.625877
14,40,1230.0,219.604,1230.0,219.6045
14,41,1232.0,219.539,1232.000008,219.538765
14,42,1234.0,219.475,1234.0,219.474792
14,43,1236.0,219.478,1236.0,219.477531
14,44,1238.0,219.561,1238.000008,219.560966
14,45,1240.0,219.673,1240.0,219.672653
14,46,1242.0,219.755,1242.0,219.755249
14,47,1244.0,219.774,1244.000008,219.774261
14,48,1246.0,219.74,1246.000008,219.739677
14,49,1248.0,219.676,1248.000008,219.675858
14,50,1250.0,219.618,1250.0,219.618378
14,51,1252.0,219.611,1252.000008,219.611053
14,52,1254.0,219.676,1254.000008,219.67627
14,53,1256.0,219.783,1256.0,219.782654
14,54,1258.0,219.895,1258.000008,219.894867
14,55,1260.0,220.005,1260.000008,220.004662
14,56,1262.0,220.13,1262.000008,220.129578
14,57,1264.0,220.281,1264.0,220.281136
14,58,1266.0,220.434,1266.000008,220.434143
14,59,1268.0,220.553,1268.000008,220.552711
14,60,1270.0,220.652,1270.0,220.651955
14,61,1272.0,220.759,1272.0,220.758583
14,62,1274.0,220.877,1274.000008,220.876564
14,63,1276.0,220.99,1276.000008,220.989868
14,64,1278.0,221.09,1278.0,221.08979
14,65,1280.0,221.178,1280.000015,221.177734
14,66,1282.0,221.255,1282.000015,221.255157
14,67,1284.0,221.31,1284.0,221.309944
14,68,1286.0,221.344,1286.0,221.343758
14,69,1288.0,221.4,1288.0,221.400322
14,70,1290.0,221.513,1290.0,221.512985
14,71,1292.0,221.677,1292.0,221.677078
14,72,1294.0,221.856,1294.000015,221.856018
14,73,1296.0,222.008,1296.000015,222.007698
14,74,1298.0,222.108,1298.0,222.108398
14,75,1300.0,222.148,1300.0,222.148247
14,76,1302.0,222.135,1302.0,222.134575
14,77,1304.0,222.099,1304.000015,222.098587
14,78,1306.0,222.083,1306.0,222.083344
14,79,1308.0,222.138,1308.0,222.138
14,80,1310.0,222.264,1310.000015,222.263763
14,81,1312.0,222.401,1312.0,222.401001
14,82,1314.0,222.513,1314.0,222.51339
14,83,1316.0,222.59,1316.0,222.589775
14,84,1318.0,222.682,1318.000015,222.682213
14,85,1320.0,222.849,1320.000015,222.848763
14,86,1322.0,223.067,1322.0,223.06736
14,87,1324.0,223.281,1324.000015,223.280792
14,88,1326.0,223.43,1326.0,223.429802
14,89,1328.0,223.497,1328.000015,223.497314
14,90,1330.0,223.533,1330.0,223.532799
14,91,1332.0,223.563,1332.000015,223.562767
14,92,1334.0,223.573,1334.0,223.572922
14,93,1336.0,223.545,1336.000015,223.545158
14,94,1338.0,223.477,1338.000015,223.476974
14,95,1340.0,223.407,1340.000015,223.407326
14,96,1342.0,223.384,1342.000015,223.384491
14,97,1344.0,223.443,1344.0,223.443024
14,98,1346.0,223.554,1346.000015,223.554169
14,99,1348.0,223.643,1348.0,223.643173
14,100,1350.0,223.644,1350.000015,223.643616
14,101,1352.0,223.563,1352.000015,223.562935
14,102,1354.0,223.476,1354.000015,223.475952
14,103,1356.0,223.472,1356.000015,223.472458
14,104,1358.0,223.59,1358.0,223.589996
14,105,1360.0,223.771,1360.000015,223.771095
14,106,1362.0,223.983,1362.0,223.98304
14,107,1364.0,224.228,1364.000015,224.227768
14,108,1366.0,224.562,1366.000015,224.562042
14,109,1368.0,224.932,1368.000015,224.931961
14,110,1370.0,225.236,1370.000015,225.235588
14,111,1372.0,225.399,1372.0,225.398575
14,112,1374.0,225.496,1374.000015,225.4963
14,113,1376.0,225.639,1376.000015,225.638657
14,114,1378.0,225.843,1378.000015,225.842957
14,115,1380.0,226.063,1380.0,226.063194
14,116,1382.0,226.269,1382.000015,226.268517
14,117,1384.0,226.433,1384.000015,226.433212
14,118,1386.0,226.552,1386.0,226.552376
14,119,1388.0,226.602,1388.000015,226.601883
14,120,1390.0,226.601,1390.000015,226.600845
14,121,1392.0,226.597,1392.000015,226.59668
14,122,1394.0,226.619,1394.0,226.619324
14,123,1396.0,226.673,1396.000015,226.673126
14,124,1398.0,226.737,1398.000015,226.737221
14,125,1400.0,226.783,1400.0,226.783386
14,126,1402.0,226.806,1402.000015,226.806282
14,127,1404.0,226.84,1404.000015,226.840263
14,128,1406.0,226.913,1406.000031,226.913445
14,129,1408.0,227.001,1408.0,227.000977
14,130,1410.0,227.062,1410.000031,227.061867
14,131,1412.0,227.072,1412.0,227.072113
14,132,1414.0,227.055,1414.000031,227.055222
14,133,1416.0,227.053,1416.0,227.053207
14,134,1418.0,227.084,1418.0,227.083847
14,135,1420.0,227.169,1420.000031,227.168953
14,136,1422.0,227.346,1422.0,227.345879
14,137,1424.0,227.585,1424.000031,227.584969
14,138,1426.0,227.83,1426.0,227.829613
14,139,1428.0,227.989,1428.000031,227.988556
14,140,1430.0,228.024,1430.0,228.024261
14,141,1432.0,227.98,1432.0,227.98024
14,142,1434.0,227.93,1434.000031,227.929504
14,143,1436.0,227.955,1436.0,227.955353
14,144,1438.0,228.103,1438.000031,228.10305
14,145,1440.0,228.305,1440.0,228.305191
14,146,1442.0,228.495,1442.000031,228.495422
14,147,1444.0,228.621,1444.0,228.621346
14,148,1446.0,228.678,1446.0,228.677979
14,149,1448.0,228.716,1448.000031,228.715691
14,150,1450.0,228.74,1450.0,228.740211
14,151,1452.0,228.761,1452.000031,228.760948
14,152,1454.0,228.791,1454.0,228.790527
14,153,1456.0,228.84,1456.000031,228.839928
14,154,1458.0,228.911,1458.0,228.910942
14,155,1460.0,228.986,1460.000031,228.985809
14,156,1462.0,229.044,1462.0,229.044014
14,157,1464.0,229.078,1464.0,229.078056
14,158,1466.0,229.124,1466.000031,229.123749
14,159,1468.0,229.236,1468.0,229.235695
14,160,1470.0,229.407,1470.000031,229.407295
14,161,1472.0,229.581,1472.0,229.580688
14,162,1474.0,229.696,1474.000031,229.695801
14,163,1476.0,229.738,1476.0,229.737633
14,164,1478.0,229.745,1478.0,229.745483
14,165,1480.0,229.75,1480.000031,229.75032
14,166,1482.0,229.757,1482.0,229.756996
14,167,1484.0,229.761,1484.000031,229.761093
14,168,1486.0,229.769,1486.0,229.768684
14,169,1488.0,229.79,1488.000031,229.790024
14,170,1490.0,229.826,1490.0,229.826157
14,171,1492.0,229.872,1492.0,229.872047
14,172,1494.0,229.926,1494.000031,229.926254
14,173,1496.0,229.998,1496.0,229.99781
14,174,1498.0,230.122,1498.000031,230.121666
14,175,1500.0,230.326,1500.000031,230.326439
14,176,1502.0,230.569,1502.000031,230.568558
14,177,1504.0,230.787,1504.0,230.787033
14,178,1506.0,230.908,1506.0,230.908249
14,179,1508.0,230.92,1508.000031,230.919868
14,180,1510.0,230.877,1510.000031,230.877083
14,181,1512.0,230.835,1512.0,230.834724
14,182,1514.0,230.839,1514.000031,230.838516
14,183,1516.0,230.915,1516.000031,230.914955
14,184,1518.0,231.05,1518.0,231.050034
14,185,1520.0,231.217,1520.0,231.217186
14,186,1522.0,231.388,1522.000031,231.387688
14,187,1524.0,231.532,1524.000031,231.531532
14,188,1526.0,231.629,1526.0,231.628677
14,189,1528.0,231.673,1528.000031,231.673279
14,190,1530.0,231.663,1530.000031,231.662865
14,191,1532.0,231.616,1532.0,231.615509
14,192,1534.0,231.649,1534.0,231.648865
14,193,1536.0,231.842,1536.000031,231.842018
14,194,1538.0,232.164,1538.000031,232.164314
14,195,1540.0,232.499,1540.0,232.499016
14,196,1542.0,232.71,1542.000031,232.709724
14,197,1544.0,232.745,1544.000031,232.744713
14,198,1546.0,232.716,1546.0,232.716286
14,199,1548.0,232.749,1548.0,232.749046
14,200,1550.0,232.99,1550.000031,232.9897
14,201,1551.571,233.322,1551.571472,233.321564
15,0,1150.857,225.46,1150.857143,225.459801
15,1,1152.143,225.462,1152.142857,225.46167
15,2,1154.0,225.464,1154.0,225.463547
15,3,1156.0,225.462,1156.0,225.462387
15,4,1158.0,225.456,1158.0,225.455528
15,5,1160.0,225.45,1160.000001,225.449791
15,6,1162.0,225.463,1162.000001,225.46331
15,7,1164.0,225.514,1164.000001,225.513756
15,8,1166.0,225.606,1166.0,225.605629
15,9,1168.0,225.72,1168.000002,225.719589
15,10,1170.0,225.826,1170.000002,225.825737
15,11,1172.0,225.905,1172.0,225.904709
15,12,1174.0,225.958,1174.000002,225.958221
15,13,1176.0,226.004,1176.0,226.003654
15,14,1178.0,226.058,1178.000002,226.058441
15,15,1180.0,226.127,1180.000002,226.127487
15,16,1182.0,226.203,1182.000004,226.203362
15,17,1184.0,226.276,1184.0,226.275566
15,18,1186.0,226.341,1186.000004,226.341354
15,19,1188.0,226.406,1188.0,226.405815
15,20,1190.0,226.465,1190.000004,226.4655
15,21,1192.0,226.51,1192.000004,226.509682
15,22,1194.0,226.532,1194.000004,226.531982
15,23,1196.0,226.552,1196.0,226.551506
15,24,1198.0,226.595,1198.0,226.594566
15,25,1200.0,226.662,1200.000004,226.661758
15,26,1202.0,226.731,1202.000004,226.731064
15,27,1204.0,226.771,1204.0,226.771172
15,28,1206.0,226.777,1206.000004,226.777191
15,29,1208.0,226.772,1208.000004,226.772331
15,30,1210.0,226.778,1210.000004,226.778099
15,31,1212.0,226.805,1212.0,226.804573
15,32,1214.0,226.848,1214.0,226.847839
15,33,1216.0,226.898,1216.0,226.897842
15,34,1218.0,226.957,1218.0,226.956841
15,35,1220.0,227.029,1220.0,227.029099
15,36,1222.0,227.111,1222.000008,227.111351
15,37,1224.0,227.193,1224.000008,227.192566
15,38,1226.0,227.264,1226.0,227.264381
15,39,1228.0,227.34,1228.0,227.340385
15,40,1230.0,227.439,1230.0,227.438766
15,41,1232.0,227.549,1232.000008,227.54924
15,42,1234.0,227.65,1234.0,227.649628
15,43,1236.0,227.721,1236.0,227.721092
15,44,1238.0,227.765,1238.000008,227.764572
15,45,1240.0,227.802,1240.0,227.801865
15,46,1242.0,227.847,1242.0,227.846733
15,47,1244.0,227.893,1244.000008,227.893173
15,48,1246.0,227.933,1246.000008,227.933144
15,49,1248.0,227.959,1248.000008,227.958504
15,50,1250.0,227.968,1250.0,227.967628
15,51,1252.0,227.971,1252.000008,227.971138
15,52,1254.0,227.983,1254.000008,227.982574
15,53,1256.0,228.016,1256.0,228.015938
15,54,1258.0,228.078,1258.000008,228.077614
15,55,1260.0,228.165,1260.000008,228.164879
15,56,1262.0,228.274,1262.000008,228.273811
15,57,1264.0,228.398,1264.0,228.398079
15,58,1266.0,228.534,1266.000008,228.53373
15,59,1268.0,228.684,1268.000008,228.684151
15,60,1270.0,228.829,1270.0,228.828964
15,61,1272.0,228.951,1272.0,228.950882
15,62,1274.0,229.038,1274.000008,229.037613
15,63,1276.0,229.088,1276.000008,229.087708
15,64,1278.0,229.119,1278.0,229.119164
15,65,1280.0,229.158,1280.000015,229.157784
15,66,1282.0,229.222,1282.000015,229.221947
15,67,1284.0,229.312,1284.0,229.311562
15,68,1286.0,229.416,1286.0,229.416283
15,69,1288.0,229.518,1288.0,229.518127
15,70,1290.0,229.602,1290.0,229.602028
15,71,1292.0,229.673,1292.0,229.672508
15,72,1294.0,229.735,1294.000015,229.734673
15,73,1296.0,229.787,1296.000015,229.787201
15,74,1298.0,229.835,1298.0,229.835007
15,75,1300.0,229.88,1300.0,229.880341
15,76,1302.0,229.925,1302.0,229.925049
15,77,1304.0,229.972,1304.000015,229.971504
15,78,1306.0,230.024,1306.0,230.023819
15,79,1308.0,230.106,1308.0,230.106491
15,80,1310.0,230.273,1310.000015,230.273117
15,81,1312.0,230.507,1312.0,230.507477
15,82,1314.0,230.761,1314.0,230.761177
15,83,1316.0,230.959,1316.0,230.959183
15,84,1318.0,231.054,1318.000015,231.053741
15,85,1320.0,231.078,1320.000015,231.078163
15,86,1322.0,231.071,1322.0,231.070641
15,87,1324.0,231.061,1324.000015,231.060852
15,88,1326.0,231.056,1326.0,231.055702
15,89,1328.0,231.057,1328.000015,231.056892
15,90,1330.0,231.087,1330.0,231.087387
15,91,1332.0,231.188,1332.000015,231.187553
15,92,1334.0,231.352,1334.0,231.351784
15,93,1336.0,231.531,1336.000015,231.531097
15,94,1338.0,231.696,1338.000015,231.695923
15,95,1340.0,231.867,1340.000015,231.866562
15,96,1342.0,232.105,1342.000015,232.105309
15,97,1344.0,232.378,1344.0,232.377609
15,98,1346.0,232.612,1346.000015,232.611534
15,99,1348.0,232.745,1348.0,232.744537
15,100,1350.0,232.788,1350.000015,232.787697
15,101,1352.0,232.813,1352.000015,232.813286
15,102,1354.0,232.86,1354.000015,232.859558
15,103,1356.0,232.934,1356.000015,232.934029
15,104,1358.0,233.024,1358.0,233.023712
15,105,1360.0,233.109,1360.000015,233.109467
15,106,1362.0,233.181,1362.0,233.181099
15,107,1364.0,233.237,1364.000015,233.237137
15,108,1366.0,233.291,1366.000015,233.291389
15,109,1368.0,233.37,1368.000015,233.369507
15,110,1370.0,233.476,1370.000015,233.475647
15,111,1372.0,233.603,1372.0,233.602547
15,112,1374.0,233.742,1374.000015,233.742439
15,113,1376.0,233.887,1376.000015,233.88652
15,114,1378.0,234.037,1378.000015,234.037392
15,115,1380.0,234.177,1380.0,234.176521
15,116,1382.0,234.28,1382.000015,234.279709
15,117,1384.0,234.348,1384.000015,234.348175
15,118,1386.0,234.401,1386.0,234.40062
15,119,1388.0,234.461,1388.000015,234.461075
15,120,1390.0,234.534,1390.000015,234.53421
15,121,1392.0,234.603,1392.000015,234.603241
15,122,1394.0,234.656,1394.0,234.656326
15,123,1396.0,234.702,1396.000015,234.701637
15,124,1398.0,234.758,1398.000015,234.757652
15,125,1400.0,234.826,1400.0,234.82618
15,126,1402.0,234.889,1402.000015,234.889481
15,127,1404.0,234.94,1404.000015,234.939896
15,128,1406.0,235.007,1406.000031,235.00708
15,129,1408.0,235.138,1408.0,235.137764
15,130,1410.0,235.332,1410.000031,235.332413
15,131,1412.0,235.535,1412.0,235.535049
15,132,1414.0,235.689,1414.000031,235.688606
15,133,1416.0,235.775,1416.0,235.775177
15,134,1418.0,235.833,1418.0,235.833305
15,135,1420.0,235.909,1420.000031,235.908958
15,136,1422.0,236.019,1422.0,236.019348
15,137,1424.0,236.145,1424.000031,236.144852
15,138,1426.0,236.262,1426.0,236.262039
15,139,1428.0,236.361,1428.000031,236.360786
15,140,1430.0,236.443,1430.0,236.442619
15,141,1432.0,236.512,1432.0,236.512169
15,142,1434.0,236.579,1434.000031,236.579285
15,143,1436.0,236.665,1436.0,236.665359
15,144,1438.0,236.796,1438.000031,236.795738
15,145,1440.0,236.965,1440.0,236.96505
15,146,1442.0,237.139,1442.000031,237.139496
15,147,1444.0,237.293,1444.0,237.292595
15,148,1446.0,237.421,1446.0,237.421158
15,149,1448.0,237.526,1448.000031,237.526314
15,150,1450.0,237.609,1450.0,237.609093
15,151,1452.0,237.673,1452.000031,237.672974
15,152,1454.0,237.737,1454.0,237.736603
15,153,1456.0,237.817,1456.000031,237.817009
15,154,1458.0,237.912,1458.0,237.912445
15,155,1460.0,238.009,1460.000031,238.009293
15,156,1462.0,238.097,1462.0,238.096573
15,157,1464.0,238.166,1464.0,238.166481
15,158,1466.0,238.21,1466.000031,238.209709
15,159,1468.0,238.226,1468.0,238.225883
15,160,1470.0,238.241,1470.000031,238.240829
15,161,1472.0,238.304,1472.0,238.303627
15,162,1474.0,238.425,1474.000031,238.425316
15,163,1476.0,238.569,1476.0,238.569405
15,164,1478.0,238.688,1478.0,238.688332
15,165,1480.0,238.755,1480.000031,238.754608
15,166,1482.0,238.793,1482.0,238.792519
15,167,1484.0,238.824,1484.000031,238.824265
15,168,1486.0,238.864,1486.0,238.864151
15,169,1488.0,238.939,1488.000031,238.939125
15,170,1490.0,239.085,1490.0,239.085411
15,171,1492.0,239.298,1492.0,239.297615
15,172,1494.0,239.517,1494.000031,239.516792
15,173,1496.0,239.694,1496.0,239.69429
15,174,1498.0,239.809,1498.000031,239.809174
15,175,1500.0,239.886,1500.000031,239.885971
15,176,1502.0,239.942,1502.000031,239.942131
15,177,1504.0,239.971,1504.0,239.971268
15,178,1506.0,239.983,1506.0,239.983147
15,179,1508.0,240.002,1508.000031,240.001556
15,180,1510.0,240.039,1510.000031,240.038979
15,181,1512.0,240.095,1512.0,240.095085
15,182,1514.0,240.159,1514.000031,240.158585
15,183,1516.0,240.229,1516.000031,240.228844
15,184,1518.0,240.321,1518.0,240.321281
15,185,1520.0,240.437,1520.0,240.437355
15,186,1522.0,240.562,1522.000031,240.562279
15,187,1524.0,240.674,1524.000031,240.673698
15,188,1526.0,240.749,1526.0,240.748543
15,189,1528.0,240.788,1528.000031,240.787827
15,190,1530.0,240.804,1530.000031,240.803696
15,191,1532.0,240.816,1532.0,240.815605
15,192,1534.0,240.848,1534.0,240.848167
15,193,1536.0,240.922,1536.000031,240.922241
15,194,1538.0,241.049,1538.000031,241.049248
15,195,1540.0,241.224,1540.0,241.224281
15,196,1542.0,241.424,1542.000031,241.424316
15,197,1544.0,241.628,1544.000031,241.628471
15,198,1546.0,241.812,1546.0,241.812172
15,199,1548.0,241.945,1548.0,241.944931
15,200,1549.857,242.006,1549.857178,242.00634
15,201,1551.143,242.018,1551.142914,242.017975
16,0,1194.857,234.104,1194.857147,234.103676
16,1,1196.143,233.937,1196.14286,233.93734
16,2,1200.0,233.818,1200.0,233.818466
16,3,1204.0,233.866,1204.000004,233.865944
16,4,1208.0,233.971,1208.000004,233.970558
16,5,1211.0,234.041,1211.0,234.041458
16,6,1217.286,233.913,1217.285721,233.912689
16,7,1223.571,233.824,1223.571434,233.824364
16,8,1229.857,233.79,1229.857155,233.78997
16,9,1234.0,233.804,1234.0,233.803833
16,10,1240.571,233.949,1240.571434,233.948608
16,11,1247.143,234.066,1247.14286,234.06572
16,12,1253.714,234.256,1253.714287,234.256012
16,13,1258.0,234.612,1258.000008,234.611511
16,14,1259.571,234.933,1259.571442,234.932991
17,0,1150.857,237.256,1150.857143,237.256218
17,1,1152.143,237.284,1152.142857,237.284241
17,2,1154.0,237.318,1154.0,237.317596
17,3,1156.0,237.347,1156.0,237.347061
17,4,1158.0,237.362,1158.0,237.361984
17,5,1160.0,237.373,1160.000001,237.37307
17,6,1162.0,237.411,1162.000001,237.410843
17,7,1164.0,237.498,1164.000001,237.497559
17,8,1166.0,237.622,1166.0,237.621574
17,9,1168.0,237.75,1168.000002,237.749672
17,10,1170.0,237.843,1170.000002,237.84269
17,11,1172.0,237.898,1172.0,237.898239
17,12,1174.0,237.942,1174.000002,237.942406
17,13,1176.0,237.994,1176.0,237.993858
17,14,1178.0,238.057,1178.000002,238.057068
17,15,1180.0,238.132,1180.000002,238.132027
17,16,1182.0,238.217,1182.000004,238.216766
17,17,1184.0,238.302,1184.0,238.30172
17,18,1186.0,238.378,1186.000004,238.377945
17,19,1188.0,238.446,1188.0,238.445724
17,20,1190.0,238.495,1190.000004,238.494888
17,21,1192.0,238.509,1192.000004,238.508842
17,22,1194.0,238.5,1194.000004,238.499611
17,23,1196.0,238.49,1196.0,238.489952
17,24,1198.0,238.511,1198.0,238.511284
17,25,1200.0,238.565,1200.000004,238.565155
17,26,1202.0,238.611,1202.000004,238.611046
17,27,1204.0,238.618,1204.0,238.61779
17,28,1206.0,238.593,1206.000004,238.593163
17,29,1208.0,238.563,1208.000004,238.5634
17,30,1210.0,238.551,1210.000004,238.550659
17,31,1212.0,238.571,1212.0,238.570587
17,32,1214.0,238.625,1214.0,238.624969
17,33,1216.0,238.703,1216.0,238.70327
17,34,1218.0,238.795,1218.0,238.795227
17,35,1220.0,238.886,1220.0,238.885506
17,36,1222.0,238.964,1222.000008,238.963783
17,37,1224.0,239.033,1224.000008,239.032867
17,38,1226.0,239.101,1226.0,239.101166
17,39,1228.0,239.17,1228.0,239.170433
17,40,1230.0,239.241,1230.0,239.240799
17,41,1232.0,239.316,1232.000008,239.315651
17,42,1234.0,239.397,1234.0,239.396973
17,43,1236.0,239.487,1236.0,239.486839
17,44,1238.0,239.582,1238.000008,239.581657
17,45,1240.0,239.685,1240.0,239.684738
17,46,1242.0,239.798,1242.0,239.797684
17,47,1244.0,239.911,1244.000008,239.911377
17,48,1246.0,240.003,1246.000008,240.003326
17,49,1248.0,240.058,1248.000008,240.057922
17,50,1250.0,240.084,1250.0,240.084076
17,51,1252.0,240.098,1252.000008,240.098274
17,52,1254.0,240.109,1254.000008,240.109253
17,53,1256.0,240.116,1256.0,240.115944
17,54,1258.0,240.12,1258.000008,240.120415
17,55,1260.0,240.141,1260.000008,240.140724
17,56,1262.0,240.204,1262.000008,240.204445
17,57,1264.0,240.322,1264.0,240.321823
17,58,1266.0,240.481,1266.000008,240.481255
17,59,1268.0,240.661,1268.000008,240.661484
17,60,1270.0,240.833,1270.0,240.83255
17,61,1272.0,240.968,1272.0,240.967712
17,62,1274.0,241.058,1274.000008,241.058434
17,63,1276.0,241.103,1276.000008,241.103233
17,64,1278.0,241.116,1278.0,241.11586
17,65,1280.0,241.114,1280.000015,241.113937
17,66,1282.0,241.106,1282.000015,241.106255
17,67,1284.0,241.102,1284.0,241.102028
17,68,1286.0,241.125,1286.0,241.124916
17,69,1288.0,241.176,1288.0,241.176445
17,70,1290.0,241.229,1290.0,241.229401
17,71,1292.0,241.27,1292.0,241.270203
17,72,1294.0,241.315,1294.000015,241.315193
17,73,1296.0,241.393,1296.000015,241.393372
17,74,1298.0,241.501,1298.0,241.500771
17,75,1300.0,241.604,1300.0,241.603935
17,76,1302.0,241.685,1302.0,241.685265
17,77,1304.0,241.77,1304.000015,241.769875
17,78,1306.0,241.887,1306.0,241.886848
17,79,1308.0,242.028,1308.0,242.027618
17,80,1310.0,242.155,1310.000015,242.155304
17,81,1312.0,242.239,1312.0,242.23896
17,82,1314.0,242.285,1314.0,242.284737
17,83,1316.0,242.315,1316.0,242.315201
17,84,1318.0,242.349,1318.000015,242.349472
17,85,1320.0,242.401,1320.000015,242.400826
17,86,1322.0,242.479,1322.0,242.478683
17,87,1324.0,242.594,1324.000015,242.594124
17,88,1326.0,242.733,1326.0,242.732727
17,89,1328.0,242.869,1328.000015,242.869408
17,90,1330.0,242.998,1330.0,242.997932
17,91,1332.0,243.151,1332.000015,243.151222
17,92,1334.0,243.366,1334.0,243.366028
17,93,1336.0,243.617,1336.000015,243.617065
17,94,1338.0,243.858,1338.000015,243.85817
17,95,1340.0,244.046,1340.000015,244.045883
17,96,1342.0,244.179,1342.000015,244.17942
17,97,1344.0,244.276,1344.0,244.276077
17,98,1346.0,244.336,1346.000015,244.336029
17,99,1348.0,244.368,1348.0,244.367691
17,100,1350.0,244.394,1350.000015,244.393768
17,101,1352.0,244.436,1352.000015,244.435699
17,102,1354.0,244.503,1354.000015,244.503105
17,103,1356.0,244.58,1356.000015,244.579933
17,104,1358.0,244.65,1358.0,244.649719
17,105,1360.0,244.709,1360.000015,244.709267
17,106,1362.0,244.769,1362.0,244.768593
17,107,1364.0,244.845,1364.000015,244.844788
17,108,1366.0,244.948,1366.000015,244.947647
17,109,1368.0,245.08,1368.000015,245.079918
17,110,1370.0,245.237,1370.000015,245.236748
17,111,1372.0,245.404,1372.0,245.403671
17,112,1374.0,245.562,1374.000015,245.562279
17,113,1376.0,245.7,1376.000015,245.699768
17,114,1378.0,245.813,1378.000015,245.812973
17,115,1380.0,245.912,1380.0,245.911758
17,116,1382.0,246.001,1382.000015,246.00132
17,117,1384.0,246.076,1384.000015,246.075829
17,118,1386.0,246.133,1386.0,246.133232
17,119,1388.0,246.193,1388.000015,246.193092
17,120,1390.0,246.285,1390.000015,246.285217
17,121,1392.0,246.409,1392.000015,246.409332
17,122,1394.0,246.536,1394.0,246.535912
17,123,1396.0,246.649,1396.000015,246.648911
17,124,1398.0,246.755,1398.000015,246.754677
17,125,1400.0,246.871,1400.0,246.870796
17,126,1402.0,246.992,1402.000015,246.991791
17,127,1404.0,247.088,1404.000015,247.087547
17,128,1406.0,247.148,1406.000031,247.14817
17,129,1408.0,247.188,1408.0,247.187889
17,130,1410.0,247.227,1410.000031,247.22731
17,131,1412.0,247.285,1412.0,247.285255
17,132,1414.0,247.387,1414.000031,247.386726
17,133,1416.0,247.537,1416.0,247.537018
17,134,1418.0,247.701,1418.0,247.700607
17,135,1420.0,247.834,1420.000031,247.833672
17,136,1422.0,247.91,1422.0,247.909851
17,137,1424.0,247.946,1424.000031,247.946228
17,138,1426.0,247.978,1426.0,247.977516
17,139,1428.0,248.026,1428.000031,248.02562
17,140,1430.0,248.094,1430.0,248.094238
17,141,1432.0,248.174,1432.0,248.174133
17,142,1434.0,248.251,1434.000031,248.250992
17,143,1436.0,248.316,1436.0,248.315521
17,144,1438.0,248.371,1438.000031,248.37146
17,145,1440.0,248.429,1440.0,248.428894
17,146,1442.0,248.493,1442.000031,248.492844
17,147,1444.0,248.574,1444.0,248.574402
17,148,1446.0,248.68,1446.0,248.679825
17,149,1448.0,248.797,1448.000031,248.797287
17,150,1450.0,248.908,1450.0,248.908081
17,151,1452.0,248.993,1452.000031,248.993454
17,152,1454.0,249.071,1454.0,249.071228
17,153,1456.0,249.178,1456.000031,249.177551
17,154,1458.0,249.329,1458.0,249.329468
17,155,1460.0,249.51,1460.000031,249.509766
17,156,1462.0,249.684,1462.0,249.683548
17,157,1464.0,249.804,1464.0,249.804443
17,158,1466.0,249.859,1466.000031,249.859131
17,159,1468.0,249.874,1468.0,249.874069
17,160,1470.0,249.892,1470.000031,249.891983
17,161,1472.0,249.933,1472.0,249.932846
17,162,1474.0,249.987,1474.000031,249.986877
17,163,1476.0,250.03,1476.0,250.030396
17,164,1478.0,250.062,1478.0,250.061661
17,165,1480.0,250.102,1480.000031,250.101517
17,166,1482.0,250.161,1482.0,250.161453
17,167,1484.0,250.237,1484.000031,250.236603
17,168,1486.0,250.321,1486.0,250.321304
17,169,1488.0,250.421,1488.000031,250.420761
17,170,1490.0,250.546,1490.0,250.545944
17,171,1492.0,250.698,1492.0,250.6978
17,172,1494.0,250.852,1494.000031,250.852234
17,173,1496.0,250.981,1496.0,250.9814
17,174,1498.0,251.081,1498.000031,251.081451
17,175,1500.0,251.19,1500.000031,251.190323
17,176,1502.0,251.331,1502.000031,251.33139
17,177,1504.0,251.481,1504.0,251.480774
17,178,1506.0,251.602,1506.0,251.602295
17,179,1508.0,251.672,1508.000031,251.672363
17,180,1510.0,251.72,1510.000031,251.719711
17,181,1512.0,251.775,1512.0,251.774902
17,182,1514.0,251.849,1514.000031,251.849197
17,183,1516.0,251.947,1516.000031,251.946533
17,184,1518.0,252.07,1518.0,252.070496
17,185,1520.0,252.211,1520.0,252.210938
17,186,1522.0,252.348,1522.000031,252.348221
17,187,1524.0,252.464,1524.000031,252.464432
17,188,1526.0,252.551,1526.0,252.550598
17,189,1528.0,252.608,1528.000031,252.607788
17,190,1530.0,252.638,1530.000031,252.637955
17,191,1532.0,252.658,1532.0,252.658447
17,192,1534.0,252.705,1534.0,252.704758
17,193,1536.0,252.791,1536.000031,252.790665
17,194,1538.0,252.898,1538.000031,252.898056
17,195,1540.0,253.009,1540.0,253.008774
17,196,1542.0,253.111,1542.000031,253.110565
17,197,1544.0,253.196,1544.000031,253.195801
17,198,1546.0,253.26,1546.0,253.26004
17,199,1548.0,253.302,1548.0,253.301605
17,200,1550.0,253.347,1550.000031,253.346542
17,201,1552.0,253.465,1552.000031,253.465118
17,202,1554.0,253.73,1554.0,253.72963
17,203,1556.0,254.355,1556.000031,254.355133
17,204,1557.571,255.048,1557.571472,255.048065
18,0,1150.857,259.272,1150.857143,259.272324
18,1,1152.143,259.334,1152.142857,259.334152
18,2,1154.0,259.39,1154.0,259.389771
18,3,1156.0,259.4,1156.0,259.400391
18,4,1158.0,259.352,1158.0,259.351624
18,5,1160.0,259.301,1160.000001,259.301041
18,6,1162.0,259.303,1162.000001,259.302811
18,7,1164.0,259.391,1164.000001,259.390793
18,8,1166.0,259.552,1166.0,259.552277
18,9,1168.0,259.724,1168.000002,259.723892
18,10,1170.0,259.857,1170.000002,259.856812
18,11,1172.0,259.903,1172.0,259.902985
18,12,1174.0,259.861,1174.000002,259.860672
18,13,1176.0,259.774,1176.0,259.773727
18,14,1178.0,259.67,1178.000002,259.670074
18,15,1180.0,259.548,1180.000002,259.54837
18,16,1182.0,259.396,1182.000004,259.396347
18,17,1184.0,259.224,1184.0,259.22374
18,18,1186.0,259.076,1186.000004,259.075623
18,19,1188.0,258.997,1188.0,258.997192
18,20,1190.0,259.033,1190.000004,259.033035
18,21,1192.0,259.188,1192.000004,259.187744
18,22,1194.0,259.39,1194.000004,259.389664
18,23,1196.0,259.579,1196.0,259.578537
18,24,1198.0,259.774,1198.0,259.773865
18,25,1200.0,259.999,1200.000004,259.998779
18,26,1202.0,260.27,1202.000004,260.270416
18,27,1204.0,260.538,1204.0,260.538086
18,28,1206.0,260.701,1206.000004,260.701111
18,29,1208.0,260.835,1208.000004,260.8349
18,30,1210.0,261.045,1210.000004,261.044739
18,31,1212.0,261.272,1212.0,261.271515
18,32,1214.0,261.451,1214.0,261.450882
18,33,1216.0,261.502,1216.0,261.501709
18,34,1218.0,261.443,1218.0,261.442841
18,35,1220.0,261.391,1220.0,261.390869
18,36,1222.0,261.374,1222.000008,261.373978
18,37,1224.0,261.387,1224.000008,261.387024
18,38,1226.0,261.446,1226.0,261.445877
18,39,1228.0,261.626,1228.0,261.625671
18,40,1230.0,261.973,1230.0,261.973068
18,41,1232.0,262.372,1232.000008,262.372482
18,42,1234.0,262.709,1234.0,262.708633
18,43,1236.0,262.85,1236.0,262.849945
18,44,1238.0,262.819,1238.000008,262.818649
18,45,1240.0,262.729,1240.0,262.729294
18,46,1242.0,262.683,1242.0,262.683182
18,47,1244.0,262.74,1244.000008,262.739883
18,48,1246.0,262.854,1246.000008,262.853638
18,49,1248.0,262.926,1248.000008,262.926163
18,50,1250.0,262.925,1250.0,262.925186
18,51,1252.0,262.836,1252.000008,262.83577
18,52,1254.0,262.764,1254.000008,262.764374
18,53,1256.0,262.792,1256.0,262.791931
18,54,1258.0,262.968,1258.000008,262.968246
18,55,1260.0,263.216,1260.000008,263.216141
18,56,1262.0,263.414,1262.000008,263.413544
18,57,1264.0,263.488,1264.0,263.487869
18,58,1266.0,263.48,1266.000008,263.480469
18,59,1268.0,263.476,1268.000008,263.476379
18,60,1270.0,263.503,1270.0,263.502899
18,61,1272.0,263.539,1272.0,263.538666
18,62,1274.0,263.619,1274.000008,263.619049
18,63,1276.0,263.774,1276.000008,263.774445
18,64,1278.0,263.969,1278.0,263.969452
18,65,1280.0,264.159,1280.000015,264.158615
18,66,1282.0,264.282,1282.000015,264.282455
18,67,1284.0,264.441,1284.0,264.441055
18,68,1286.0,264.711,1286.0,264.710846
18,69,1288.0,265.001,1288.0,265.001221
18,70,1290.0,265.198,1290.0,265.197556
18,71,1292.0,265.22,1292.0,265.21962
18,72,1294.0,265.066,1294.000015,265.06604
18,73,1296.0,264.773,1296.000015,264.772842
18,74,1298.0,264.412,1298.0,264.412323
18,75,1300.0,264.057,1300.0,264.057495
18,76,1302.0,263.767,1302.0,263.767441
18,77,1304.0,263.515,1304.000015,263.515335
18,78,1306.0,263.209,1306.0,263.209183
18,79,1308.0,262.892,1308.0,262.892197
18,80,1310.0,262.754,1310.000015,262.754227
18,81,1312.0,263.003,1312.0,263.002701
18,82,1314.857,263.575,1314.857147,263.575073
18,83,1317.714,264.171,1317.714279,264.171494
18,84,1320.571,264.637,1320.571442,264.636826
18,85,1323.0,264.74,1323.0,264.739624
18,86,1325.0,264.688,1325.000015,264.688019
18,87,1327.0,264.567,1327.000015,264.566635
18,88,1329.0,264.469,1329.0,264.469421
18,89,1331.0,264.481,1331.000015,264.481491
18,90,1333.0,264.536,1333.000015,264.53624
18,91,1335.0,264.598,1335.000015,264.597839
18,92,1337.0,264.64,1337.0,264.639557
18,93,1339.0,264.67,1339.000015,264.670258
18,94,1341.0,264.769,1341.0,264.768707
18,95,1343.0,264.958,1343.000015,264.957703
18,96,1345.0,265.199,1345.000015,265.198715
18,97,1347.0,265.435,1347.000015,265.434723
18,98,1349.0,265.547,1349.000015,265.547379
18,99,1351.0,265.548,1351.0,265.547791
18,100,1353.0,265.52,1353.000015,265.520096
18,101,1355.0,265.514,1355.0,265.513702
18,102,1357.0,265.636,1357.000015,265.636322
18,103,1359.0,265.951,1359.000015,265.95134
18,104,1361.0,266.495,1361.000015,266.494949
18,105,1363.0,267.019,1363.000015,267.019012
18,106,1365.0,267.437,1365.0,267.43663
18,107,1367.0,267.551,1367.000015,267.551453
18,108,1369.0,267.505,1369.0,267.504715
18,109,1371.0,267.531,1371.000015,267.53125
18,110,1373.0,267.933,1373.000015,267.933228
18,111,1375.0,268.597,1375.000015,268.597214
18,112,1377.0,269.317,1377.000015,269.31665
18,113,1379.0,269.848,1379.0,269.848389
18,114,1381.0,270.007,1381.000015,270.006836
18,115,1383.0,270.046,1383.000015,270.045959
18,116,1385.0,270.02,1385.000015,270.019745
18,117,1387.0,269.947,1387.0,269.946701
18,118,1389.0,269.816,1389.000015,269.815826
18,119,1391.0,269.604,1391.000015,269.604416
18,120,1393.0,269.4,1393.0,269.400284
18,121,1395.0,269.284,1395.000015,269.284454
18,122,1397.0,269.299,1397.000015,269.298843
18,123,1399.0,269.44,1399.000015,269.440353
18,124,1401.0,269.624,1401.0,269.624283
18,125,1403.0,269.804,1403.000015,269.803635
18,126,1405.0,269.97,1405.000015,269.970322
18,127,1407.0,270.118,1407.000031,270.118149
18,128,1409.0,270.247,1409.0,270.246735
18,129,1411.0,270.347,1411.0,270.347336
18,130,1413.0,270.406,1413.000031,270.406326
18,131,1415.0,270.442,1415.0,270.441879
18,132,1417.0,270.472,1417.000031,270.471771
18,133,1419.0,270.495,1419.0,270.494827
18,134,1421.0,270.507,1421.000031,270.507446
18,135,1423.0,270.516,1423.0,270.516083
18,136,1425.0,270.527,1425.0,270.526627
18,137,1427.0,270.533,1427.000031,270.53331
18,138,1429.0,270.53,1429.0,270.529968
18,139,1431.0,270.514,1431.000031,270.514084
18,140,1433.0,270.482,1433.0,270.482361
18,141,1435.0,270.382,1435.000031,270.381973
18,142,1437.0,270.145,1437.0,270.145157
18,143,1439.0,269.815,1439.0,269.814789
18,144,1441.0,269.469,1441.000031,269.468521
18,145,1443.0,269.288,1443.0,269.287903
18,146,1445.0,269.321,1445.000031,269.320709
18,147,1447.0,269.461,1447.0,269.4608
18,148,1449.0,269.613,1449.000031,269.61322
18,149,1451.0,269.672,1451.0,269.672073
18,150,1453.0,269.653,1453.000031,269.653137
18,151,1455.0,269.596,1455.0,269.595627
18,152,1457.0,269.721,1457.0,269.721405
18,153,1459.0,270.314,1459.000031,270.31366
18,154,1461.0,271.001,1461.0,271.001053
18,155,1463.0,271.671,1463.000031,271.670624
18,156,1465.0,271.934,1465.0,271.933731
18,157,1467.0,271.819,1467.000031,271.819153
18,158,1469.0,271.536,1469.0,271.536285
18,159,1471.0,271.26,1471.0,271.259857
18,160,1473.0,271.035,1473.000031,271.035202
18,161,1475.0,270.952,1475.0,270.952393
18,162,1477.0,270.877,1477.000031,270.876511
18,163,1479.0,270.867,1479.0,270.866806
18,164,1481.0,271.007,1481.000031,271.006912
18,165,1483.0,271.228,1483.0,271.227982
18,166,1485.0,271.396,1485.0,271.39592
18,167,1487.0,271.488,1487.000031,271.488388
18,168,1489.0,271.556,1489.0,271.556488
18,169,1491.0,271.646,1491.000031,271.646408
18,170,1493.0,271.722,1493.000031,271.721573
18,171,1495.0,271.769,1495.000031,271.768951
18,172,1497.0,271.959,1497.0,271.958923
18,173,1499.0,272.307,1499.0,272.307175
18,174,1501.0,272.706,1501.000031,272.705963
18,175,1503.0,272.938,1503.0,272.938095
18,176,1505.0,272.965,1505.000031,272.965103
18,177,1507.0,272.891,1507.000031,272.890869
18,178,1509.0,272.753,1509.000031,272.753113
18,179,1511.0,272.475,1511.0,272.474777
18,180,1513.0,272.084,1513.0,272.084427
18,181,1515.0,271.794,1515.000031,271.794205
18,182,1517.0,271.795,1517.000031,271.794601
18,183,1519.0,272.039,1519.0,272.039047
18,184,1521.0,272.38,1521.000031,272.380157
18,185,1523.0,272.644,1523.000031,272.643814
18,186,1525.0,272.814,1525.0,272.814224
18,187,1527.0,272.934,1527.0,272.933701
18,188,1529.0,273.003,1529.000031,273.003265
18,189,1531.0,273.059,1531.000031,273.058533
18,190,1533.0,273.161,1533.0,273.160904
18,191,1535.0,273.395,1535.000031,273.394806
18,192,1537.0,273.766,1537.000031,273.766052
18,193,1539.0,274.266,1539.0,274.265915
18,194,1541.0,274.844,1541.0,274.843918
18,195,1543.0,275.337,1543.000031,275.337234
18,196,1545.0,275.699,1545.000031,275.698532
18,197,1547.0,275.868,1547.0,275.868134
18,198,1549.0,275.939,1549.000031,275.938614
18,199,1551.0,276.029,1551.000031,276.028641
18,200,1553.0,276.165,1553.0,276.164749
18,201,1554.571,276.299,1554.571442,276.299438
19,0,1150.857,281.355,1150.857143,281.354965
19,1,1152.143,281.387,1152.142857,281.386826
19,2,1154.0,281.423,1154.0,281.422989
19,3,1156.0,281.454,1156.0,281.45369
19,4,1158.0,281.474,1158.0,281.47435
19,5,1160.0,281.499,1160.000001,281.498825
19,6,1162.0,281.531,1162.000001,281.531281
19,7,1164.0,281.556,1164.000001,281.556381
19,8,1166.0,281.552,1166.0,281.551788
19,9,1168.0,281.519,1168.000002,281.518707
19,10,1170.0,281.483,1170.000002,281.482635
19,11,1172.0,281.48,1172.0,281.480362
19,12,1174.0,281.529,1174.000002,281.52887
19,13,1176.0,281.597,1176.0,281.597
19,14,1178.0,281.648,1178.000002,281.647552
19,15,1180.0,281.661,1180.000002,281.660751
19,16,1182.0,281.646,1182.000004,281.646088
19,17,1184.0,281.643,1184.0,281.642517
19,18,1186.0,281.68,1186.000004,281.68013
19,19,1188.0,281.759,1188.0,281.759186
19,20,1190.0,281.86,1190.000004,281.860291
19,21,1192.0,281.914,1192.000004,281.914368
19,22,1194.0,281.895,1194.000004,281.895325
19,23,1196.0,281.864,1196.0,281.863831
19,24,1198.0,281.985,1198.0,281.985489
19,25,1200.0,282.273,1200.000004,282.272552
19,26,1202.0,282.619,1202.000004,282.618576
19,27,1204.0,282.888,1204.0,282.888321
19,28,1206.0,282.954,1206.000004,282.953934
19,29,1208.0,282.909,1208.000004,282.909256
19,30,1210.0,282.833,1210.000004,282.833405
19,31,1212.0,282.826,1212.0,282.826279
19,32,1214.0,283.039,1214.0,283.038818
19,33,1216.0,283.528,1216.0,283.528107
19,34,1218.0,284.004,1218.0,284.003769
19,35,1220.0,284.374,1220.0,284.37442
19,36,1222.0,284.469,1222.000008,284.468781
19,37,1224.0,284.399,1224.000008,284.398819
19,38,1226.0,284.259,1226.0,284.259415
19,39,1228.0,284.039,1228.0,284.039215
19,40,1230.0,283.776,1230.0,283.776382
19,41,1232.0,283.56,1232.000008,283.559784
19,42,1234.0,283.415,1234.0,283.414917
19,43,1236.0,283.371,1236.0,283.370621
19,44,1238.0,283.414,1238.000008,283.413605
19,45,1240.0,283.491,1240.0,283.490616
19,46,1242.0,283.571,1242.0,283.571426
19,47,1244.0,283.646,1244.000008,283.646164
19,48,1246.0,283.73,1246.000008,283.730179
19,49,1248.0,283.819,1248.000008,283.818756
19,50,1250.0,283.842,1250.0,283.841599
19,51,1252.0,283.778,1252.000008,283.777954
19,52,1254.0,283.68,1254.000008,283.680313
19,53,1256.0,283.608,1256.0,283.608414
19,54,1258.0,283.631,1258.000008,283.630539
19,55,1260.0,283.768,1260.000008,283.767914
19,56,1262.0,284.039,1262.000008,284.03891
19,57,1264.0,284.356,1264.0,284.355804
19,58,1266.0,284.623,1266.000008,284.622864
19,59,1268.0,284.766,1268.000008,284.766174
19,60,1270.0,284.828,1270.0,284.827789
19,61,1272.0,284.917,1272.0,284.916702
19,62,1274.0,285.066,1274.000008,285.066147
19,63,1276.0,285.262,1276.000008,285.262283
19,64,1278.0,285.474,1278.0,285.473923
19,65,1280.0,285.648,1280.000015,285.648026
19,66,1282.0,285.743,1282.000015,285.743011
19,67,1284.0,285.772,1284.0,285.771774
19,68,1286.0,285.767,1286.0,285.766876
19,69,1288.0,285.755,1288.0,285.755249
19,70,1290.0,285.751,1290.0,285.750534
19,71,1292.0,285.743,1292.0,285.742645
19,72,1294.0,285.723,1294.000015,285.723022
19,73,1296.0,285.694,1296.000015,285.693848
19,74,1298.0,285.655,1298.0,285.654984
19,75,1300.0,285.619,1300.0,285.618652
19,76,1302.0,285.612,1302.0,285.611801
19,77,1304.0,285.626,1304.000015,285.625763
19,78,1306.0,285.65,1306.0,285.649597
19,79,1308.0,285.725,1308.0,285.725494
19,80,1310.0,285.856,1310.000015,285.855728
19,81,1312.0,285.986,1312.0,285.985565
19,82,1314.0,286.051,1314.0,286.050613
19,83,1316.0,286.046,1316.0,286.046295
19,84,1318.0,286.086,1318.000015,286.085876
19,85,1320.0,286.309,1320.000015,286.30867
19,86,1322.0,286.694,1322.0,286.693527
19,87,1324.0,287.124,1324.000015,287.124207
19,88,1326.0,287.498,1326.0,287.497772
19,89,1328.0,287.763,1328.000015,287.762604
19,90,1330.0,287.974,1330.0,287.97435
19,91,1332.0,288.225,1332.000015,288.224838
19,92,1334.0,288.472,1334.0,288.472351
19,93,1336.0,288.584,1336.000015,288.583878
19,94,1338.0,288.509,1338.000015,288.509094
19,95,1340.0,288.255,1340.000015,288.255402
19,96,1342.0,288.058,1342.000015,288.057983
19,97,1344.0,288.028,1344.0,288.027649
19,98,1346.0,288.171,1346.000015,288.17067
19,99,1348.0,288.4,1348.0,288.400162
19,100,1350.0,288.645,1350.000015,288.644562
19,101,1352.0,288.896,1352.000015,288.895615
19,102,1354.0,289.111,1354.000015,289.11113
19,103,1356.0,289.281,1356.000015,289.28125
19,104,1358.0,289.415,1358.0,289.415451
19,105,1360.0,289.544,1360.000015,289.544388
19,106,1362.0,289.681,1362.0,289.680664
19,107,1364.0,289.825,1364.000015,289.82547
19,108,1366.0,289.943,1366.000015,289.942657
19,109,1368.0,290.026,1368.000015,290.025589
19,110,1370.0,290.072,1370.000015,290.072266
19,111,1372.0,290.076,1372.0,290.075882
19,112,1374.0,290.035,1374.000015,290.0345
19,113,1376.0,289.948,1376.000015,289.947693
19,114,1378.0,289.82,1378.000015,289.820435
19,115,1380.0,289.656,1380.0,289.655884
19,116,1382.0,289.506,1382.000015,289.50589
19,117,1384.0,289.398,1384.000015,289.39801
19,118,1386.0,289.349,1386.0,289.348602
19,119,1388.0,289.357,1388.000015,289.356918
19,120,1390.0,289.406,1390.000015,289.405884
19,121,1392.0,289.468,1392.000015,289.467941
19,122,1394.0,289.513,1394.0,289.513382
19,123,1396.0,289.536,1396.000015,289.536285
19,124,1398.0,289.582,1398.000015,289.581818
19,125,1400.0,289.681,1400.0,289.680634
19,126,1402.0,289.826,1402.000015,289.825623
19,127,1404.0,290.007,1404.000015,290.007385
19,128,1406.0,290.252,1406.000031,290.252228
19,129,1408.0,290.637,1408.0,290.637436
19,130,1410.0,291.028,1410.000031,291.027786
19,131,1412.0,291.339,1412.0,291.339172
19,132,1414.0,291.504,1414.000031,291.504364
19,133,1416.0,291.6,1416.0,291.599579
19,134,1418.0,291.722,1418.0,291.721863
19,135,1420.0,291.888,1420.000031,291.888351
19,136,1422.0,292.078,1422.0,292.077774
19,137,1424.0,292.27,1424.000031,292.269836
19,138,1426.0,292.432,1426.0,292.432251
19,139,1428.0,292.522,1428.000031,292.521652
19,140,1430.0,292.552,1430.0,292.552261
19,141,1432.0,292.561,1432.0,292.560867
19,142,1434.0,292.57,1434.000031,292.569824
19,143,1436.0,292.59,1436.0,292.590256
19,144,1438.0,292.614,1438.000031,292.614212
19,145,1440.0,292.651,1440.0,292.650665
19,146,1442.0,292.719,1442.000031,292.719482
19,147,1444.0,292.817,1444.0,292.817413
19,148,1446.0,292.922,1446.0,292.922104
19,149,1448.0,292.992,1448.000031,292.991562
19,150,1450.0,292.988,1450.0,292.988403
19,151,1452.0,292.918,1452.000031,292.917664
19,152,1454.0,292.832,1454.0,292.832443
19,153,1456.0,292.769,1456.000031,292.76918
19,154,1458.0,292.755,1458.0,292.754745
19,155,1460.0,292.799,1460.000031,292.799118
19,156,1462.0,292.89,1462.0,292.889862
19,157,1464.0,293.004,1464.0,293.003799
19,158,1466.0,293.117,1466.000031,293.117371
19,159,1468.0,293.222,1468.0,293.221893
19,160,1470.0,293.332,1470.000031,293.332489
19,161,1472.0,293.47,1472.0,293.470398
19,162,1474.0,293.636,1474.000031,293.636383
19,163,1476.0,293.789,1476.0,293.788834
19,164,1478.0,293.903,1478.0,293.903488
19,165,1480.0,293.981,1480.000031,293.981491
19,166,1482.0,294.03,1482.0,294.030212
19,167,1484.0,294.066,1484.000031,294.066162
19,168,1486.0,294.082,1486.0,294.082031
19,169,1488.0,294.066,1488.000031,294.06601
19,170,1490.0,294.029,1490.0,294.02948
19,171,1492.0,293.997,1492.0,293.996887
19,172,1494.0,293.985,1494.000031,293.984894
19,173,1496.0,294.006,1496.0,294.006317
19,174,1498.0,294.068,1498.000031,294.068207
19,175,1500.0,294.169,1500.000031,294.169495
19,176,1502.0,294.317,1502.000031,294.317093
19,177,1504.0,294.507,1504.0,294.506516
19,178,1506.0,294.732,1506.0,294.732132
19,179,1508.0,294.956,1508.000031,294.956406
19,180,1510.0,295.124,1510.000031,295.124222
19,181,1512.0,295.26,1512.0,295.259766
19,182,1514.0,295.398,1514.000031,295.398056
19,183,1516.0,295.566,1516.000031,295.566254
19,184,1518.0,295.745,1518.0,295.744614
19,185,1520.0,295.859,1520.0,295.858994
19,186,1522.0,295.904,1522.000031,295.903854
19,187,1524.0,295.905,1524.000031,295.905243
19,188,1526.0,295.876,1526.0,295.875534
19,189,1528.0,295.818,1528.000031,295.818451
19,190,1530.0,295.748,1530.000031,295.748306
19,191,1532.0,295.701,1532.0,295.700851
19,192,1534.0,295.701,1534.0,295.70105
19,193,1536.0,295.745,1536.000031,295.744934
19,194,1538.0,295.8,1538.000031,295.799713
19,195,1540.0,295.846,1540.0,295.846176
19,196,1542.0,295.892,1542.000031,295.892181
19,197,1544.0,295.93,1544.000031,295.930389
19,198,1546.0,295.963,1546.0,295.963287
19,199,1548.0,296.034,1548.0,296.033859
19,200,1550.0,296.189,1550.000031,296.188965
19,201,1552.0,296.422,1552.000031,296.421982
19,202,1554.0,296.703,1554.0,296.703232
19,203,1556.0,296.987,1556.000031,296.986618
19,204,1558.0,297.318,1558.000031,297.318054
19,205,1560.0,297.82,1560.0,297.820007
19,206,1562.0,298.525,1562.0,298.525024
19,207,1564.0,299.225,1564.000031,299.225113
19,208,1565.571,299.737,1565.571472,299.736954
20,0,1265.857,294.994,1265.857147,294.994003
20,1,1267.143,294.96,1267.142868,294.95961
20,2,1269.0,294.911,1269.000008,294.910645
20,3,1271.0,294.841,1271.0,294.84053
20,4,1273.857,295.022,1273.857155,295.021683
20,5,1294.286,295.982,1294.285721,295.981644
20,6,1330.571,297.524,1330.571442,297.523972
20,7,1366.857,299.279,1366.857147,299.279434
20,8,1401.0,300.498,1401.0,300.497665
20,9,1403.0,300.775,1403.000015,300.775177
20,10,1408.143,301.354,1408.142853,301.353592
20,11,1417.857,301.346,1417.857178,301.345566
20,12,1427.571,301.659,1427.571442,301.659058
20,13,1435.714,302.083,1435.714294,302.083496
20,14,1440.0,302.533,1440.0,302.532776
20,15,1442.0,303.061,1442.000031,303.06073
20,16,1444.0,303.064,1444.0,303.063812
20,17,1446.0,302.95,1446.0,302.950165
20,18,1448.0,302.851,1448.000031,302.851257
20,19,1450.0,302.795,1450.0,302.795486
20,20,1452.0,302.788,1452.000031,302.787552
20,21,1454.0,302.838,1454.0,302.837555
20,22,1456.0,302.919,1456.000031,302.918915
20,23,1458.0,302.979,1458.0,302.978531
20,24,1460.0,303.002,1460.000031,303.001694
20,25,1462.0,302.993,1462.0,302.993164
20,26,1464.0,302.995,1464.0,302.995316
20,27,1466.0,303.01,1466.000031,303.009949
20,28,1468.0,302.987,1468.0,302.987274
20,29,1470.0,302.898,1470.000031,302.898453
20,30,1472.0,302.755,1472.0,302.755157
20,31,1474.0,302.592,1474.000031,302.592484
20,32,1476.0,302.545,1476.0,302.545364
20,33,1478.0,302.758,1478.0,302.758484
20,34,1480.0,303.158,1480.000031,303.158218
20,35,1482.0,303.554,1482.0,303.553757
20,36,1484.0,303.77,1484.000031,303.769516
20,37,1486.0,303.682,1486.0,303.68248
20,38,1488.0,303.55,1488.000031,303.550476
20,39,1490.0,303.566,1490.0,303.566071
20,40,1492.0,303.769,1492.0,303.768951
20,41,1494.0,304.115,1494.000031,304.115051
20,42,1496.0,304.385,1496.0,304.385208
20,43,1498.0,304.416,1498.000031,304.416306
20,44,1500.0,304.26,1500.000031,304.259949
20,45,1503.143,304.463,1503.142853,304.462524
20,46,1506.286,304.672,1506.285736,304.671555
20,47,1509.429,304.911,1509.428589,304.911194
20,48,1512.0,304.748,1512.0,304.748077
20,49,1514.0,304.274,1514.000031,304.274124
20,50,1516.0,303.868,1516.000031,303.86821
20,51,1518.0,303.743,1518.0,303.742966
20,52,1520.0,304.046,1520.0,304.045715
20,53,1522.0,304.548,1522.000031,304.548477
20,54,1524.0,305.434,1524.000031,305.434418
20,55,1526.0,306.351,1526.0,306.351074
20,56,1528.0,307.17,1528.000031,307.169647
20,57,1530.0,307.744,1530.000031,307.743835
20,58,1532.0,307.929,1532.0,307.929077
20,59,1534.0,307.971,1534.0,307.970612
20,60,1536.0,307.95,1536.000031,307.949966
20,61,1538.0,307.879,1538.000031,307.87886
20,62,1540.0,307.784,1540.0,307.784164
20,63,1542.0,307.739,1542.000031,307.739014
20,64,1544.0,307.773,1544.000031,307.772873
20,65,1546.0,307.855,1546.0,307.854706
20,66,1548.0,307.916,1548.0,307.916168
20,67,1550.0,307.879,1550.000031,307.87912
20,68,1552.0,307.814,1552.000031,307.814392
20,69,1554.0,307.935,1554.0,307.934601
20,70,1556.0,308.687,1556.000031,308.687027
20,71,1558.0,310.014,1558.000031,310.013779
20,72,1564.857,314.723,1564.857147,314.722733
20,73,1571.286,319.218,1571.285767,319.218353
21,0,1150.857,304.538,1150.857143,304.53804
21,1,1152.143,304.551,1152.142857,304.550751
21,2,1154.0,304.591,1154.0,304.590881
21,3,1156.0,304.669,1156.0,304.66861
21,4,1158.0,304.778,1158.0,304.778107
21,5,1160.0,304.895,1160.000001,304.895309
21,6,1162.0,305.006,1162.000001,305.006424
21,7,1164.0,305.143,1164.000001,305.142868
21,8,1166.0,305.326,1166.0,305.326126
21,9,1168.0,305.523,1168.000002,305.522614
21,10,1170.0,305.684,1170.000002,305.684143
21,11,1172.0,305.765,1172.0,305.765121
21,12,1174.0,305.786,1174.000002,305.78569
21,13,1176.0,305.782,1176.0,305.781616
21,14,1178.0,305.768,1178.000002,305.768021
21,15,1180.0,305.736,1180.000002,305.735519
21,16,1182.0,305.672,1182.000004,305.671677
21,17,1184.0,305.591,1184.0,305.591202
21,18,1186.0,305.525,1186.000004,305.524536
21,19,1188.0,305.487,1188.0,305.487076
21,20,1190.0,305.489,1190.000004,305.488892
21,21,1192.0,305.576,1192.000004,305.576263
21,22,1194.0,305.742,1194.000004,305.741943
21,23,1196.0,305.876,1196.0,305.876175
21,24,1214.286,306.454,1214.285713,306.454422
21,25,1232.571,306.935,1232.571434,306.935455
21,26,1253.286,307.391,1253.285721,307.391342
21,27,1268.286,307.691,1268.285713,307.690628
21,28,1275.143,307.764,1275.142868,307.764374
21,29,1282.0,307.847,1282.000015,307.847061
21,30,1284.0,307.937,1284.0,307.937164
21,31,1286.0,308.025,1286.0,308.025223
21,32,1288.0,308.122,1288.0,308.122421
21,33,1298.571,308.706,1298.571442,308.705597
21,34,1317.714,309.756,1317.714294,309.755936
21,35,1336.857,310.761,1336.857147,310.76123
21,36,1356.0,311.727,1356.000015,311.727219
21,37,1358.0,311.64,1358.0,311.640045
21,38,1360.0,311.538,1360.000015,311.538376
21,39,1362.0,311.448,1362.0,311.447968
21,40,1364.0,311.349,1364.000015,311.348969
21,41,1366.0,311.238,1366.000015,311.23819
21,42,1368.0,311.098,1368.000015,311.097839
21,43,1371.429,311.389,1371.428589,311.388748
21,44,1376.286,312.202,1376.285721,312.201859
21,45,1381.143,313.108,1381.142868,313.108353
21,46,1386.0,314.032,1386.0,314.03244
21,47,1388.0,313.988,1388.000015,313.988113
21,48,1390.0,313.685,1390.000015,313.685333
21,49,1392.0,313.261,1392.000015,313.260925
21,50,1394.0,312.865,1394.0,312.865448
21,51,1396.0,312.685,1396.000015,312.685349
21,52,1398.0,312.638,1398.000015,312.638306
21,53,1400.0,312.621,1400.0,312.620605
21,54,1402.0,312.638,1402.000015,312.637512
21,55,1404.0,312.949,1404.000015,312.948547
21,56,1406.0,313.51,1406.000031,313.509964
21,57,1408.0,314.117,1408.0,314.11731
21,58,1410.0,314.589,1410.000031,314.588913
21,59,1412.0,314.674,1412.0,314.674408
21,60,1414.0,314.641,1414.000031,314.640518
21,61,1416.0,314.598,1416.0,314.597672
21,62,1418.0,314.621,1418.0,314.620895
21,63,1420.0,314.787,1420.000031,314.787476
21,64,1422.0,315.121,1422.0,315.120529
21,65,1424.0,315.497,1424.000031,315.496521
21,66,1426.0,315.79,1426.0,315.79039
21,67,1428.0,315.936,1428.000031,315.935806
21,68,1430.0,315.97,1430.0,315.969543
21,69,1432.0,316.007,1432.0,316.007187
21,70,1434.0,316.087,1434.000031,316.0867
21,71,1436.0,316.178,1436.0,316.177826
21,72,1438.0,316.237,1438.000031,316.236633
21,73,1440.0,316.244,1440.0,316.244431
21,74,1442.0,316.207,1442.000031,316.206909
21,75,1444.0,316.133,1444.0,316.132767
21,76,1446.0,316.004,1446.0,316.00441
21,77,1448.0,315.831,1448.000031,315.831253
21,78,1450.0,315.658,1450.0,315.658249
21,79,1452.0,315.542,1452.000031,315.541687
21,80,1454.0,315.508,1454.0,315.507828
21,81,1456.0,315.525,1456.000031,315.524612
21,82,1458.0,315.557,1458.0,315.557175
21,83,1460.0,315.583,1460.000031,315.583221
21,84,1462.0,315.589,1462.0,315.589233
21,85,1464.0,315.65,1464.0,315.649643
21,86,1466.0,315.936,1466.000031,315.935638
21,87,1468.0,316.48,1468.0,316.480316
21,88,1470.0,317.138,1470.000031,317.138275
21,89,1472.0,317.684,1472.0,317.684311
21,90,1474.0,317.929,1474.000031,317.928986
21,91,1476.0,317.926,1476.0,317.926468
21,92,1478.0,317.898,1478.0,317.897659
21,93,1480.0,317.956,1480.000031,317.955582
21,94,1482.0,318.102,1482.0,318.101868
21,95,1484.0,318.169,1484.000031,318.169266
21,96,1486.0,317.994,1486.0,317.994034
21,97,1488.0,317.774,1488.000031,317.774185
21,98,1490.0,317.698,1490.0,317.697769
21,99,1492.0,317.775,1492.0,317.775116
21,100,1494.0,317.858,1494.000031,317.858124
21,101,1496.0,317.801,1496.0,317.801392
21,102,1498.0,317.731,1498.000031,317.730896
21,103,1500.0,317.809,1500.000031,317.808807
21,104,1502.0,318.025,1502.000031,318.024811
21,105,1504.0,318.284,1504.0,318.283951
21,106,1506.0,318.513,1506.0,318.51265
21,107,1508.0,318.673,1508.000031,318.673157
21,108,1510.0,318.791,1510.000031,318.79126
21,109,1512.0,318.93,1512.0,318.929642
21,110,1514.0,319.091,1514.000031,319.091003
21,111,1516.0,319.237,1516.000031,319.237259
21,112,1518.0,319.279,1518.0,319.27858
21,113,1520.0,319.207,1520.0,319.206894
21,114,1522.0,319.109,1522.000031,319.109222
21,115,1524.0,319.08,1524.000031,319.080414
21,116,1526.0,319.142,1526.0,319.142166
21,117,1528.0,319.261,1528.000031,319.261002
21,118,1530.0,319.429,1530.000031,319.428574
21,119,1532.0,319.65,1532.0,319.649673
21,120,1534.0,319.892,1534.0,319.891739
21,121,1536.0,320.076,1536.000031,320.076111
21,122,1538.0,320.161,1538.000031,320.160629
21,123,1540.0,320.171,1540.0,320.170532
21,124,1542.0,320.184,1542.000031,320.183868
21,125,1544.0,320.241,1544.000031,320.240509
21,126,1546.0,320.31,1546.0,320.310486
21,127,1548.0,320.364,1548.0,320.363602
21,128,1550.0,320.409,1550.000031,320.409424
21,129,1552.0,320.496,1552.000031,320.49588
21,130,1554.0,320.658,1554.0,320.657608
21,131,1556.0,320.942,1556.000031,320.942474
21,132,1558.0,321.3,1558.000031,321.300339
21,133,1560.0,321.608,1560.0,321.608017
21,134,1562.0,321.684,1562.0,321.684189
21,135,1564.0,321.546,1564.000031,321.545746
21,136,1566.0,321.422,1566.000031,321.42189
21,137,1568.0,321.444,1568.0,321.443726
21,138,1569.857,321.661,1569.857147,321.661026
21,139,1571.143,321.855,1571.142853,321.855377
22,0,1150.857,328.875,1150.857143,328.874847
22,1,1152.143,328.818,1152.142857,328.818314
22,2,1154.0,328.728,1154.0,328.727768
22,3,1156.0,328.643,1156.0,328.642761
22,4,1158.0,328.611,1158.0,328.610657
22,5,1160.0,328.64,1160.000001,328.639801
22,6,1162.0,328.661,1162.000001,328.661209
22,7,1164.0,328.649,1164.000001,328.649216
22,8,1166.0,328.664,1166.0,328.664124
22,9,1168.0,328.718,1168.000002,328.717545
22,10,1170.0,328.806,1170.000002,328.805756
22,11,1172.0,328.817,1172.0,328.81723
22,12,1174.0,328.708,1174.000002,328.707901
22,13,1176.0,328.576,1176.0,328.575562
22,14,1178.0,328.491,1178.000002,328.491165
22,15,1180.0,328.497,1180.000002,328.497406
22,16,1182.0,328.518,1182.000004,328.518097
22,17,1184.0,328.494,1184.0,328.494125
22,18,1186.0,328.428,1186.000004,328.428146
22,19,1188.0,328.351,1188.0,328.350967
22,20,1190.0,328.278,1190.000004,328.278
22,21,1192.0,328.192,1192.000004,328.191757
22,22,1194.0,328.131,1194.000004,328.130844
22,23,1203.429,329.499,1203.428574,329.498779
22,24,1212.857,330.979,1212.857143,330.979401
22,25,1222.286,332.456,1222.285713,332.455811
22,26,1228.0,333.028,1228.0,333.027557
22,27,1230.0,332.632,1230.0,332.631653
22,28,1232.0,332.097,1232.000008,332.097107
22,29,1234.0,331.641,1234.0,331.641129
22,30,1236.0,331.417,1236.0,331.416824
22,31,1238.0,331.356,1238.000008,331.355896
22,32,1240.0,331.351,1240.0,331.35083
22,33,1242.0,331.341,1242.0,331.341461
22,34,1244.0,331.305,1244.000008,331.304642
22,35,1246.0,331.221,1246.000008,331.220505
22,36,1248.0,331.098,1248.000008,331.097961
22,37,1250.0,330.974,1250.0,330.974274
22,38,1252.0,330.884,1252.000008,330.883804
22,39,1254.0,330.846,1254.000008,330.845871
22,40,1256.0,330.836,1256.0,330.8358
22,41,1258.0,330.804,1258.000008,330.804153
22,42,1260.0,330.69,1260.000008,330.689819
22,43,1262.0,330.554,1262.000008,330.554123
22,44,1264.0,330.707,1264.0,330.706665
22,45,1266.0,330.962,1266.000008,330.961639
22,46,1268.0,331.094,1268.000008,331.094162
22,47,1270.0,331.024,1270.0,331.0242
22,48,1272.0,330.598,1272.0,330.598083
22,49,1274.0,329.987,1274.000008,329.987122
22,50,1276.0,329.422,1276.000008,329.421982
22,51,1278.0,328.893,1278.0,328.892792
22,52,1280.0,328.607,1280.000015,328.606812
22,53,1282.0,328.548,1282.000015,328.548477
22,54,1284.0,328.549,1284.0,328.548523
22,55,1286.0,328.604,1286.0,328.604401
22,56,1288.0,328.788,1288.0,328.787979
22,57,1290.0,329.171,1290.0,329.170609
22,58,1292.0,329.693,1292.0,329.692535
22,59,1294.0,330.368,1294.000015,330.367508
22,60,1296.0,331.099,1296.000015,331.09938
22,61,1298.0,331.701,1298.0,331.701141
22,62,1300.0,332.093,1300.0,332.092529
22,63,1302.0,332.18,1302.0,332.179642
22,64,1304.0,332.119,1304.000015,332.11882
22,65,1306.0,332.034,1306.0,332.034286
22,66,1308.0,331.928,1308.0,331.92775
22,67,1310.0,331.885,1310.000015,331.885376
22,68,1312.0,331.989,1312.0,331.988754
22,69,1314.0,332.172,1314.0,332.171768
22,70,1316.0,332.357,1316.0,332.356888
22,71,1318.0,332.467,1318.000015,332.467484
22,72,1320.0,332.629,1320.000015,332.628784
22,73,1322.0,332.836,1322.0,332.835632
22,74,1324.0,333.003,1324.000015,333.003433
22,75,1326.0,332.994,1326.0,332.994339
22,76,1328.0,332.836,1328.000015,332.835709
22,77,1330.0,332.74,1330.0,332.740173
22,78,1332.0,332.802,1332.000015,332.801865
22,79,1334.0,333.021,1334.0,333.020828
22,80,1336.0,333.392,1336.000015,333.391861
22,81,1338.0,333.813,1338.000015,333.81337
22,82,1340.0,334.098,1340.000015,334.098465
22,83,1342.0,334.126,1342.000015,334.126022
22,84,1344.0,333.89,1344.0,333.889938
22,85,1346.0,333.592,1346.000015,333.591843
22,86,1348.0,333.4,1348.0,333.400208
22,87,1350.0,333.37,1350.000015,333.3703
22,88,1352.0,333.405,1352.000015,333.404617
22,89,1354.0,333.446,1354.000015,333.445877
22,90,1356.0,333.47,1356.000015,333.470139
22,91,1358.0,333.472,1358.0,333.472107
22,92,1360.0,333.469,1360.000015,333.469009
22,93,1362.0,333.476,1362.0,333.475555
22,94,1364.0,333.499,1364.000015,333.498688
22,95,1366.0,333.539,1366.000015,333.538788
22,96,1368.0,333.586,1368.000015,333.585617
22,97,1370.0,333.633,1370.000015,333.633072
22,98,1372.0,333.695,1372.0,333.695374
22,99,1374.0,333.842,1374.000015,333.842484
22,100,1376.0,334.166,1376.000015,334.165939
22,101,1378.0,334.592,1378.000015,334.5923
22,102,1380.0,335.032,1380.0,335.031586
22,103,1382.0,335.387,1382.000015,335.386826
22,104,1384.0,335.638,1384.000015,335.638031
22,105,1386.0,335.821,1386.0,335.821045
22,106,1388.0,335.9,1388.000015,335.899612
22,107,1390.0,335.814,1390.000015,335.814346
22,108,1392.0,335.636,1392.000015,335.635727
22,109,1394.0,335.46,1394.0,335.460205
22,110,1396.0,335.368,1396.000015,335.36795
22,111,1398.0,335.419,1398.000015,335.418823
22,112,1400.0,335.635,1400.0,335.635071
22,113,1402.0,335.999,1402.000015,335.999268
22,114,1404.0,336.315,1404.000015,336.315201
22,115,1406.0,336.442,1406.000031,336.441788
22,116,1408.0,336.415,1408.0,336.415329
22,117,1410.0,336.395,1410.000031,336.394958
22,118,1412.0,336.495,1412.0,336.494507
22,119,1414.0,336.633,1414.000031,336.633392
22,120,1416.0,336.646,1416.0,336.645554
22,121,1418.0,336.579,1418.0,336.578812
22,122,1420.0,336.552,1420.000031,336.552338
22,123,1422.0,336.683,1422.0,336.683014
22,124,1424.0,336.96,1424.000031,336.959702
22,125,1426.0,337.255,1426.0,337.254898
22,126,1428.0,337.428,1428.000031,337.428329
22,127,1430.0,337.459,1430.0,337.45871
22,128,1432.0,337.423,1432.0,337.42334
22,129,1434.0,337.437,1434.000031,337.437424
22,130,1436.0,337.607,1436.0,337.607391
22,131,1438.0,338.006,1438.000031,338.0056
22,132,1440.0,338.516,1440.0,338.515839
22,133,1442.0,339.016,1442.000031,339.015564
22,134,1444.0,339.347,1444.0,339.346695
22,135,1446.0,339.505,1446.0,339.504654
22,136,1448.0,339.567,1448.000031,339.56723
22,137,1450.0,339.591,1450.0,339.591187
22,138,1452.0,339.574,1452.000031,339.573792
22,139,1454.0,339.469,1454.0,339.469131
22,140,1456.0,339.293,1456.000031,339.293472
22,141,1458.0,339.066,1458.0,339.065933
22,142,1460.0,338.833,1460.000031,338.833084
22,143,1462.0,338.639,1462.0,338.639374
22,144,1464.0,338.495,1464.0,338.494766
22,145,1466.0,338.391,1466.000031,338.391312
22,146,1468.0,338.273,1468.0,338.272919
22,147,1470.0,338.095,1470.000031,338.094513
22,148,1472.0,337.893,1472.0,337.893005
22,149,1474.0,337.775,1474.000031,337.77504
22,150,1476.0,337.836,1476.0,337.836136
22,151,1478.0,338.052,1478.0,338.052444
22,152,1480.0,338.346,1480.000031,338.346298
22,153,1482.0,338.642,1482.0,338.641846
22,154,1484.0,338.865,1484.000031,338.865326
22,155,1486.0,339.047,1486.0,339.047028
22,156,1488.0,339.244,1488.000031,339.244217
22,157,1490.0,339.469,1490.0,339.468857
22,158,1492.0,339.725,1492.0,339.724594
22,159,1494.0,339.942,1494.000031,339.941833
22,160,1496.0,340.043,1496.0,340.042618
22,161,1498.0,340.068,1498.000031,340.067673
22,162,1500.0,340.082,1500.000031,340.082184
22,163,1502.0,340.207,1502.000031,340.207458
22,164,1504.0,340.591,1504.0,340.590744
22,165,1506.0,341.022,1506.0,341.021744
22,166,1508.0,341.376,1508.000031,341.375885
22,167,1510.0,341.529,1510.000031,341.528824
22,168,1512.0,341.561,1512.0,341.560898
22,169,1514.0,341.654,1514.000031,341.6539
22,170,1516.0,341.801,1516.000031,341.801071
22,171,1518.0,341.942,1518.0,341.941696
22,172,1520.0,342.009,1520.0,342.008514
22,173,1522.0,342.002,1522.000031,342.001633
22,174,1524.0,341.995,1524.000031,341.994675
22,175,1526.0,342.042,1526.0,342.041595
22,176,1528.0,342.161,1528.000031,342.161331
22,177,1530.0,342.31,1530.000031,342.309998
22,178,1532.0,342.444,1532.0,342.443832
22,179,1534.0,342.565,1534.0,342.564758
22,180,1536.0,342.691,1536.000031,342.691132
22,181,1538.0,342.824,1538.000031,342.824478
22,182,1540.0,342.948,1540.0,342.947998
22,183,1542.0,343.042,1542.000031,343.041931
22,184,1544.0,343.104,1544.000031,343.104095
22,185,1546.0,343.125,1546.0,343.124908
22,186,1548.0,343.108,1548.0,343.107559
22,187,1550.0,343.065,1550.000031,343.06546
22,188,1552.0,343.014,1552.000031,343.014069
22,189,1554.0,342.971,1554.0,342.970566
22,190,1556.0,342.946,1556.000031,342.945648
22,191,1558.0,342.951,1558.000031,342.950989
22,192,1560.0,342.981,1560.0,342.981262
22,193,1562.0,343.006,1562.0,343.00589
22,194,1564.0,343.0,1564.000031,343.000183
22,195,1566.0,342.979,1566.000031,342.978699
22,196,1568.0,342.979,1568.0,342.979431
22,197,1570.0,343.022,1570.000031,343.021606
22,198,1572.0,343.125,1572.000031,343.125351
22,199,1574.0,343.326,1574.0,343.3255
22,200,1576.0,343.626,1576.0,343.626083
22,201,1578.0,343.859,1578.000031,343.858551
22,202,1580.0,343.936,1580.000031,343.935928
22,203,1582.0,343.872,1582.0,343.872238
22,204,1584.0,343.786,1584.000031,343.786499
22,205,1586.0,343.838,1586.000031,343.838181
22,206,1588.0,343.963,1588.000031,343.963181
22,207,1590.0,344.084,1590.0,344.084335
22,208,1592.0,344.123,1592.000031,344.123291
22,209,1594.0,344.037,1594.000031,344.037308
22,210,1596.0,343.964,1596.0,343.963669
22,211,1598.0,343.953,1598.000031,343.952957
22,212,1600.0,344.006,1600.000031,344.006027
22,213,1601.857,344.076,1601.857178,344.076004
22,214,1603.143,344.075,1603.142883,344.075363
23,0,1378.857,351.813,1378.857162,351.813004
23,1,1383.0,351.876,1383.000015,351.875839
23,2,1387.714,351.959,1387.71431,351.959045
23,3,1392.571,352.009,1392.571426,352.009216
23,4,1396.0,352.023,1396.000015,352.02272
23,5,1398.0,351.987,1398.000015,351.987
23,6,1400.0,352.006,1400.0,352.006317
23,7,1402.0,352.115,1402.000015,352.11525
23,8,1404.0,352.255,1404.000015,352.255005
23,9,1406.0,352.399,1406.000031,352.398804
23,10,1408.0,352.621,1408.0,352.621307
23,11,1410.0,353.415,1410.000031,353.415039
23,12,1412.0,354.083,1412.0,354.083221
23,13,1414.0,354.478,1414.000031,354.477768
23,14,1416.0,354.214,1416.0,354.214066
23,15,1432.857,355.351,1432.857147,355.351181
23,16,1449.714,356.684,1449.714294,356.683655
23,17,1466.714,358.182,1466.714294,358.182053
23,18,1476.429,358.891,1476.428589,358.890854
23,19,1478.714,358.719,1478.714264,358.718948
23,20,1481.0,358.58,1481.000031,358.57959
23,21,1483.0,358.603,1483.0,358.602585
23,22,1485.0,358.572,1485.0,358.571777
23,23,1487.0,358.437,1487.000031,358.437347
23,24,1489.0,358.371,1489.0,358.371399
23,25,1491.0,358.506,1491.000031,358.506348
23,26,1493.0,358.836,1493.000031,358.836121
23,27,1495.0,359.131,1495.000031,359.131042
23,28,1497.0,359.225,1497.0,359.224854
23,29,1499.0,359.174,1499.0,359.173676
23,30,1501.0,359.043,1501.000031,359.042618
23,31,1503.0,358.9,1503.0,358.899872
23,32,1505.0,358.753,1505.000031,358.753296
23,33,1507.0,358.625,1507.000031,358.625336
23,34,1509.0,358.616,1509.000031,358.615646
23,35,1511.0,358.63,1511.0,358.629883
23,36,1513.0,358.611,1513.0,358.611084
23,37,1515.0,358.582,1515.000031,358.582245
23,38,1517.0,358.596,1517.000031,358.596329
23,39,1519.0,358.711,1519.0,358.711365
23,40,1521.0,358.855,1521.000031,358.855072
23,41,1523.0,358.856,1523.000031,358.855865
23,42,1525.0,358.707,1525.0,358.706635
23,43,1527.0,358.523,1527.0,358.522614
23,44,1529.0,358.462,1529.000031,358.461838
23,45,1531.0,358.552,1531.000031,358.551727
23,46,1533.0,358.668,1533.0,358.667984
23,47,1535.0,358.757,1535.000031,358.756592
23,48,1537.0,358.787,1537.000031,358.787415
23,49,1539.0,358.816,1539.0,358.815811
23,50,1541.0,358.847,1541.0,358.846649
23,51,1543.0,358.898,1543.000031,358.897751
23,52,1545.0,358.988,1545.000031,358.98764
23,53,1547.0,359.074,1547.0,359.074387
23,54,1549.0,359.117,1549.000031,359.116531
23,55,1551.0,359.102,1551.000031,359.102234
23,56,1553.0,359.061,1553.0,359.06131
23,57,1555.0,359.04,1555.0,359.0401
23,58,1557.0,359.041,1557.000031,359.041046
23,59,1559.0,359.068,1559.000031,359.068451
23,60,1561.0,359.133,1561.0,359.133224
23,61,1563.0,359.26,1563.000031,359.260422
23,62,1565.0,359.52,1565.000031,359.519638
23,63,1567.0,359.853,1567.0,359.853485
23,64,1569.0,360.187,1569.0,360.187439
23,65,1571.0,360.449,1571.000031,360.449081
23,66,1573.0,360.607,1573.000031,360.606628
23,67,1575.0,360.717,1575.0,360.716751
23,68,1577.0,360.77,1577.000031,360.769989
23,69,1579.0,360.779,1579.000031,360.778824
23,70,1581.0,360.791,1581.000031,360.790558
23,71,1583.0,360.871,1583.0,360.870682
23,72,1585.0,361.051,1585.000031,361.051239
23,73,1586.857,361.352,1586.857178,361.351715
23,74,1588.143,361.598,1588.142883,361.597733
24,0,1550.857,365.659,1550.857178,365.659042
24,1,1552.143,365.849,1552.142883,365.848785
24,2,1554.0,366.047,1554.0,366.046921
24,3,1556.0,366.131,1556.000031,366.131454
24,4,1558.0,366.054,1558.000031,366.054276
24,5,1560.0,365.889,1560.0,365.889145
24,6,1565.571,365.359,1565.571442,365.358536
24,7,1574.714,364.705,1574.714294,364.705444
24,8,1583.429,364.14,1583.428558,364.140366
25,0,1150.857,367.599,1150.857143,367.599045
25,1,1152.143,367.789,1152.142857,367.788574
25,2,1154.0,367.885,1154.0,367.884827
25,3,1156.0,367.783,1156.0,367.783432
25,4,1158.0,367.459,1158.0,367.458572
25,5,1160.0,367.045,1160.000001,367.044601
25,6,1162.0,366.7,1162.000001,366.700424
25,7,1164.0,366.445,1164.000001,366.445496
25,8,1166.0,366.312,1166.0,366.312347
25,9,1168.0,366.313,1168.000002,366.312546
25,10,1170.0,366.426,1170.000002,366.425827
25,11,1172.0,366.646,1172.0,366.645706
25,12,1174.0,366.929,1174.000002,366.928528
25,13,1176.0,367.213,1176.0,367.212784
25,14,1178.0,367.468,1178.000002,367.467773
25,15,1180.0,367.679,1180.000002,367.678589
25,16,1182.0,367.863,1182.000004,367.862961
25,17,1184.0,368.058,1184.0,368.057632
25,18,1186.0,368.253,1186.000004,368.252762
25,19,1188.0,368.436,1188.0,368.435822
25,20,1190.0,368.615,1190.000004,368.614624
25,21,1192.0,368.807,1192.000004,368.80722
25,22,1194.0,368.909,1194.000004,368.909286
25,23,1196.143,368.83,1196.142857,368.829819
25,24,1198.429,368.645,1198.428574,368.645142
25,25,1200.714,368.512,1200.714291,368.511673
25,26,1203.0,368.646,1203.0,368.645844
25,27,1205.0,368.979,1205.0,368.978668
25,28,1207.0,369.264,1207.000004,369.264023
25,29,1209.0,369.388,1209.000004,369.388062
25,30,1211.0,369.382,1211.0,369.381683
25,31,1213.0,369.337,1213.000004,369.337219
25,32,1215.0,369.29,1215.0,369.28952
25,33,1217.0,369.208,1217.000008,369.208115
25,34,1219.0,369.08,1219.0,369.0802
25,35,1221.0,368.823,1221.0,368.823135
25,36,1223.0,368.415,1223.000008,368.414703
25,37,1225.0,367.989,1225.0,367.989365
25,38,1227.0,367.719,1227.0,367.718781
25,39,1229.0,367.75,1229.0,367.74968
25,40,1231.0,367.993,1231.0,367.992676
25,41,1233.0,368.262,1233.0,368.261887
25,42,1235.0,368.436,1235.0,368.435593
25,43,1237.0,368.542,1237.000008,368.541809
25,44,1239.0,368.682,1239.000008,368.681778
25,45,1241.0,368.863,1241.000008,368.863464
25,46,1243.0,369.043,1243.0,369.043488
25,47,1245.0,369.229,1245.000008,369.228729
25,48,1247.0,369.388,1247.000008,369.38829
25,49,1249.0,369.506,1249.0,369.505981
25,50,1251.0,369.57,1251.000008,369.570435
25,51,1253.0,369.561,1253.000008,369.560532
25,52,1255.0,369.524,1255.000008,369.523621
25,53,1257.0,369.514,1257.0,369.514465
25,54,1259.0,369.543,1259.000008,369.543442
25,55,1261.0,369.64,1261.000008,369.639526
25,56,1263.0,369.818,1263.0,369.817932
25,57,1265.0,370.052,1265.0,370.051651
25,58,1267.0,370.296,1267.000008,370.295883
25,59,1269.0,370.52,1269.000008,370.519974
25,60,1271.0,370.687,1271.0,370.687103
25,61,1273.0,370.745,1273.000008,370.745178
25,62,1275.0,370.656,1275.000008,370.656235
25,63,1277.0,370.457,1277.0,370.457123
25,64,1279.0,370.228,1279.0,370.227692
25,65,1281.0,370.035,1281.0,370.03537
25,66,1283.0,369.916,1283.0,369.915649
25,67,1285.0,369.942,1285.0,369.941528
25,68,1287.0,370.24,1287.000015,370.240189
25,69,1289.0,370.74,1289.000015,370.739944
25,70,1291.0,371.258,1291.0,371.258118
25,71,1293.0,371.671,1293.0,371.671326
25,72,1295.0,371.921,1295.0,371.920563
25,73,1297.0,372.118,1297.0,372.11821
25,74,1299.0,372.307,1299.0,372.307251
25,75,1301.0,372.589,1301.0,372.58934
25,76,1303.0,372.867,1303.000015,372.866669
25,77,1305.0,373.174,1305.0,373.173737
25,78,1307.0,373.574,1307.0,373.574295
25,79,1309.0,373.977,1309.0,373.976807
25,80,1311.286,374.484,1311.285721,374.483994
25,81,1313.857,375.026,1313.857147,375.026276
25,82,1316.429,375.361,1316.428589,375.361465
25,83,1319.0,375.331,1319.0,375.331421
25,84,1321.0,374.918,1321.000015,374.917923
25,85,1323.0,374.395,1323.0,374.395325
25,86,1325.0,373.955,1325.000015,373.954834
25,87,1327.0,373.745,1327.000015,373.744583
25,88,1329.0,373.58,1329.0,373.580475
25,89,1331.0,373.423,1331.000015,373.422699
25,90,1333.0,373.265,1333.000015,373.265396
25,91,1335.0,373.122,1335.000015,373.122421
25,92,1337.0,373.04,1337.0,373.039917
25,93,1339.0,373.058,1339.000015,373.05777
25,94,1341.0,373.178,1341.0,373.178253
25,95,1343.0,373.383,1343.000015,373.383453
25,96,1345.0,373.709,1345.000015,373.708969
25,97,1347.0,374.438,1347.000015,374.438004
25,98,1349.0,375.455,1349.000015,375.454803
25,99,1351.0,376.453,1351.0,376.452942
25,100,1353.0,377.217,1353.000015,377.216949
25,101,1355.0,377.39,1355.0,377.389648
25,102,1357.0,377.282,1357.000015,377.282227
25,103,1359.0,377.014,1359.000015,377.013611
25,104,1361.0,376.674,1361.000015,376.673889
25,105,1363.0,376.359,1363.000015,376.359222
25,106,1365.0,376.143,1365.0,376.143127
25,107,1367.0,376.058,1367.000015,376.058319
25,108,1369.0,376.059,1369.0,376.059113
25,109,1371.0,376.08,1371.000015,376.079865
25,110,1373.0,376.075,1373.000015,376.074829
25,111,1375.0,376.039,1375.000015,376.039215
25,112,1377.0,376.04,1377.000015,376.040314
25,113,1379.0,376.108,1379.0,376.108185
25,114,1381.0,376.228,1381.000015,376.22757
25,115,1383.0,376.391,1383.000015,376.391205
25,116,1385.0,376.547,1385.000015,376.546997
25,117,1387.0,376.657,1387.0,376.65741
25,118,1389.0,376.733,1389.000015,376.732513
25,119,1391.0,376.81,1391.000015,376.810089
25,120,1393.0,376.93,1393.0,376.930145
25,121,1395.0,377.082,1395.000015,377.082184
25,122,1397.0,377.217,1397.000015,377.217377
25,123,1399.0,377.311,1399.000015,377.310944
25,124,1401.0,377.375,1401.0,377.375031
25,125,1403.0,377.443,1403.000015,377.443481
25,126,1405.0,377.529,1405.000015,377.528503
25,127,1407.0,377.548,1407.000031,377.547546
25,128,1409.0,377.416,1409.0,377.416199
25,129,1411.0,377.319,1411.0,377.319397
25,130,1413.0,377.2,1413.000031,377.200165
25,131,1415.0,377.237,1415.0,377.236725
25,132,1417.0,377.446,1417.000031,377.445709
25,133,1419.0,378.027,1419.0,378.026581
25,134,1421.0,378.807,1421.000031,378.806793
25,135,1423.0,379.652,1423.0,379.65155
25,136,1425.0,380.135,1425.0,380.134827
25,137,1427.0,380.352,1427.000031,380.351562
25,138,1429.0,380.375,1429.0,380.375
25,139,1431.0,380.321,1431.000031,380.32074
25,140,1433.0,380.38,1433.0,380.380005
25,141,1435.0,380.729,1435.000031,380.729492
25,142,1436.571,381.216,1436.571442,381.215607
26,0,1487.857,370.781,1487.857147,370.781403
26,1,1490.571,371.172,1490.571442,371.172287
26,2,1495.286,371.676,1495.285767,371.676453
26,3,1500.143,372.084,1500.142883,372.084457
26,4,1509.0,372.398,1509.000031,372.397552
26,5,1515.0,372.434,1515.000031,372.434494
26,6,1521.0,372.469,1521.000031,372.468811
26,7,1525.0,372.479,1525.0,372.479248
26,8,1527.0,372.45,1527.0,372.450211
26,9,1529.0,372.427,1529.000031,372.426926
26,10,1531.0,372.451,1531.000031,372.451248
26,11,1533.0,372.575,1533.0,372.574554
26,12,1535.0,372.8,1535.000031,372.799622
26,13,1537.0,373.053,1537.000031,373.052689
26,14,1539.0,373.25,1539.0,373.250031
26,15,1541.0,373.327,1541.0,373.326736
26,16,1543.0,373.292,1543.000031,373.292221
26,17,1545.0,373.203,1545.000031,373.202759
26,18,1547.0,373.078,1547.0,373.0784
26,19,1549.0,372.916,1549.000031,372.916351
26,20,1551.0,372.741,1551.000031,372.741135
26,21,1553.0,372.582,1553.0,372.58197
26,22,1555.0,372.478,1555.0,372.47789
26,23,1557.0,372.441,1557.000031,372.440689
26,24,1559.0,372.435,1559.000031,372.435287
26,25,1561.0,372.437,1561.0,372.437088
26,26,1563.0,372.439,1563.000031,372.439255
26,27,1565.0,372.441,1565.000031,372.44072
26,28,1567.0,372.436,1567.0,372.435654
26,29,1569.0,372.432,1569.0,372.432312
26,30,1571.0,372.481,1571.000031,372.480911
26,31,1573.0,372.568,1573.000031,372.567719
26,32,1575.0,372.662,1575.0,372.662292
26,33,1577.0,372.729,1577.000031,372.728973
26,34,1579.0,372.799,1579.000031,372.798691
26,35,1581.0,372.959,1581.000031,372.958832
26,36,1583.0,373.21,1583.0,373.209946
26,37,1585.0,373.563,1585.000031,373.562729
26,38,1587.0,373.985,1587.000031,373.984741
26,39,1589.0,374.385,1589.0,374.385132
26,40,1591.0,374.75,1591.000031,374.749603
26,41,1593.0,374.982,1593.000031,374.98201
26,42,1595.0,375.08,1595.000031,375.079956
26,43,1597.0,374.993,1597.0,374.993484
26,44,1598.571,374.811,1598.571411,374.811264
27,0,1157.857,384.005,1157.857143,384.005249
27,1,1159.143,383.62,1159.142858,383.61972
27,2,1161.0,382.98,1161.000001,382.980194
27,3,1163.0,382.201,1163.000001,382.200775
27,4,1165.0,381.269,1165.0,381.268524
27,5,1167.0,380.349,1167.0,380.349426
27,6,1169.0,379.676,1169.0,379.676147
27,7,1171.0,379.286,1171.000002,379.285919
27,8,1173.0,379.069,1173.000002,379.068665
27,9,1175.0,378.888,1175.000002,378.888092
27,10,1177.0,378.606,1177.000002,378.606476
27,11,1179.0,378.06,1179.000002,378.059692
27,12,1184.714,378.091,1184.714287,378.090973
27,13,1190.429,376.823,1190.428574,376.822693
27,14,1195.857,377.384,1195.857143,377.384033
27,15,1199.429,378.059,1199.428574,378.058716
27,16,1201.143,378.17,1201.142864,378.1698
27,17,1203.0,379.805,1203.0,379.805481
27,18,1205.0,379.805,1205.0,379.804932
27,19,1207.0,379.818,1207.000004,379.817963
27,20,1209.0,379.879,1209.000004,379.878754
27,21,1211.0,379.919,1211.0,379.919037
27,22,1213.0,379.89,1213.000004,379.890015
27,23,1215.0,379.785,1215.0,379.784668
27,24,1217.0,379.601,1217.000008,379.601288
27,25,1219.0,379.267,1219.0,379.267365
27,26,1221.0,378.703,1221.0,378.703369
27,27,1223.857,378.809,1223.857147,378.809021
27,28,1227.571,379.666,1227.571426,379.666321
27,29,1231.286,380.786,1231.285713,380.785736
27,30,1235.0,381.963,1235.0,381.963257
27,31,1237.0,381.811,1237.000008,381.811432
27,32,1239.0,381.515,1239.000008,381.515228
27,33,1241.0,381.236,1241.000008,381.23584
27,34,1243.0,381.087,1243.0,381.086548
27,35,1245.0,381.143,1245.000008,381.143005
27,36,1247.0,381.276,1247.000008,381.276489
27,37,1249.0,381.321,1249.0,381.321045
27,38,1251.0,381.225,1251.000008,381.224976
27,39,1253.0,381.02,1253.000008,381.020294
27,40,1255.0,380.835,1255.000008,380.834839
27,41,1257.0,380.725,1257.0,380.724915
27,42,1259.0,380.67,1259.000008,380.670258
27,43,1261.0,380.663,1261.000008,380.662537
27,44,1266.714,380.892,1266.714287,380.89209
27,45,1272.429,381.055,1272.428574,381.054504
27,46,1278.143,381.184,1278.142868,381.183746
27,47,1282.286,381.204,1282.285721,381.203888
27,48,1286.0,381.349,1286.0,381.349243
27,49,1291.143,381.651,1291.142868,381.650757
27,50,1296.143,382.072,1296.142853,382.07193
27,51,1301.0,382.593,1301.0,382.592865
27,52,1303.0,383.004,1303.000015,383.003693
27,53,1305.0,383.73,1305.0,383.730225
27,54,1307.0,384.494,1307.0,384.494415
27,55,1309.0,384.961,1309.0,384.961426
27,56,1311.0,385.011,1311.000015,385.010956
27,57,1313.0,384.584,1313.0,384.584076
27,58,1315.0,383.947,1315.0,383.947205
27,59,1317.0,383.152,1317.000015,383.151886
27,60,1319.286,382.232,1319.285721,382.231567
27,61,1321.857,381.741,1321.857147,381.740601
27,62,1324.429,381.771,1324.428589,381.771027
27,63,1327.0,382.366,1327.000015,382.365662
27,64,1329.0,383.121,1329.0,383.120697
27,65,1331.0,383.726,1331.000015,383.72644
27,66,1333.0,384.177,1333.000015,384.177185
27,67,1335.0,384.434,1335.000015,384.434052
27,68,1337.0,384.53,1337.0,384.530365
27,69,1346.571,384.438,1346.571442,384.438141
27,70,1363.714,384.199,1363.714294,384.199432
27,71,1380.857,383.933,1380.857147,383.932709
27,72,1400.857,383.618,1400.857147,383.618378
27,73,1405.714,383.596,1405.714294,383.5961
27,74,1417.714,383.434,1417.714294,383.434052
27,75,1428.286,383.42,1428.285736,383.419678
27,76,1437.429,383.429,1437.428589,383.42868
27,77,1443.0,383.53,1443.0,383.529633
27,78,1445.0,383.561,1445.000031,383.560822
27,79,1447.0,383.487,1447.0,383.486603
27,80,1449.0,383.353,1449.000031,383.353424
27,81,1451.0,383.141,1451.0,383.141113
27,82,1453.0,382.778,1453.000031,382.777985
27,83,1455.0,382.3,1455.0,382.300415
27,84,1457.0,381.835,1457.0,381.835327
27,85,1459.0,381.52,1459.000031,381.520172
27,86,1461.0,381.487,1461.0,381.486847
27,87,1463.0,381.593,1463.000031,381.593109
27,88,1465.0,381.732,1465.0,381.731964
27,89,1467.0,381.828,1467.000031,381.828033
27,90,1469.0,381.87,1469.0,381.870117
27,91,1471.0,381.898,1471.0,381.897736
27,92,1473.0,381.955,1473.000031,381.954712
27,93,1475.0,382.08,1475.0,382.080017
27,94,1477.0,382.241,1477.000031,382.241272
27,95,1479.0,382.401,1479.0,382.400665
27,96,1481.0,382.494,1481.000031,382.494263
27,97,1483.0,382.504,1483.0,382.504028
27,98,1485.0,382.486,1485.0,382.486389
27,99,1487.0,382.487,1487.000031,382.487213
27,100,1489.0,382.493,1489.0,382.492523
27,101,1491.0,382.489,1491.000031,382.489288
27,102,1493.0,382.478,1493.000031,382.478394
27,103,1495.0,382.5,1495.000031,382.500366
27,104,1497.0,382.614,1497.0,382.6138
27,105,1499.0,382.81,1499.0,382.810272
27,106,1501.0,383.083,1501.000031,383.083069
27,107,1503.0,383.43,1503.0,383.429504
27,108,1505.0,383.77,1505.000031,383.769714
27,109,1507.0,384.015,1507.000031,384.015442
27,110,1509.0,384.096,1509.000031,384.096375
27,111,1511.0,384.024,1511.0,384.024384
27,112,1513.0,383.895,1513.0,383.894989
27,113,1515.0,383.845,1515.000031,383.845184
27,114,1517.0,383.975,1517.000031,383.975128
27,115,1519.0,384.272,1519.0,384.271942
27,116,1521.0,384.626,1521.000031,384.626373
27,117,1523.0,384.904,1523.000031,384.904144
27,118,1525.0,385.043,1525.0,385.043182
27,119,1527.0,385.092,1527.0,385.091736
27,120,1529.0,385.11,1529.000031,385.110229
27,121,1531.0,385.143,1531.000031,385.142639
27,122,1533.0,385.219,1533.0,385.21875
27,123,1535.0,385.326,1535.000031,385.326263
27,124,1537.0,385.43,1537.000031,385.430176
27,125,1539.0,385.496,1539.0,385.495575
27,126,1541.0,385.505,1541.0,385.505005
27,127,1543.0,385.467,1543.000031,385.467285
27,128,1545.0,385.403,1545.000031,385.403076
27,129,1547.0,385.338,1547.0,385.33844
27,130,1549.0,385.294,1549.000031,385.294464
27,131,1551.0,385.275,1551.000031,385.275269
27,132,1553.0,385.273,1553.0,385.272797
27,133,1555.0,385.291,1555.0,385.290527
27,134,1557.0,385.356,1557.000031,385.356384
27,135,1559.0,385.498,1559.000031,385.498291
27,136,1561.0,385.707,1561.0,385.707367
27,137,1563.0,385.944,1563.000031,385.94397
27,138,1565.0,386.147,1565.000031,386.146637
27,139,1567.0,386.289,1567.0,386.28949
27,140,1569.0,386.394,1569.0,386.39389
27,141,1571.0,386.522,1571.000031,386.522278
27,142,1573.0,386.682,1573.000031,386.682007
27,143,1575.0,386.85,1575.0,386.849945
27,144,1577.0,386.982,1577.000031,386.981842
27,145,1579.0,387.069,1579.000031,387.069458
27,146,1581.0,387.167,1581.000031,387.167328
27,147,1583.0,387.302,1583.0,387.301758
27,148,1585.0,387.467,1585.000031,387.467285
27,149,1587.0,387.636,1587.000031,387.636414
27,150,1589.0,387.767,1589.0,387.767487
27,151,1591.0,387.842,1591.000031,387.842346
27,152,1593.0,387.872,1593.000031,387.872101
27,153,1595.0,387.888,1595.000031,387.888458
27,154,1597.0,387.966,1597.0,387.96582
27,155,1599.0,388.177,1599.000031,388.176788
27,156,1601.0,388.512,1601.000031,388.512482
27,157,1603.0,388.878,1603.0,388.877625
27,158,1605.0,389.172,1605.000031,389.171753
27,159,1607.0,389.366,1607.000031,389.366302
27,160,1609.0,389.56,1609.000031,389.560181
27,161,1611.0,389.84,1611.0,389.840118
27,162,1613.0,390.254,1613.000031,390.254456
27,163,1615.0,390.687,1615.000031,390.686981
27,164,1617.0,391.042,1617.0,391.042358
27,165,1619.0,391.25,1619.000031,391.250305
27,166,1621.0,391.335,1621.000031,391.335022
27,167,1622.857,391.39,1622.857178,391.389557
27,168,1624.143,391.43,1624.142883,391.430328
28,0,1265.857,383.584,1265.857147,383.58429
28,1,1267.143,383.615,1267.142868,383.614929
28,2,1269.0,383.626,1269.000008,383.626495
28,3,1271.0,383.57,1271.0,383.570435
28,4,1273.0,383.4,1273.000008,383.400055
28,5,1275.857,382.894,1275.857155,382.893829
28,6,1300.571,382.266,1300.571442,382.265656
28,7,1338.0,383.706,1338.0,383.705902
28,8,1375.429,385.295,1375.428589,385.295471
28,9,1407.0,388.251,1407.000031,388.251312
28,10,1409.0,388.33,1409.0,388.330231
28,11,1411.0,388.333,1411.0,388.332642
28,12,1413.0,388.338,1413.000031,388.337769
28,13,1415.0,388.345,1415.0,388.345428
28,14,1417.0,388.349,1417.000031,388.348907
28,15,1419.0,388.314,1419.0,388.313751
28,16,1422.286,388.266,1422.285736,388.266052
28,17,1426.857,388.494,1426.857147,388.49411
28,18,1431.429,388.944,1431.428589,388.94397
28,19,1436.0,390.105,1436.0,390.105469
28,20,1438.0,391.518,1438.000031,391.518311
28,21,1440.0,392.733,1440.0,392.73291
28,22,1442.0,393.733,1442.000031,393.733276
28,23,1444.0,393.932,1444.0,393.932251
28,24,1446.0,393.993,1446.0,393.993225
28,25,1448.0,393.976,1448.000031,393.976105
28,26,1450.0,393.924,1450.0,393.924286
28,27,1452.0,393.886,1452.000031,393.885834
28,28,1454.0,393.88,1454.0,393.8797
28,29,1456.0,393.845,1456.000031,393.845398
28,30,1458.0,393.703,1458.0,393.702667
28,31,1460.0,393.493,1460.000031,393.492889
28,32,1462.0,393.433,1462.0,393.432953
28,33,1464.0,393.518,1464.0,393.518463
28,34,1466.0,393.728,1466.000031,393.728271
28,35,1468.0,393.873,1468.0,393.873169
28,36,1470.0,393.881,1470.000031,393.881104
28,37,1472.0,393.856,1472.0,393.856171
28,38,1474.0,393.938,1474.000031,393.93808
28,39,1476.0,394.221,1476.0,394.221405
28,40,1478.0,394.598,1478.0,394.597626
28,41,1480.0,394.944,1480.000031,394.944122
28,42,1482.0,395.102,1482.0,395.101715
28,43,1484.0,395.054,1484.000031,395.053772
28,44,1486.0,394.896,1486.0,394.895905
28,45,1488.0,394.701,1488.000031,394.701477
28,46,1490.0,394.572,1490.0,394.571777
28,47,1495.429,394.983,1495.428589,394.98291
28,48,1504.286,395.922,1504.285736,395.922424
28,49,1513.143,396.911,1513.142853,396.91098
28,50,1522.0,397.844,1522.000031,397.844025
28,51,1524.0,397.979,1524.000031,397.979248
28,52,1526.0,398.026,1526.0,398.025604
28,53,1528.0,398.043,1528.000031,398.042847
28,54,1530.0,398.031,1530.000031,398.031006
28,55,1532.0,397.997,1532.0,397.996521
28,56,1534.0,397.958,1534.0,397.957672
28,57,1536.0,397.929,1536.000031,397.929077
28,58,1538.0,397.925,1538.000031,397.924744
28,59,1540.0,397.961,1540.0,397.960754
28,60,1542.0,398.028,1542.000031,398.028473
28,61,1544.0,398.072,1544.000031,398.072052
28,62,1546.0,398.021,1546.0,398.021088
28,63,1548.0,397.906,1548.0,397.906464
28,64,1550.0,397.883,1550.000031,397.882599
28,65,1552.0,398.047,1552.000031,398.046631
28,66,1554.0,398.344,1554.0,398.344269
28,67,1556.0,398.592,1556.000031,398.592255
28,68,1558.0,398.65,1558.000031,398.650085
28,69,1560.0,398.651,1560.0,398.651154
28,70,1562.0,398.694,1562.0,398.693634
28,71,1564.0,398.796,1564.000031,398.796478
28,72,1566.0,398.923,1566.000031,398.92334
28,73,1568.0,398.973,1568.0,398.973328
28,74,1570.0,398.985,1570.000031,398.985413
28,75,1572.0,398.995,1572.000031,398.995331
28,76,1574.0,399.006,1574.0,399.00592
28,77,1576.0,399.051,1576.0,399.051178
28,78,1578.0,399.231,1578.000031,399.230865
28,79,1580.0,399.483,1580.000031,399.482605
28,80,1582.0,399.755,1582.0,399.75473
28,81,1584.0,399.919,1584.000031,399.91864
28,82,1586.0,399.92,1586.000031,399.92041
28,83,1588.0,399.866,1588.000031,399.866333
28,84,1590.0,399.864,1590.0,399.863617
28,85,1592.0,399.965,1592.000031,399.96524
28,86,1594.0,400.162,1594.000031,400.161957
28,87,1596.0,400.399,1596.0,400.3992
28,88,1598.0,400.672,1598.000031,400.672058
28,89,1600.0,400.966,1600.000031,400.965576
28,90,1602.0,401.227,1602.000031,401.227112
28,91,1604.0,401.397,1604.0,401.397369
28,92,1606.0,401.411,1606.000031,401.41098
28,93,1608.0,401.289,1608.000031,401.289429
28,94,1610.0,401.104,1610.0,401.104492
28,95,1612.0,400.98,1612.000031,400.979523
28,96,1613.571,400.942,1613.571472,400.941895
29,0,1495.857,397.521,1495.857178,397.521301
29,1,1497.143,397.505,1497.142883,397.505127
29,2,1499.0,397.499,1499.0,397.499329
29,3,1501.0,397.384,1501.000031,397.38443
29,4,1503.0,397.21,1503.0,397.210449
29,5,1505.0,397.161,1505.000031,397.160583
29,6,1507.0,397.27,1507.000031,397.269958
29,7,1509.0,397.531,1509.000031,397.530945
29,8,1511.0,397.606,1511.0,397.605682
29,9,1513.0,397.377,1513.0,397.376892
29,10,1515.0,397.061,1515.000031,397.060852
29,11,1516.571,396.819,1516.571472,396.818878
30,0,1150.857,391.415,1150.857143,391.415161
30,1,1152.143,391.419,1152.142857,391.419495
30,2,1154.0,391.421,1154.0,391.421448
30,3,1156.0,391.449,1156.0,391.44873
30,4,1158.0,391.556,1158.0,391.555695
30,5,1160.0,391.799,1160.000001,391.798981
30,6,1162.0,392.217,1162.000001,392.216797
30,7,1164.0,392.751,1164.000001,392.750549
30,8,1166.0,393.243,1166.0,393.243042
30,9,1168.0,393.605,1168.000002,393.605011
30,10,1170.0,393.813,1170.000002,393.812805
30,11,1172.0,393.943,1172.0,393.942871
30,12,1174.0,394.05,1174.000002,394.05011
30,13,1176.0,394.112,1176.0,394.11203
30,14,1178.0,394.095,1178.000002,394.095123
30,15,1180.0,394.023,1180.000002,394.023193
30,16,1182.0,393.949,1182.000004,393.948883
30,17,1184.0,393.909,1184.0,393.90863
30,18,1186.0,393.912,1186.000004,393.912079
30,19,1188.0,393.933,1188.0,393.933258
30,20,1190.0,393.956,1190.000004,393.956329
30,21,1192.0,393.995,1192.000004,393.994751
30,22,1194.0,394.076,1194.000004,394.075775
30,23,1196.0,394.193,1196.0,394.19278
30,24,1198.0,394.268,1198.0,394.267578
30,25,1200.0,394.195,1200.000004,394.195221
30,26,1202.0,393.994,1202.000004,393.994171
30,27,1204.0,393.721,1204.0,393.721039
30,28,1206.0,393.498,1206.000004,393.497803
30,29,1208.0,393.391,1208.000004,393.390656
30,30,1210.0,393.355,1210.000004,393.354767
30,31,1212.0,393.389,1212.0,393.389069
30,32,1214.0,393.477,1214.0,393.476654
30,33,1216.0,393.569,1216.0,393.569366
30,34,1218.0,393.645,1218.0,393.645142
30,35,1220.0,393.65,1220.0,393.649506
30,36,1222.0,393.562,1222.000008,393.562195
30,37,1224.0,393.424,1224.000008,393.423615
30,38,1226.0,393.261,1226.0,393.261017
30,39,1228.0,393.088,1228.0,393.088074
30,40,1230.0,392.895,1230.0,392.894714
30,41,1232.0,392.741,1232.000008,392.740997
30,42,1234.0,392.777,1234.0,392.776947
30,43,1236.0,393.164,1236.0,393.164398
30,44,1238.0,393.815,1238.000008,393.814972
30,45,1240.0,394.443,1240.0,394.442841
30,46,1242.0,394.851,1242.0,394.850769
30,47,1244.0,394.947,1244.000008,394.947296
30,48,1246.0,394.934,1246.000008,394.934021
30,49,1248.0,394.899,1248.000008,394.899353
30,50,1250.0,394.874,1250.0,394.87439
30,51,1252.0,394.851,1252.000008,394.85083
30,52,1254.0,394.828,1254.000008,394.828278
30,53,1256.0,394.811,1256.0,394.810974
30,54,1258.0,394.793,1258.000008,394.793335
30,55,1260.0,394.767,1260.000008,394.766632
30,56,1262.0,394.724,1262.000008,394.72406
30,57,1264.0,394.648,1264.0,394.648163
30,58,1266.0,394.522,1266.000008,394.522125
30,59,1268.0,394.363,1268.000008,394.362762
30,60,1270.0,394.213,1270.0,394.213257
30,61,1272.0,394.123,1272.0,394.122894
30,62,1274.0,394.125,1274.000008,394.125427
30,63,1276.0,394.229,1276.000008,394.228912
30,64,1278.0,394.467,1278.0,394.466858
30,65,1280.0,394.808,1280.000015,394.80777
30,66,1282.0,395.141,1282.000015,395.140594
30,67,1284.0,395.373,1284.0,395.372803
30,68,1286.0,395.43,1286.0,395.430084
30,69,1288.0,395.373,1288.0,395.372894
30,70,1290.0,395.311,1290.0,395.310883
30,71,1292.0,395.394,1292.0,395.394165
30,72,1294.0,395.776,1294.000015,395.776123
30,73,1296.0,396.301,1296.000015,396.301117
30,74,1298.0,396.845,1298.0,396.845032
30,75,1300.0,397.256,1300.0,397.255951
30,76,1302.0,397.462,1302.0,397.461761
30,77,1304.0,397.605,1304.000015,397.605194
30,78,1306.0,397.748,1306.0,397.747986
30,79,1308.0,397.913,1308.0,397.913055
30,80,1310.0,398.151,1310.000015,398.151276
30,81,1312.0,398.428,1312.0,398.427582
30,82,1314.0,398.577,1314.0,398.576599
30,83,1316.0,398.54,1316.0,398.540161
30,84,1318.0,398.403,1318.000015,398.402802
30,85,1320.0,398.319,1320.000015,398.318909
30,86,1322.0,398.468,1322.0,398.468079
30,87,1324.0,398.657,1324.000015,398.657379
30,88,1326.0,398.777,1326.0,398.776703
30,89,1328.0,398.839,1328.000015,398.838776
30,90,1330.0,399.007,1330.0,399.006897
30,91,1332.0,399.318,1332.000015,399.317963
30,92,1334.0,399.65,1334.0,399.650482
30,93,1336.0,399.93,1336.000015,399.929932
30,94,1338.0,400.161,1338.000015,400.161255
30,95,1340.0,400.416,1340.000015,400.415955
30,96,1342.0,400.672,1342.000015,400.672424
30,97,1344.0,400.894,1344.0,400.894318
30,98,1346.0,401.085,1346.000015,401.085419
30,99,1348.0,401.235,1348.0,401.234955
30,100,1350.0,401.341,1350.000015,401.341125
30,101,1352.0,401.371,1352.000015,401.37085
30,102,1354.0,401.325,1354.000015,401.324677
30,103,1356.0,401.226,1356.000015,401.225861
30,104,1358.0,401.116,1358.0,401.116028
30,105,1360.0,401.044,1360.000015,401.043762
30,106,1362.0,401.038,1362.0,401.03775
30,107,1365.429,401.108,1365.428589,401.108459
30,108,1368.857,401.188,1368.857162,401.187592
30,109,1372.286,401.447,1372.285736,401.446533
30,110,1375.0,402.045,1375.000015,402.045441
30,111,1377.0,402.681,1377.000015,402.681122
30,112,1379.0,403.257,1379.0,403.257416
30,113,1381.0,403.384,1381.000015,403.384247
30,114,1384.714,403.331,1384.714294,403.33078
30,115,1390.143,403.308,1390.142868,403.308167
30,116,1395.571,403.357,1395.571442,403.356995
30,117,1401.0,403.445,1401.0,403.445465
30,118,1403.0,403.63,1403.000015,403.629944
30,119,1405.0,403.958,1405.000015,403.958466
30,120,1407.0,404.456,1407.000031,404.45639
30,121,1409.0,404.958,1409.0,404.958374
30,122,1411.0,405.352,1411.0,405.351532
30,123,1413.0,405.506,1413.000031,405.505676
30,124,1415.0,405.507,1415.0,405.507477
30,125,1417.0,405.465,1417.000031,405.464905
30,126,1419.0,405.434,1419.0,405.43399
30,127,1421.0,405.475,1421.000031,405.475311
30,128,1423.0,405.566,1423.0,405.566101
30,129,1425.0,405.656,1425.0,405.656128
30,130,1427.0,405.7,1427.000031,405.699738
30,131,1429.0,405.723,1429.0,405.722992
30,132,1431.0,405.777,1431.000031,405.777496
30,133,1433.0,405.905,1433.0,405.904663
30,134,1435.0,406.047,1435.000031,406.047211
30,135,1437.0,406.1,1437.0,406.099609
30,136,1439.0,405.989,1439.0,405.989197
30,137,1441.0,405.739,1441.000031,405.739227
30,138,1443.0,405.502,1443.0,405.502411
30,139,1445.0,405.448,1445.000031,405.447662
30,140,1447.0,405.753,1447.0,405.753296
30,141,1449.0,406.254,1449.000031,406.25354
30,142,1451.0,406.796,1451.0,406.795563
30,143,1453.0,407.168,1453.000031,407.168213
30,144,1455.0,407.337,1455.0,407.337341
30,145,1457.0,407.422,1457.0,407.421539
30,146,1459.0,407.478,1459.000031,407.478119
30,147,1461.0,407.506,1461.0,407.506012
30,148,1463.0,407.497,1463.000031,407.497253
30,149,1465.0,407.47,1465.0,407.470367
30,150,1467.0,407.451,1467.000031,407.451324
30,151,1469.0,407.474,1469.0,407.47406
30,152,1471.0,407.582,1471.0,407.582245
30,153,1473.0,407.786,1473.000031,407.785614
30,154,1475.0,407.999,1475.0,407.999359
30,155,1477.0,408.188,1477.000031,408.18808
30,156,1479.0,408.307,1479.0,408.307098
30,157,1481.0,408.391,1481.000031,408.3909
30,158,1483.0,408.527,1483.0,408.527374
30,159,1485.0,408.742,1485.0,408.742035
30,160,1487.0,409.014,1487.000031,409.013916
30,161,1489.0,409.294,1489.0,409.293732
30,162,1491.0,409.531,1491.000031,409.530548
30,163,1493.0,409.711,1493.000031,409.710876
30,164,1495.0,409.884,1495.000031,409.884369
30,165,1497.0,410.096,1497.0,410.095978
30,166,1499.0,410.313,1499.0,410.312622
30,167,1501.0,410.465,1501.000031,410.465393
30,168,1503.0,410.527,1503.0,410.5271
30,169,1505.0,410.517,1505.000031,410.516785
30,170,1507.0,410.465,1507.000031,410.465302
30,171,1509.0,410.409,1509.000031,410.409241
30,172,1511.0,410.348,1511.0,410.347961
30,173,1513.0,410.3,1513.0,410.299713
30,174,1515.0,410.308,1515.000031,410.307709
30,175,1517.0,410.385,1517.000031,410.385437
30,176,1519.0,410.523,1519.0,410.52301
30,177,1521.0,410.677,1521.000031,410.676514
30,178,1523.0,410.784,1523.000031,410.78363
30,179,1525.0,410.813,1525.0,410.813202
30,180,1527.0,410.788,1527.0,410.78775
30,181,1529.0,410.752,1529.000031,410.752136
30,182,1531.0,410.743,1531.000031,410.743347
30,183,1533.0,410.772,1533.0,410.77179
30,184,1535.0,410.819,1535.000031,410.819183
30,185,1537.0,410.862,1537.000031,410.861572
30,186,1539.0,410.885,1539.0,410.88501
30,187,1541.0,410.898,1541.0,410.898193
30,188,1543.0,410.943,1543.000031,410.943085
30,189,1545.0,411.059,1545.000031,411.059296
30,190,1547.0,411.258,1547.0,411.258301
30,191,1549.0,411.513,1549.000031,411.512512
30,192,1551.0,411.761,1551.000031,411.761047
30,193,1553.0,411.952,1553.0,411.951508
30,194,1555.0,412.068,1555.0,412.06842
30,195,1557.0,412.117,1557.000031,412.117188
30,196,1559.0,412.132,1559.000031,412.131958
30,197,1561.0,412.166,1561.0,412.166077
30,198,1563.0,412.313,1563.000031,412.312531
30,199,1565.0,412.626,1565.000031,412.626007
30,200,1567.0,413.035,1567.0,413.03537
30,201,1569.0,413.418,1569.0,413.417633
30,202,1571.0,413.653,1571.000031,413.653351
30,203,1573.0,413.727,1573.000031,413.727325
30,204,1575.0,413.717,1575.0,413.71701
30,205,1577.0,413.692,1577.000031,413.691864
30,206,1579.0,413.696,1579.000031,413.696472
30,207,1581.0,413.749,1581.000031,413.74939
30,208,1583.0,413.83,1583.0,413.829865
30,209,1585.0,413.911,1585.000031,413.910797
30,210,1587.0,413.982,1587.000031,413.981995
30,211,1589.0,414.043,1589.0,414.043091
30,212,1591.0,414.098,1591.000031,414.097504
30,213,1593.0,414.147,1593.000031,414.147003
30,214,1595.0,414.196,1595.000031,414.196411
30,215,1597.0,414.255,1597.0,414.254669
30,216,1599.0,414.329,1599.000031,414.329346
30,217,1601.0,414.407,1601.000031,414.407013
30,218,1603.0,414.462,1603.0,414.461639
30,219,1605.0,414.495,1605.000031,414.4953
30,220,1607.0,414.544,1607.000031,414.543793
30,221,1609.0,414.635,1609.000031,414.634979
30,222,1611.0,414.767,1611.0,414.766693
30,223,1613.0,414.924,1613.000031,414.923859
30,224,1615.0,415.094,1615.000031,415.094482
30,225,1617.0,415.258,1617.0,415.258362
30,226,1619.0,415.361,1619.000031,415.360626
30,227,1621.0,415.367,1621.000031,415.366882
30,228,1623.0,415.326,1623.000031,415.326141
30,229,1625.0,415.314,1625.0,415.313751
30,230,1626.857,415.352,1626.857178,415.352142
30,231,1628.143,415.409,1628.142914,415.408722
31,0,1150.857,417.866,1150.857143,417.865601
31,1,1152.143,417.958,1152.142857,417.95816
31,2,1154.0,418.225,1154.0,418.224854
31,3,1156.0,418.902,1156.0,418.9021
31,4,1158.0,419.999,1158.0,419.998962
31,5,1160.0,421.088,1160.000001,421.087646
31,6,1162.0,421.937,1162.000001,421.936951
31,7,1164.0,422.189,1164.000001,422.188507
31,8,1166.0,422.183,1166.0,422.182526
31,9,1168.0,422.099,1168.000002,422.098511
31,10,1170.0,422.029,1170.000002,422.029053
31,11,1172.0,422.014,1172.0,422.01416
31,12,1174.0,422.093,1174.000002,422.092926
31,13,1176.0,422.292,1176.0,422.292267
31,14,1178.0,422.621,1178.000002,422.621216
31,15,1180.0,423.022,1180.000002,423.022369
31,16,1182.0,423.345,1182.000004,423.345276
31,17,1184.0,423.541,1184.0,423.541046
31,18,1186.0,423.575,1186.000004,423.575256
31,19,1188.0,423.565,1188.0,423.565338
31,20,1190.0,423.611,1190.000004,423.611298
31,21,1192.0,423.716,1192.000004,423.716431
31,22,1194.0,423.828,1194.000004,423.828217
31,23,1196.0,423.872,1196.0,423.871857
31,24,1198.0,423.803,1198.0,423.803375
31,25,1200.0,423.655,1200.000004,423.654846
31,26,1202.0,423.463,1202.000004,423.462585
31,27,1204.0,423.272,1204.0,423.271759
31,28,1206.0,423.168,1206.000004,423.168457
31,29,1208.0,423.165,1208.000004,423.164581
31,30,1210.0,423.223,1210.000004,423.22345
31,31,1212.0,423.326,1212.0,423.326172
31,32,1214.0,423.451,1214.0,423.450867
31,33,1216.0,423.597,1216.0,423.596985
31,34,1218.0,423.743,1218.0,423.742554
31,35,1220.0,423.881,1220.0,423.880951
31,36,1222.0,424.085,1222.000008,424.0849
31,37,1224.0,424.322,1224.000008,424.322479
31,38,1226.0,424.56,1226.0,424.559814
31,39,1228.0,424.732,1228.0,424.73233
31,40,1230.0,424.84,1230.0,424.8396
31,41,1232.0,424.915,1232.000008,424.914917
31,42,1234.0,424.009,1234.0,424.009094
31,43,1235.714,423.035,1235.714287,423.034912
31,44,1237.143,422.026,1237.14286,422.025604
31,45,1238.286,421.017,1238.285721,421.017456
31,46,1239.286,420.962,1239.285721,420.962128
31,47,1240.286,420.96,1240.285721,420.959717
31,48,1241.286,421.006,1241.285721,421.006439
31,49,1242.286,421.984,1242.285721,421.983917
31,50,1243.571,422.958,1243.571426,422.95816
31,51,1245.143,423.924,1245.142868,423.924286
31,52,1246.857,423.926,1246.857155,423.925964
31,53,1248.429,422.972,1248.428574,422.97171
31,54,1249.714,421.981,1249.714294,421.980835
31,55,1250.714,421.899,1250.714287,421.898956
31,56,1251.714,421.836,1251.714294,421.835693
31,57,1252.714,421.795,1252.714294,421.794891
31,58,1253.714,421.77,1253.714287,421.769623
31,59,1254.714,421.747,1254.714294,421.747467
31,60,1255.714,421.718,1255.714287,421.717896
31,61,1256.714,421.68,1256.714294,421.679932
31,62,1257.714,421.636,1257.714287,421.635864
31,63,1258.714,421.591,1258.714294,421.591309
31,64,1259.714,421.551,1259.714294,421.551392
31,65,1260.714,421.516,1260.714287,421.515533
31,66,1261.714,421.475,1261.714294,421.475403
31,67,1262.714,421.404,1262.714287,421.404053
31,68,1263.714,421.274,1263.714287,421.274078
31,69,1264.714,421.042,1264.714287,421.04187
31,70,1265.857,420.048,1265.857147,420.048401
31,71,1267.286,419.09,1267.285721,419.089539
31,72,1269.0,418.199,1269.000008,418.1987
31,73,1271.0,417.472,1271.0,417.47229
31,74,1273.0,417.651,1273.000008,417.651184
31,75,1275.0,417.952,1275.000008,417.952301
31,76,1277.0,418.33,1277.0,418.330475
31,77,1279.0,418.632,1279.0,418.632233
31,78,1281.0,418.79,1281.0,418.790405
31,79,1283.0,418.791,1283.0,418.79129
31,80,1285.0,418.672,1285.0,418.672302
31,81,1287.0,418.541,1287.000015,418.540741
31,82,1289.0,418.456,1289.000015,418.456024
31,83,1291.0,418.49,1291.0,418.489685
31,84,1293.0,418.651,1293.0,418.650543
31,85,1295.0,418.856,1295.0,418.856201
31,86,1297.0,419.022,1297.0,419.021942
31,87,1299.0,419.105,1299.0,419.105347
31,88,1301.0,419.131,1301.0,419.130524
31,89,1303.0,419.217,1303.000015,419.217499
31,90,1305.0,419.493,1305.0,419.492523
31,91,1307.0,419.934,1307.0,419.934082
31,92,1309.0,420.454,1309.0,420.453827
31,93,1311.0,420.885,1311.000015,420.884521
31,94,1313.0,421.161,1313.0,421.160858
31,95,1315.0,421.335,1315.0,421.334686
31,96,1317.0,421.507,1317.000015,421.5065
31,97,1319.0,421.74,1319.0,421.740234
31,98,1321.0,422.005,1321.000015,422.005096
31,99,1323.0,422.288,1323.0,422.287537
31,100,1325.0,422.608,1325.000015,422.607574
31,101,1327.0,422.952,1327.000015,422.952423
31,102,1329.0,423.293,1329.0,423.293427
31,103,1331.0,423.583,1331.000015,423.582855
31,104,1333.0,423.799,1333.000015,423.799164
31,105,1335.0,423.985,1335.000015,423.985229
31,106,1337.0,424.196,1337.0,424.195801
31,107,1339.0,424.429,1339.000015,424.42926
31,108,1341.0,424.63,1341.0,424.630219
31,109,1343.0,424.799,1343.000015,424.799133
31,110,1345.0,424.972,1345.000015,424.972412
31,111,1347.0,425.224,1347.000015,425.223969
31,112,1349.0,425.557,1349.000015,425.556824
31,113,1351.0,425.892,1351.0,425.891571
31,114,1353.0,426.164,1353.000015,426.164307
31,115,1355.0,426.413,1355.0,426.413483
31,116,1357.0,426.688,1357.000015,426.687805
31,117,1359.0,426.996,1359.000015,426.995514
31,118,1361.0,427.303,1361.000015,427.303436
31,119,1363.0,427.538,1363.000015,427.538361
31,120,1365.0,427.673,1365.0,427.673035
31,121,1367.0,427.721,1367.000015,427.720764
31,122,1369.0,427.711,1369.0,427.711487
31,123,1371.0,427.684,1371.000015,427.684357
31,124,1373.0,427.667,1373.000015,427.667114
31,125,1375.0,427.677,1375.000015,427.677185
31,126,1377.0,427.751,1377.000015,427.751038
31,127,1379.0,427.91,1379.0,427.909821
31,128,1381.0,428.117,1381.000015,428.116882
31,129,1383.0,428.325,1383.000015,428.325256
31,130,1385.0,428.546,1385.000015,428.545746
31,131,1387.0,428.807,1387.0,428.806641
31,132,1389.0,429.225,1389.000015,429.22522
31,133,1391.0,429.692,1391.000015,429.691833
31,134,1393.0,430.094,1393.0,430.094177
31,135,1395.0,430.384,1395.000015,430.384003
31,136,1397.0,430.505,1397.000015,430.50473
31,137,1399.0,430.577,1399.000015,430.576569
31,138,1401.0,430.645,1401.0,430.645264
31,139,1403.0,430.752,1403.000015,430.75235
31,140,1405.0,430.923,1405.000015,430.922546
31,141,1407.0,431.178,1407.000031,431.177643
31,142,1409.0,431.457,1409.0,431.457489
31,143,1411.0,431.69,1411.0,431.68988
31,144,1413.0,431.848,1413.000031,431.848206
31,145,1415.0,431.953,1415.0,431.95285
31,146,1417.0,432.148,1417.000031,432.147736
31,147,1419.0,432.537,1419.0,432.536804
31,148,1421.0,433.21,1421.000031,433.209564
31,149,1423.0,434.16,1423.0,434.159637
31,150,1425.0,435.074,1425.0,435.073608
31,151,1427.0,435.74,1427.000031,435.739594
31,152,1429.0,436.016,1429.0,436.015533
31,153,1431.0,436.001,1431.000031,436.001251
31,154,1433.0,435.931,1433.0,435.930573
31,155,1435.0,435.832,1435.000031,435.832428
31,156,1437.0,435.651,1437.0,435.651306
31,157,1439.0,435.417,1439.0,435.416656
31,158,1441.0,435.171,1441.000031,435.170807
31,159,1443.0,434.969,1443.0,434.969482
31,160,1445.0,434.837,1445.000031,434.837189
31,161,1447.0,434.812,1447.0,434.811523
31,162,1449.0,434.909,1449.000031,434.909302
31,163,1451.0,435.074,1451.0,435.074158
31,164,1453.0,435.252,1453.000031,435.252014
31,165,1455.0,435.884,1455.0,435.88443
31,166,1457.0,436.637,1457.0,436.63739
31,167,1459.0,437.458,1459.000031,437.457672
31,168,1461.0,438.353,1461.0,438.353058
31,169,1463.0,438.914,1463.000031,438.913666
31,170,1465.0,439.485,1465.0,439.485291
31,171,1467.0,440.199,1467.000031,440.199402
31,172,1469.0,440.958,1469.0,440.957703
31,173,1471.0,441.75,1471.0,441.749512
31,174,1473.0,442.361,1473.000031,442.360809
31,175,1475.0,442.566,1475.0,442.565704
31,176,1477.0,442.598,1477.000031,442.598053
31,177,1479.0,442.616,1479.0,442.616241
31,178,1481.0,442.689,1481.000031,442.689453
31,179,1483.0,442.83,1483.0,442.829742
31,180,1485.0,443.006,1485.0,443.005585
31,181,1487.0,443.167,1487.000031,443.16684
31,182,1489.0,443.28,1489.0,443.280243
31,183,1491.0,443.344,1491.000031,443.344177
31,184,1493.0,443.376,1493.000031,443.376129
31,185,1495.0,443.397,1495.000031,443.3974
31,186,1497.0,443.425,1497.0,443.42511
31,187,1499.0,443.474,1499.0,443.473511
31,188,1501.0,443.552,1501.000031,443.551758
31,189,1503.0,443.653,1503.0,443.652618
31,190,1505.0,443.755,1505.000031,443.754517
31,191,1507.0,443.843,1507.000031,443.843109
31,192,1509.0,443.916,1509.000031,443.916046
31,193,1511.0,443.983,1511.0,443.982697
31,194,1513.0,444.054,1513.0,444.053864
31,195,1515.0,444.143,1515.000031,444.14328
31,196,1517.0,444.274,1517.000031,444.273895
31,197,1519.0,444.439,1519.0,444.439087
31,198,1521.0,444.609,1521.000031,444.6091
31,199,1523.0,444.747,1523.000031,444.747437
31,200,1525.0,444.841,1525.0,444.84137
31,201,1527.0,444.914,1527.0,444.914307
31,202,1529.0,444.974,1529.000031,444.974182
31,203,1531.0,444.993,1531.000031,444.993317
31,204,1533.0,444.909,1533.0,444.908539
31,205,1535.0,444.579,1535.000031,444.578918
31,206,1542.0,442.025,1542.000031,442.024872
31,207,1560.0,439.645,1560.0,439.644928
31,208,1584.0,439.89,1584.0,439.889984
31,209,1608.0,440.628,1608.000031,440.627533
31,210,1622.0,445.46,1622.000031,445.460175
31,211,1624.0,445.862,1624.0,445.862396
31,212,1626.0,445.625,1626.000031,445.624969
31,213,1628.0,445.094,1628.000031,445.094269
31,214,1630.0,444.596,1630.000031,444.595825
31,215,1632.0,444.365,1632.0,444.364899
31,216,1634.0,444.453,1634.000031,444.452667
31,217,1636.0,444.64,1636.000031,444.640442
31,218,1638.0,444.79,1638.0,444.789978
31,219,1640.0,444.887,1640.000031,444.887115
31,220,1642.0,444.947,1642.000031,444.947113
31,221,1644.0,445.046,1644.000031,445.046265
31,222,1646.0,445.255,1646.0,445.254547
31,223,1648.0,446.074,1648.000031,446.074158
31,224,1649.857,446.429,1649.857178,446.429016
31,225,1651.429,446.665,1651.428589,446.66452
31,226,1652.857,446.102,1652.857147,446.101685
31,227,1654.286,445.817,1654.285736,445.816986
31,228,1656.0,445.664,1656.000031,445.663666
31,229,1658.0,445.57,1658.000031,445.569611
31,230,1662.286,446.711,1662.285706,446.710571
31,231,1668.857,448.624,1668.857178,448.624268
31,232,1675.429,450.371,1675.428589,450.370544
31,233,1680.714,451.64,1680.714294,451.639648
31,234,1683.143,452.04,1683.142883,452.039734
32,0,1463.857,434.98,1463.857178,434.979614
32,1,1465.143,434.806,1465.142853,434.806366
32,2,1467.0,434.616,1467.000031,434.615814
32,3,1469.0,434.535,1469.0,434.535431
32,4,1471.0,434.508,1471.0,434.507996
32,5,1473.0,434.506,1473.000031,434.506256
32,6,1475.0,434.508,1475.0,434.507935
32,7,1477.0,434.52,1477.000031,434.519775
32,8,1479.0,434.573,1479.0,434.573059
32,9,1481.0,434.66,1481.000031,434.660156
32,10,1483.0,434.761,1483.0,434.760742
32,11,1485.0,434.859,1485.0,434.859192
32,12,1487.0,434.923,1487.000031,434.923035
32,13,1489.0,434.913,1489.0,434.912659
32,14,1491.0,434.824,1491.000031,434.824036
32,15,1493.0,434.705,1493.000031,434.704529
32,16,1495.0,434.634,1495.000031,434.633881
32,17,1497.0,434.651,1497.0,434.650696
32,18,1499.0,434.716,1499.0,434.715546
32,19,1501.0,434.77,1501.000031,434.770172
32,20,1503.0,434.811,1503.0,434.810883
32,21,1505.0,434.859,1505.000031,434.859253
32,22,1507.0,434.924,1507.000031,434.924408
32,23,1509.0,434.985,1509.000031,434.984772
32,24,1511.0,435.025,1511.0,435.024689
32,25,1513.0,435.082,1513.0,435.082214
32,26,1515.0,435.228,1515.000031,435.227997
32,27,1517.0,435.51,1517.000031,435.510223
32,28,1519.0,435.821,1519.0,435.820801
32,29,1521.0,436.087,1521.000031,436.08725
32,30,1523.0,436.24,1523.000031,436.23999
32,31,1525.0,436.323,1525.0,436.322998
32,32,1527.0,436.385,1527.0,436.385468
32,33,1529.0,436.42,1529.000031,436.419556
32,34,1531.0,436.42,1531.000031,436.420135
32,35,1533.0,436.4,1533.0,436.40036
32,36,1535.0,436.386,1535.000031,436.386444
32,37,1537.0,436.39,1537.000031,436.390259
32,38,1539.0,436.409,1539.0,436.409454
32,39,1541.0,436.44,1541.0,436.439667
32,40,1543.0,436.49,1543.000031,436.489746
32,41,1545.0,436.557,1545.000031,436.557373
32,42,1547.0,436.632,1547.0,436.631836
32,43,1549.0,436.706,1549.000031,436.706482
32,44,1551.0,436.77,1551.000031,436.770477
32,45,1553.0,436.82,1553.0,436.820221
32,46,1555.0,436.851,1555.0,436.851288
32,47,1557.0,436.867,1557.000031,436.867493
32,48,1559.0,436.885,1559.000031,436.884827
32,49,1561.0,436.923,1561.0,436.923309
32,50,1563.0,437.009,1563.000031,437.009369
32,51,1565.0,437.188,1565.000031,437.188385
32,52,1567.0,437.48,1567.0,437.479767
32,53,1569.0,437.807,1569.0,437.807007
32,54,1571.0,438.097,1571.000031,438.096527
32,55,1573.0,438.271,1573.000031,438.270569
32,56,1575.0,438.322,1575.0,438.322479
32,57,1577.0,438.265,1577.000031,438.265198
32,58,1579.0,438.134,1579.000031,438.13385
32,59,1581.0,438.003,1581.000031,438.003265
32,60,1583.0,437.957,1583.0,437.957336
32,61,1585.0,438.051,1585.000031,438.051025
32,62,1587.0,438.276,1587.000031,438.276245
32,63,1589.0,438.591,1589.0,438.590881
32,64,1591.0,438.911,1591.000031,438.911133
32,65,1593.0,439.176,1593.000031,439.175507
32,66,1595.0,439.341,1595.000031,439.341095
32,67,1597.0,439.412,1597.0,439.412109
32,68,1599.0,439.395,1599.000031,439.395355
32,69,1601.0,439.299,1601.000031,439.298889
32,70,1603.0,439.156,1603.0,439.155945
32,71,1605.0,439.02,1605.000031,439.020111
32,72,1607.0,438.929,1607.000031,438.928925
32,73,1609.0,438.882,1609.000031,438.882263
32,74,1611.0,438.847,1611.0,438.84729
32,75,1613.0,438.834,1613.000031,438.834259
32,76,1615.0,438.989,1615.000031,438.989044
32,77,1616.857,439.412,1616.857147,439.411957
32,78,1618.143,439.852,1618.142883,439.851807
33,0,1150.857,443.982,1150.857143,443.981598
33,1,1152.143,443.945,1152.142857,443.945496
33,2,1154.0,443.905,1154.0,443.905029
33,3,1156.0,443.871,1156.0,443.871429
33,4,1158.0,443.836,1158.0,443.836456
33,5,1160.0,443.772,1160.000001,443.772308
33,6,1162.0,443.667,1162.000001,443.666809
33,7,1164.0,443.511,1164.000001,443.510925
33,8,1166.0,443.337,1166.0,443.336914
33,9,1168.0,443.181,1168.000002,443.181061
33,10,1170.0,443.074,1170.000002,443.073547
33,11,1172.0,443.041,1172.0,443.041077
33,12,1174.0,443.037,1174.000002,443.036713
33,13,1176.0,442.985,1176.0,442.985474
33,14,1178.0,442.894,1178.000002,442.893555
33,15,1180.0,442.807,1180.000002,442.80719
33,16,1182.0,442.782,1182.000004,442.781799
33,17,1184.0,442.833,1184.0,442.833252
33,18,1186.0,442.908,1186.000004,442.908417
33,19,1188.0,442.958,1188.0,442.95816
33,20,1190.0,442.918,1190.000004,442.918243
33,21,1192.0,442.723,1192.000004,442.723053
33,22,1194.0,442.425,1194.000004,442.425415
33,23,1196.0,442.136,1196.0,442.136292
33,24,1198.0,441.971,1198.0,441.970856
33,25,1200.0,441.941,1200.000004,441.940674
33,26,1202.0,441.936,1202.000004,441.935913
33,27,1204.0,441.874,1204.0,441.874298
33,28,1206.0,441.728,1206.000004,441.728455
33,29,1208.0,441.526,1208.000004,441.526093
33,30,1210.0,441.339,1210.000004,441.339172
33,31,1212.0,441.175,1212.0,441.175018
33,32,1214.0,441.044,1214.0,441.043884
33,33,1216.0,440.948,1216.0,440.948303
33,34,1218.0,440.891,1218.0,440.891418
33,35,1220.0,440.868,1220.0,440.867706
33,36,1222.0,440.832,1222.000008,440.832245
33,37,1224.0,440.768,1224.000008,440.768372
33,38,1226.0,440.69,1226.0,440.689972
33,39,1228.0,440.625,1228.0,440.624725
33,40,1230.0,440.579,1230.0,440.578827
33,41,1232.0,440.532,1232.000008,440.531738
33,42,1234.0,440.489,1234.0,440.488831
33,43,1236.0,440.458,1236.0,440.458008
33,44,1238.0,440.436,1238.000008,440.436401
33,45,1240.0,440.421,1240.0,440.420837
33,46,1242.0,440.406,1242.0,440.405579
33,47,1244.0,440.394,1244.000008,440.393951
33,48,1246.0,440.405,1246.000008,440.404968
33,49,1248.0,440.463,1248.000008,440.462555
33,50,1250.0,440.576,1250.0,440.576202
33,51,1252.0,440.739,1252.000008,440.739258
33,52,1254.0,440.92,1254.000008,440.920227
33,53,1256.0,441.054,1256.0,441.053558
33,54,1258.0,441.111,1258.000008,441.110565
33,55,1260.0,441.12,1260.000008,441.120361
33,56,1262.0,441.14,1262.000008,441.140259
33,57,1264.0,441.207,1264.0,441.206573
33,58,1266.0,441.299,1266.000008,441.298798
33,59,1268.0,441.375,1268.000008,441.374542
33,60,1270.0,441.424,1270.0,441.423859
33,61,1272.0,441.506,1272.0,441.50592
33,62,1274.0,441.702,1274.000008,441.701569
33,63,1276.0,442.134,1276.000008,442.133575
33,64,1278.0,442.797,1278.0,442.797424
33,65,1280.0,443.479,1280.000015,443.478882
33,66,1282.0,444.0,1282.000015,443.999542
33,67,1284.0,444.242,1284.0,444.242371
33,68,1286.0,444.3,1286.0,444.300171
33,69,1288.0,444.3,1288.0,444.299683
33,70,1290.0,444.279,1290.0,444.278748
33,71,1292.0,444.229,1292.0,444.228516
33,72,1294.0,444.14,1294.000015,444.140472
33,73,1296.0,444.059,1296.000015,444.05899
33,74,1298.0,444.022,1298.0,444.021881
33,75,1300.0,444.062,1300.0,444.061859
33,76,1302.0,444.194,1302.0,444.193604
33,77,1304.0,444.381,1304.000015,444.380554
33,78,1306.0,444.587,1306.0,444.586731
33,79,1308.0,444.774,1308.0,444.773804
33,80,1310.0,444.896,1310.000015,444.896027
33,81,1312.0,444.972,1312.0,444.971619
33,82,1314.0,445.084,1314.0,445.084351
33,83,1316.0,445.268,1316.0,445.268066
33,84,1318.0,445.531,1318.000015,445.531494
33,85,1320.0,445.813,1320.000015,445.813446
33,86,1322.0,446.045,1322.0,446.045013
33,87,1324.0,446.231,1324.000015,446.23111
33,88,1326.0,446.352,1326.0,446.352142
33,89,1328.0,446.417,1328.000015,446.41687
33,90,1330.0,446.433,1330.0,446.433228
33,91,1332.0,446.449,1332.000015,446.448761
33,92,1334.0,446.527,1334.0,446.526764
33,93,1336.0,446.716,1336.000015,446.716339
33,94,1338.0,447.032,1338.000015,447.031769
33,95,1340.0,447.404,1340.000015,447.403595
33,96,1342.0,447.747,1342.000015,447.747223
33,97,1344.0,448.003,1344.0,448.002716
33,98,1346.0,448.154,1346.000015,448.154297
33,99,1348.0,448.252,1348.0,448.251709
33,100,1350.0,448.33,1350.000015,448.329712
33,101,1352.0,448.429,1352.000015,448.428864
33,102,1354.0,448.581,1354.000015,448.581299
33,103,1356.0,448.809,1356.000015,448.809387
33,104,1358.0,449.129,1358.0,449.12851
33,105,1360.0,449.482,1360.000015,449.481812
33,106,1362.0,449.794,1362.0,449.793793
33,107,1364.0,450.034,1364.000015,450.033508
33,108,1366.0,450.203,1366.000015,450.20343
33,109,1368.0,450.357,1368.000015,450.356842
33,110,1370.0,450.526,1370.000015,450.525848
33,111,1372.0,450.734,1372.0,450.734314
33,112,1374.0,450.971,1374.000015,450.971039
33,113,1376.0,451.176,1376.000015,451.176361
33,114,1378.0,451.291,1378.000015,451.290558
33,115,1380.0,451.298,1380.0,451.298157
33,116,1382.0,451.27,1382.000015,451.270355
33,117,1384.0,451.298,1384.000015,451.298248
33,118,1386.0,451.432,1386.0,451.431793
33,119,1388.0,451.67,1388.000015,451.670105
33,120,1390.0,451.983,1390.000015,451.983215
33,121,1392.0,452.316,1392.000015,452.316376
33,122,1394.0,452.597,1394.0,452.596771
33,123,1396.0,452.797,1396.000015,452.796692
33,124,1398.0,452.945,1398.000015,452.944519
33,125,1400.0,453.095,1400.0,453.095001
33,126,1402.0,453.253,1402.000015,453.252747
33,127,1404.0,453.41,1404.000015,453.410034
33,128,1406.0,453.534,1406.000031,453.534332
33,129,1408.0,453.621,1408.0,453.620972
33,130,1410.0,453.686,1410.000031,453.686188
33,131,1412.0,453.737,1412.0,453.737488
33,132,1414.0,453.8,1414.000031,453.800323
33,133,1416.0,453.91,1416.0,453.909912
33,134,1418.0,454.08,1418.0,454.079803
33,135,1420.0,454.301,1420.000031,454.301392
33,136,1422.0,454.561,1422.0,454.561005
33,137,1424.0,454.85,1424.000031,454.850037
33,138,1426.0,455.183,1426.0,455.182587
33,139,1428.0,455.541,1428.000031,455.541443
33,140,1430.0,455.915,1430.0,455.915436
33,141,1432.0,456.246,1432.0,456.245972
33,142,1434.0,456.485,1434.000031,456.484711
33,143,1436.0,456.638,1436.0,456.638245
33,144,1438.0,456.722,1438.000031,456.721924
33,145,1440.0,456.79,1440.0,456.789581
33,146,1442.0,456.857,1442.000031,456.857117
33,147,1444.0,456.926,1444.0,456.925598
33,148,1446.0,457.005,1446.0,457.00528
33,149,1448.0,457.105,1448.000031,457.105042
33,150,1450.0,457.228,1450.0,457.22757
33,151,1452.0,457.368,1452.000031,457.36792
33,152,1454.0,457.511,1454.0,457.51123
33,153,1456.0,457.626,1456.000031,457.625854
33,154,1458.0,457.704,1458.0,457.704346
33,155,1460.0,457.798,1460.000031,457.798218
33,156,1462.0,457.945,1462.0,457.944824
33,157,1464.0,458.149,1464.0,458.148651
33,158,1466.0,458.386,1466.000031,458.38623
33,159,1468.0,458.598,1468.0,458.598358
33,160,1470.0,458.779,1470.000031,458.778625
33,161,1472.0,458.934,1472.0,458.933502
33,162,1474.0,459.076,1474.000031,459.075958
33,163,1476.0,459.242,1476.0,459.24234
33,164,1478.0,459.437,1478.0,459.436859
33,165,1480.0,459.629,1480.000031,459.628876
33,166,1482.0,459.798,1482.0,459.798248
33,167,1484.0,459.943,1484.000031,459.943451
33,168,1486.0,460.087,1486.0,460.086761
33,169,1488.0,460.223,1488.000031,460.223297
33,170,1490.0,460.332,1490.0,460.332123
33,171,1492.0,460.414,1492.0,460.413757
33,172,1494.0,460.476,1494.000031,460.475708
33,173,1496.0,460.525,1496.0,460.525421
33,174,1498.0,460.574,1498.000031,460.574493
33,175,1500.0,460.636,1500.000031,460.63623
33,176,1502.0,460.727,1502.000031,460.72699
33,177,1504.0,460.833,1504.0,460.832794
33,178,1506.0,460.916,1506.0,460.916321
33,179,1508.0,460.967,1508.000031,460.967224
33,180,1510.0,461.001,1510.000031,461.00116
33,181,1512.0,461.045,1512.0,461.044952
33,182,1514.0,461.102,1514.000031,461.101715
33,183,1516.0,461.151,1516.000031,461.151123
33,184,1518.0,461.193,1518.0,461.192505
33,185,1520.0,461.247,1520.0,461.247437
33,186,1522.0,461.326,1522.000031,461.325928
33,187,1524.0,461.405,1524.000031,461.405396
33,188,1526.0,461.454,1526.0,461.454224
33,189,1528.0,461.461,1528.000031,461.461182
33,190,1530.0,461.443,1530.000031,461.442688
33,191,1532.0,461.423,1532.0,461.422913
33,192,1534.0,461.429,1534.0,461.428833
33,193,1536.0,461.524,1536.000031,461.524048
33,194,1538.0,461.691,1538.000031,461.690674
33,195,1540.0,461.881,1540.0,461.88147
33,196,1542.0,462.056,1542.000031,462.055725
33,197,1544.0,462.166,1544.000031,462.166473
33,198,1546.0,462.254,1546.0,462.253693
33,199,1548.0,462.334,1548.0,462.333832
33,200,1550.0,462.436,1550.000031,462.435791
33,201,1552.0,462.558,1552.000031,462.55835
33,202,1554.0,462.641,1554.0,462.640839
33,203,1556.0,462.671,1556.000031,462.671082
33,204,1558.0,462.719,1558.000031,462.718811
33,205,1560.0,462.92,1560.0,462.919586
33,206,1562.0,463.164,1562.0,463.164215
33,207,1564.0,463.175,1564.000031,463.175323
33,208,1566.0,462.979,1566.000031,462.979462
33,209,1568.0,462.655,1568.0,462.655182
33,210,1570.0,462.479,1570.000031,462.47934
33,211,1572.0,462.469,1572.000031,462.469421
33,212,1574.0,462.469,1574.0,462.469177
33,213,1576.0,462.444,1576.0,462.443665
33,214,1578.0,462.386,1578.000031,462.386475
33,215,1580.0,462.314,1580.000031,462.31369
33,216,1582.0,462.241,1582.0,462.240875
33,217,1584.0,462.165,1584.000031,462.165436
33,218,1586.0,462.087,1586.000031,462.087128
33,219,1588.0,462.022,1588.000031,462.022247
33,220,1590.0,461.993,1590.0,461.993439
33,221,1592.0,462.01,1592.000031,462.009949
33,222,1594.0,462.057,1594.000031,462.057343
33,223,1596.0,462.113,1596.0,462.11322
33,224,1598.0,462.163,1598.000031,462.163483
33,225,1600.0,462.211,1600.000031,462.210968
33,226,1602.0,462.268,1602.000031,462.268066
33,227,1604.0,462.335,1604.0,462.334778
33,228,1606.0,462.396,1606.000031,462.39563
33,229,1608.0,462.433,1608.000031,462.433075
33,230,1610.0,462.437,1610.0,462.437073
33,231,1612.0,462.417,1612.000031,462.417419
33,232,1614.0,462.39,1614.000031,462.39035
33,233,1616.0,462.36,1616.000031,462.359863
33,234,1618.0,462.326,1618.0,462.326355
33,235,1620.0,462.301,1620.000031,462.300629
33,236,1622.0,462.309,1622.000031,462.309265
33,237,1624.0,462.428,1624.0,462.427765
33,238,1626.0,462.867,1626.000031,462.866791
33,239,1629.0,464.437,1629.000031,464.437286
33,240,1632.571,466.623,1632.571472,466.62326
34,0,1150.857,457.203,1150.857143,457.203064
34,1,1152.143,457.152,1152.142857,457.152435
34,2,1154.0,457.085,1154.0,457.085205
34,3,1156.0,457.011,1156.0,457.010742
34,4,1158.0,456.948,1158.0,456.94751
34,5,1160.0,456.882,1160.000001,456.881866
34,6,1162.0,456.799,1162.000001,456.798615
34,7,1164.0,456.689,1164.000001,456.688843
34,8,1166.0,456.556,1166.0,456.556305
34,9,1168.0,456.419,1168.000002,456.419495
34,10,1170.0,456.296,1170.000002,456.296478
34,11,1172.0,456.195,1172.0,456.19455
34,12,1174.0,456.107,1174.000002,456.107086
34,13,1176.0,456.023,1176.0,456.023224
34,14,1178.0,455.925,1178.000002,455.925385
34,15,1180.0,455.799,1180.000002,455.798889
34,16,1182.0,455.655,1182.000004,455.655487
34,17,1184.0,455.525,1184.0,455.525452
34,18,1186.0,455.428,1186.000004,455.428314
34,19,1188.0,455.363,1188.0,455.362549
34,20,1190.0,455.314,1190.000004,455.313812
34,21,1192.0,455.278,1192.000004,455.277588
34,22,1194.0,455.252,1194.000004,455.252075
34,23,1196.0,455.202,1196.0,455.202026
34,24,1198.0,455.069,1198.0,455.06897
34,25,1200.0,454.809,1200.000004,454.809418
34,26,1202.0,454.45,1202.000004,454.450317
34,27,1204.0,454.054,1204.0,454.053741
34,28,1206.0,453.67,1206.000004,453.669708
34,29,1208.0,453.352,1208.000004,453.352264
34,30,1210.0,453.103,1210.000004,453.102936
34,31,1212.0,452.956,1212.0,452.956207
34,32,1214.0,452.911,1214.0,452.910583
34,33,1216.0,452.927,1216.0,452.926941
34,34,1218.0,452.969,1218.0,452.968628
34,35,1220.0,452.998,1220.0,452.998138
34,36,1222.0,453.013,1222.000008,453.012726
34,37,1224.0,453.029,1224.000008,453.028717
34,38,1226.0,453.055,1226.0,453.055389
34,39,1228.0,453.1,1228.0,453.099762
34,40,1230.0,453.161,1230.0,453.160614
34,41,1232.0,453.225,1232.000008,453.224854
34,42,1234.0,453.28,1234.0,453.280457
34,43,1236.0,453.328,1236.0,453.328064
34,44,1238.0,453.38,1238.000008,453.379761
34,45,1240.0,453.435,1240.0,453.435272
34,46,1242.0,453.483,1242.0,453.48349
34,47,1244.0,453.501,1244.000008,453.501312
34,48,1246.0,453.476,1246.000008,453.476379
34,49,1248.0,453.426,1248.000008,453.426178
34,50,1250.0,453.372,1250.0,453.372437
34,51,1252.0,453.338,1252.000008,453.337677
34,52,1254.0,453.331,1254.000008,453.331329
34,53,1256.0,453.343,1256.0,453.343018
34,54,1258.0,453.357,1258.000008,453.35675
34,55,1260.0,453.359,1260.000008,453.359406
34,56,1262.0,453.348,1262.000008,453.347626
34,57,1264.0,453.333,1264.0,453.332642
34,58,1266.0,453.321,1266.000008,453.32074
34,59,1268.0,453.304,1268.000008,453.303864
34,60,1270.0,453.257,1270.0,453.257172
34,61,1272.0,453.165,1272.0,453.164886
34,62,1274.0,453.06,1274.000008,453.060364
34,63,1276.0,452.991,1276.000008,452.991272
34,64,1278.0,452.986,1278.0,452.986481
34,65,1280.0,453.021,1280.000015,453.021088
34,66,1282.0,453.052,1282.000015,453.052032
34,67,1284.0,453.067,1284.0,453.067413
34,68,1286.0,453.12,1286.0,453.120178
34,69,1288.0,453.349,1288.0,453.348755
34,70,1290.0,453.779,1290.0,453.779449
34,71,1292.0,454.326,1292.0,454.326324
34,72,1294.0,454.833,1294.000015,454.832855
34,73,1296.0,455.165,1296.000015,455.165497
34,74,1298.0,455.345,1298.0,455.344879
34,75,1300.0,455.445,1300.0,455.444611
34,76,1302.0,455.538,1302.0,455.537537
34,77,1304.0,455.664,1304.000015,455.663727
34,78,1306.0,455.841,1306.0,455.840912
34,79,1308.0,456.103,1308.0,456.10318
34,80,1310.0,456.444,1310.000015,456.443756
34,81,1312.0,456.848,1312.0,456.84848
34,82,1314.0,457.251,1314.0,457.251221
34,83,1316.0,457.575,1316.0,457.574646
34,84,1318.0,457.818,1318.000015,457.81778
34,85,1320.0,458.001,1320.000015,458.000732
34,86,1322.0,458.189,1322.0,458.189209
34,87,1324.0,458.376,1324.000015,458.376282
34,88,1326.0,458.531,1326.0,458.530609
34,89,1328.0,458.642,1328.000015,458.642181
34,90,1330.0,458.728,1330.0,458.727783
34,91,1332.0,458.826,1332.000015,458.826019
34,92,1334.0,458.955,1334.0,458.955353
34,93,1336.0,459.126,1336.000015,459.125916
34,94,1338.0,459.335,1338.000015,459.334778
34,95,1340.0,459.603,1340.000015,459.602997
34,96,1342.0,459.958,1342.000015,459.957855
34,97,1344.0,460.344,1344.0,460.344299
34,98,1346.0,460.743,1346.000015,460.743134
34,99,1348.0,461.102,1348.0,461.102386
34,100,1350.0,461.392,1350.000015,461.392303
34,101,1352.0,461.639,1352.000015,461.639038
34,102,1354.0,461.86,1354.000015,461.860443
34,103,1356.0,462.096,1356.000015,462.095581
34,104,1358.0,462.341,1358.0,462.3414
34,105,1360.0,462.585,1360.000015,462.585327
34,106,1362.0,462.822,1362.0,462.822479
34,107,1364.0,463.075,1364.000015,463.074585
34,108,1366.0,463.348,1366.000015,463.347595
34,109,1368.0,463.608,1368.000015,463.608063
34,110,1370.0,463.829,1370.000015,463.828674
34,111,1372.0,464.001,1372.0,464.00119
34,112,1374.0,464.155,1374.000015,464.15509
34,113,1376.0,464.307,1376.000015,464.307098
34,114,1378.0,464.471,1378.000015,464.471466
34,115,1380.0,464.664,1380.0,464.663605
34,116,1382.0,464.882,1382.000015,464.8815
34,117,1384.0,465.103,1384.000015,465.103058
34,118,1386.0,465.316,1386.0,465.316101
34,119,1388.0,465.528,1388.000015,465.527985
34,120,1390.0,465.758,1390.000015,465.757904
34,121,1392.0,466.005,1392.000015,466.005219
34,122,1394.0,466.262,1394.0,466.262238
34,123,1396.0,466.526,1396.000015,466.526398
34,124,1398.0,466.798,1398.000015,466.798096
34,125,1400.0,467.096,1400.0,467.095947
34,126,1402.0,467.405,1402.000015,467.405243
34,127,1404.0,467.716,1404.000015,467.715912
34,128,1406.0,468.01,1406.000031,468.009857
34,129,1408.0,468.269,1408.0,468.268921
34,130,1410.0,468.486,1410.000031,468.485962
34,131,1412.0,468.65,1412.0,468.649689
34,132,1414.0,468.751,1414.000031,468.750519
34,133,1416.0,468.809,1416.0,468.809479
34,134,1418.0,468.862,1418.0,468.862122
34,135,1420.0,468.97,1420.000031,468.970459
34,136,1422.0,469.193,1422.0,469.193268
34,137,1424.0,469.494,1424.000031,469.494263
34,138,1426.0,469.805,1426.0,469.80484
34,139,1428.0,470.049,1428.000031,470.049408
34,140,1430.0,470.197,1430.0,470.196777
34,141,1432.0,470.262,1432.0,470.261749
34,142,1434.0,470.264,1434.000031,470.264191
34,143,1436.0,470.238,1436.0,470.238495
34,144,1438.0,470.23,1438.000031,470.229736
34,145,1440.0,470.26,1440.0,470.259521
34,146,1442.0,470.327,1442.000031,470.327484
34,147,1444.0,470.417,1444.0,470.416901
34,148,1446.0,470.513,1446.0,470.512817
34,149,1448.0,470.611,1448.000031,470.611237
34,150,1450.0,470.702,1450.0,470.701935
34,151,1452.0,470.787,1452.000031,470.786865
34,152,1454.0,470.879,1454.0,470.879333
34,153,1456.0,470.987,1456.000031,470.986786
34,154,1458.0,471.112,1458.0,471.111969
34,155,1460.0,471.253,1460.000031,471.253387
34,156,1462.0,471.394,1462.0,471.39389
34,157,1464.0,471.534,1464.0,471.533752
34,158,1466.0,471.69,1466.000031,471.690338
34,159,1468.0,471.885,1468.0,471.884613
34,160,1470.0,472.123,1470.000031,472.123322
34,161,1472.0,472.364,1472.0,472.364349
34,162,1474.0,472.559,1474.000031,472.558533
34,163,1476.0,472.691,1476.0,472.690704
34,164,1478.0,472.783,1478.0,472.783173
34,165,1480.0,472.863,1480.000031,472.863098
34,166,1482.0,472.931,1482.0,472.930695
34,167,1484.0,472.981,1484.000031,472.980713
34,168,1486.0,473.024,1486.0,473.023895
34,169,1488.0,473.079,1488.000031,473.079315
34,170,1490.0,473.162,1490.0,473.162323
34,171,1492.0,473.264,1492.0,473.264465
34,172,1494.0,473.369,1494.000031,473.369354
34,173,1496.0,473.472,1496.0,473.472046
34,174,1498.0,473.582,1498.000031,473.582245
34,175,1500.0,473.714,1500.000031,473.713898
34,176,1502.0,473.866,1502.000031,473.865997
34,177,1504.0,474.019,1504.0,474.019257
34,178,1506.0,474.15,1506.0,474.149719
34,179,1508.0,474.248,1508.000031,474.247589
34,180,1510.0,474.322,1510.000031,474.322327
34,181,1512.0,474.394,1512.0,474.393738
34,182,1514.0,474.481,1514.000031,474.481445
34,183,1516.0,474.585,1516.000031,474.584503
34,184,1518.0,474.687,1518.0,474.687134
34,185,1520.0,474.778,1520.0,474.778198
34,186,1522.0,474.86,1522.000031,474.85965
34,187,1524.0,474.943,1524.000031,474.943054
34,188,1526.0,475.017,1526.0,475.017395
34,189,1528.0,475.061,1528.000031,475.06073
34,190,1530.0,475.071,1530.000031,475.071198
34,191,1532.0,475.071,1532.0,475.07132
34,192,1534.0,475.091,1534.0,475.090881
34,193,1536.0,475.138,1536.000031,475.138367
34,194,1538.0,475.219,1538.000031,475.219086
34,195,1540.0,475.332,1540.0,475.331543
34,196,1542.0,475.464,1542.000031,475.464447
34,197,1544.0,475.611,1544.000031,475.611206
34,198,1546.0,475.799,1546.0,475.799072
34,199,1548.0,476.038,1548.0,476.037628
34,200,1550.0,476.287,1550.000031,476.287018
34,201,1552.0,476.494,1552.000031,476.494476
34,202,1554.0,476.616,1554.0,476.615906
34,203,1556.0,476.677,1556.000031,476.677307
34,204,1558.0,476.724,1558.000031,476.724487
34,205,1560.0,476.779,1560.0,476.779175
34,206,1562.0,476.863,1562.0,476.863129
34,207,1564.0,477.002,1564.000031,477.002289
34,208,1566.0,477.195,1566.000031,477.194641
34,209,1568.0,477.4,1568.0,477.400482
34,210,1570.0,477.591,1570.000031,477.591309
34,211,1572.0,477.742,1572.000031,477.742065
34,212,1574.0,477.859,1574.0,477.8591
34,213,1576.0,477.967,1576.0,477.967194
34,214,1578.0,478.084,1578.000031,478.084015
34,215,1580.0,478.214,1580.000031,478.213715
34,216,1582.0,478.339,1582.0,478.339264
34,217,1584.0,478.461,1584.000031,478.460632
34,218,1586.0,478.738,1586.000031,478.73819
34,219,1588.0,479.128,1588.000031,479.127777
34,220,1590.0,479.565,1590.0,479.564789
34,221,1592.0,479.971,1592.000031,479.971344
34,222,1594.0,480.214,1594.000031,480.213593
34,223,1596.0,480.415,1596.0,480.41507
34,224,1598.0,480.56,1598.000031,480.559631
34,225,1604.714,480.762,1604.714325,480.761841
34,226,1616.143,481.238,1616.142914,481.237518
34,227,1627.714,481.855,1627.714294,481.85495
34,228,1639.429,482.582,1639.428589,482.581543
34,229,1641.714,483.007,1641.714325,483.007202
34,230,1643.857,483.201,1643.857178,483.200897
34,231,1645.143,483.257,1645.142883,483.257416
35,0,1584.857,466.82,1584.857178,466.819763
35,1,1586.143,467.134,1586.142914,467.133636
35,2,1588.0,467.466,1588.000031,467.465912
35,3,1590.0,467.684,1590.0,467.684052
35,4,1592.0,467.757,1592.000031,467.757019
35,5,1594.0,467.868,1594.000031,467.868225
35,6,1596.0,468.075,1596.0,468.075317
35,7,1598.0,468.312,1598.000031,468.311707
35,8,1600.0,468.503,1600.000031,468.502502
35,9,1602.0,468.563,1602.000031,468.562653
35,10,1604.0,468.47,1604.0,468.469788
35,11,1606.0,468.323,1606.000031,468.322571
35,12,1608.0,468.188,1608.000031,468.187897
35,13,1610.0,468.142,1610.0,468.142029
35,14,1612.0,468.244,1612.000031,468.244476
35,15,1614.0,468.446,1614.000031,468.446228
35,16,1616.0,468.74,1616.000031,468.740479
35,17,1618.0,469.081,1618.0,469.080627
35,18,1620.0,469.361,1620.000031,469.360962
35,19,1622.0,469.55,1622.000031,469.550018
35,20,1624.0,469.579,1624.0,469.578949
35,21,1626.0,469.489,1626.000031,469.489471
35,22,1628.0,469.442,1628.000031,469.44223
35,23,1630.0,469.516,1630.000031,469.516296
35,24,1632.0,469.821,1632.0,469.820587
35,25,1634.0,470.272,1634.000031,470.272156
35,26,1635.571,470.666,1635.571472,470.666473
36,0,1597.857,477.143,1597.857147,477.142792
36,1,1599.143,477.22,1599.142883,477.220123
36,2,1601.0,477.362,1601.000031,477.361847
36,3,1603.0,477.561,1603.0,477.561493
36,4,1605.0,477.741,1605.000031,477.74118
36,5,1607.0,477.86,1607.000031,477.859955
36,6,1609.0,477.866,1609.000031,477.865875
36,7,1611.0,477.809,1611.0,477.808533
36,8,1613.0,477.743,1613.000031,477.743042
36,9,1615.0,477.7,1615.000031,477.700256
36,10,1617.0,477.68,1617.0,477.680176
36,11,1619.0,477.657,1619.000031,477.656555
36,12,1621.0,477.607,1621.000031,477.606964
36,13,1623.0,477.548,1623.000031,477.547913
36,14,1625.0,477.501,1625.0,477.501068
36,15,1627.0,477.544,1627.000031,477.543701
36,16,1629.0,477.739,1629.000031,477.739441
36,17,1631.0,478.171,1631.0,478.171204
36,18,1633.571,479.305,1633.571442,479.30484
36,19,1636.286,480.706,1636.285706,480.705505
37,0,1150.857,467.585,1150.857143,467.585052
37,1,1152.143,467.63,1152.142857,467.629974
37,2,1154.0,467.658,1154.0,467.657715
37,3,1156.0,467.633,1156.0,467.632751
37,4,1158.0,467.523,1158.0,467.523041
37,5,1160.0,467.357,1160.000001,467.35672
37,6,1162.0,467.157,1162.000001,467.156921
37,7,1164.0,466.924,1164.000001,466.924072
37,8,1166.0,466.655,1166.0,466.654938
37,9,1168.0,466.368,1168.000002,466.367523
37,10,1170.0,466.078,1170.000002,466.077576
37,11,1172.0,465.799,1172.0,465.799103
37,12,1174.0,465.531,1174.000002,465.530884
37,13,1176.0,465.292,1176.0,465.292206
37,14,1178.0,465.101,1178.000002,465.10083
37,15,1180.0,464.962,1180.000002,464.962402
37,16,1182.0,464.84,1182.000004,464.840118
37,17,1184.0,464.683,1184.0,464.68277
37,18,1186.0,464.476,1186.000004,464.476135
37,19,1188.0,464.235,1188.0,464.235291
37,20,1190.0,464.0,1190.000004,463.999603
37,21,1192.0,463.799,1192.000004,463.799194
37,22,1194.0,463.632,1194.000004,463.631592
37,23,1196.0,463.505,1196.0,463.50473
37,24,1198.0,463.46,1198.0,463.459625
37,25,1200.0,463.512,1200.000004,463.511963
37,26,1202.0,463.592,1202.000004,463.59198
37,27,1204.0,463.606,1204.0,463.605865
37,28,1206.0,463.487,1206.000004,463.486603
37,29,1208.0,463.27,1208.000004,463.270111
37,30,1210.0,463.037,1210.000004,463.036682
37,31,1212.0,462.833,1212.0,462.832855
37,32,1214.0,462.667,1214.0,462.666534
37,33,1216.0,462.534,1216.0,462.534485
37,34,1218.0,462.432,1218.0,462.432404
37,35,1220.0,462.353,1220.0,462.353119
37,36,1222.0,462.298,1222.000008,462.297668
37,37,1224.0,462.271,1224.000008,462.270569
37,38,1226.0,462.274,1226.0,462.273926
37,39,1228.0,462.294,1228.0,462.29422
37,40,1230.0,462.293,1230.0,462.293488
37,41,1232.0,462.254,1232.000008,462.253906
37,42,1234.0,462.193,1234.0,462.193237
37,43,1236.0,462.146,1236.0,462.14624
37,44,1238.0,462.129,1238.000008,462.129059
37,45,1240.0,462.123,1240.0,462.123077
37,46,1242.0,462.118,1242.0,462.118042
37,47,1244.0,462.131,1244.000008,462.131409
37,48,1246.0,462.186,1246.000008,462.185791
37,49,1248.0,462.277,1248.000008,462.276672
37,50,1250.0,462.379,1250.0,462.379181
37,51,1252.0,462.471,1252.000008,462.471436
37,52,1254.0,462.552,1254.000008,462.551636
37,53,1256.0,462.636,1256.0,462.636108
37,54,1258.0,462.732,1258.000008,462.731995
37,55,1260.0,462.828,1260.000008,462.827606
37,56,1262.0,462.898,1262.000008,462.898163
37,57,1264.0,462.935,1264.0,462.935486
37,58,1266.0,462.956,1266.000008,462.95639
37,59,1268.0,462.982,1268.000008,462.981934
37,60,1270.0,463.033,1270.0,463.033203
37,61,1272.0,463.096,1272.0,463.096191
37,62,1274.0,463.155,1274.000008,463.15509
37,63,1276.0,463.237,1276.000008,463.236572
37,64,1278.0,463.398,1278.0,463.397797
37,65,1280.0,463.635,1280.000015,463.635406
37,66,1282.0,463.896,1282.000015,463.896423
37,67,1284.0,464.1,1284.0,464.100159
37,68,1286.0,464.201,1286.0,464.201172
37,69,1288.0,464.24,1288.0,464.240387
37,70,1290.0,464.285,1290.0,464.28479
37,71,1292.0,464.401,1292.0,464.401489
37,72,1294.0,464.683,1294.000015,464.683258
37,73,1296.0,465.122,1296.000015,465.121857
37,74,1298.0,465.583,1298.0,465.583008
37,75,1300.0,465.951,1300.0,465.950897
37,76,1302.0,466.129,1302.0,466.129425
37,77,1304.0,466.189,1304.000015,466.18924
37,78,1306.0,466.208,1306.0,466.208313
37,79,1308.0,466.223,1308.0,466.223358
37,80,1310.0,466.255,1310.000015,466.255005
37,81,1312.0,466.338,1312.0,466.338165
37,82,1314.0,466.542,1314.0,466.542114
37,83,1316.0,466.892,1316.0,466.891968
37,84,1318.0,467.357,1318.000015,467.356659
37,85,1320.0,467.855,1320.000015,467.85498
37,86,1322.0,468.287,1322.0,468.286682
37,87,1324.0,468.617,1324.000015,468.617462
37,88,1326.0,468.871,1326.0,468.871063
37,89,1328.0,469.104,1328.000015,469.104248
37,90,1330.0,469.373,1330.0,469.373474
37,91,1332.0,469.678,1332.000015,469.678345
37,92,1334.0,469.983,1334.0,469.982941
37,93,1336.0,470.253,1336.000015,470.252686
37,94,1338.0,470.493,1338.000015,470.493011
37,95,1340.0,470.753,1340.000015,470.753052
37,96,1342.0,471.085,1342.000015,471.085449
37,97,1344.0,471.482,1344.0,471.482483
37,98,1346.0,471.876,1346.000015,471.876282
37,99,1348.0,472.203,1348.0,472.203186
37,100,1350.0,472.421,1350.000015,472.421021
37,101,1352.0,472.58,1352.000015,472.58017
37,102,1354.0,472.745,1354.000015,472.744598
37,103,1356.0,472.988,1356.000015,472.988007
37,104,1358.0,473.327,1358.0,473.327057
37,105,1360.0,473.701,1360.000015,473.700989
37,106,1362.0,474.057,1362.0,474.057465
37,107,1364.0,474.343,1364.000015,474.343048
37,108,1366.0,474.583,1366.000015,474.583313
37,109,1368.0,474.815,1368.000015,474.814789
37,110,1370.0,475.057,1370.000015,475.056763
37,111,1372.0,475.348,1372.0,475.348267
37,112,1374.0,475.715,1374.000015,475.714508
37,113,1376.0,476.125,1376.000015,476.125
37,114,1378.0,476.557,1378.000015,476.557495
37,115,1380.0,477.008,1380.0,477.007629
37,116,1382.0,477.4,1382.000015,477.400238
37,117,1384.0,477.748,1384.000015,477.748474
37,118,1386.0,478.022,1386.0,478.021667
37,119,1388.0,478.244,1388.000015,478.244171
37,120,1390.0,478.435,1390.000015,478.435486
37,121,1392.0,478.603,1392.000015,478.603119
37,122,1394.0,478.759,1394.0,478.759125
37,123,1396.0,478.942,1396.000015,478.94165
37,124,1398.0,479.169,1398.000015,479.16861
37,125,1400.0,479.412,1400.0,479.412384
37,126,1402.0,479.637,1402.000015,479.636688
37,127,1404.0,479.798,1404.000015,479.797699
37,128,1406.0,479.869,1406.000031,479.869232
37,129,1408.0,479.875,1408.0,479.874786
37,130,1410.0,479.893,1410.000031,479.893433
37,131,1412.0,479.982,1412.0,479.981934
37,132,1414.0,480.145,1414.000031,480.145081
37,133,1416.0,480.353,1416.0,480.353058
37,134,1418.0,480.596,1418.0,480.595734
37,135,1420.0,480.886,1420.000031,480.88559
37,136,1422.0,481.211,1422.0,481.210968
37,137,1424.0,481.48,1424.000031,481.480347
37,138,1426.0,481.643,1426.0,481.642853
37,139,1428.0,481.751,1428.000031,481.751282
37,140,1430.0,481.92,1430.0,481.919769
37,141,1432.0,482.228,1432.0,482.22818
37,142,1434.0,482.644,1434.000031,482.643555
37,143,1436.0,483.066,1436.0,483.066071
37,144,1438.0,483.411,1438.000031,483.410706
37,145,1440.0,483.684,1440.0,483.684021
37,146,1442.0,483.944,1442.000031,483.944397
37,147,1444.0,484.224,1444.0,484.223999
37,148,1446.0,484.5,1446.0,484.499695
37,149,1448.0,484.764,1448.000031,484.764099
37,150,1450.0,484.992,1450.0,484.992493
37,151,1452.0,485.205,1452.000031,485.205261
37,152,1454.0,485.381,1454.0,485.381439
37,153,1456.0,485.515,1456.000031,485.515411
37,154,1458.0,485.63,1458.0,485.630066
37,155,1460.0,485.748,1460.000031,485.747711
37,156,1462.0,485.875,1462.0,485.874664
37,157,1464.0,486.008,1464.0,486.008423
37,158,1466.0,486.151,1466.000031,486.15094
37,159,1468.0,486.298,1468.0,486.297729
37,160,1470.0,486.433,1470.000031,486.432861
37,161,1472.0,486.562,1472.0,486.562286
37,162,1474.0,486.705,1474.000031,486.704559
37,163,1476.0,486.862,1476.0,486.862427
37,164,1478.0,487.022,1478.0,487.022034
37,165,1480.0,487.18,1480.000031,487.179932
37,166,1482.0,487.336,1482.0,487.335968
37,167,1484.0,487.492,1484.000031,487.492218
37,168,1486.0,487.647,1486.0,487.647125
37,169,1488.0,487.759,1488.000031,487.758911
37,170,1490.0,487.833,1490.0,487.83313
37,171,1492.0,487.873,1492.0,487.872559
37,172,1494.0,487.897,1494.000031,487.896851
37,173,1496.0,487.935,1496.0,487.934906
37,174,1498.0,488.011,1498.000031,488.010895
37,175,1500.0,488.124,1500.000031,488.123657
37,176,1502.0,488.27,1502.000031,488.269928
37,177,1504.0,488.426,1504.0,488.425903
37,178,1506.0,488.582,1506.0,488.582184
37,179,1508.0,488.753,1508.000031,488.752655
37,180,1510.0,488.947,1510.000031,488.946869
37,181,1512.0,489.138,1512.0,489.138062
37,182,1514.0,489.28,1514.000031,489.280151
37,183,1516.0,489.366,1516.000031,489.366028
37,184,1518.0,489.428,1518.0,489.428009
37,185,1520.0,489.492,1520.0,489.492432
37,186,1522.0,489.567,1522.000031,489.566925
37,187,1524.0,489.63,1524.000031,489.629852
37,188,1526.0,489.696,1526.0,489.695892
37,189,1528.0,489.782,1528.000031,489.781555
37,190,1530.0,489.892,1530.000031,489.891724
37,191,1532.0,490.01,1532.0,490.010071
37,192,1534.0,490.098,1534.0,490.09845
37,193,1536.0,490.133,1536.000031,490.133453
37,194,1538.0,490.161,1538.000031,490.161224
37,195,1540.0,490.266,1540.0,490.266083
37,196,1542.0,490.427,1542.000031,490.426971
37,197,1544.0,490.644,1544.000031,490.644379
37,198,1546.0,490.865,1546.0,490.864868
37,199,1548.0,491.118,1548.0,491.118134
37,200,1550.0,491.373,1550.000031,491.372864
37,201,1552.0,491.589,1552.000031,491.589447
37,202,1554.0,491.728,1554.0,491.72821
37,203,1556.0,491.819,1556.000031,491.819275
37,204,1558.0,491.906,1558.000031,491.906342
37,205,1560.0,491.987,1560.0,491.986877
37,206,1562.0,492.042,1562.0,492.041718
37,207,1564.0,492.058,1564.000031,492.057922
37,208,1566.0,492.045,1566.000031,492.045471
37,209,1568.0,492.043,1568.0,492.042877
37,210,1570.0,492.082,1570.000031,492.08194
37,211,1572.0,492.165,1572.000031,492.165253
37,212,1574.0,492.268,1574.0,492.267914
37,213,1576.0,492.343,1576.0,492.342834
37,214,1578.0,492.402,1578.000031,492.402008
37,215,1580.0,492.47,1580.000031,492.470154
37,216,1582.0,492.575,1582.0,492.575104
37,217,1584.0,492.726,1584.000031,492.725922
37,218,1586.0,492.869,1586.000031,492.868561
37,219,1588.0,492.999,1588.000031,492.998779
37,220,1590.0,493.12,1590.0,493.120117
37,221,1592.0,493.247,1592.000031,493.246613
37,222,1594.0,493.378,1594.000031,493.377747
37,223,1596.0,493.506,1596.0,493.506256
37,224,1598.0,493.622,1598.000031,493.621948
37,225,1600.0,493.708,1600.000031,493.70752
37,226,1602.0,493.769,1602.000031,493.768616
37,227,1604.0,493.81,1604.0,493.809723
37,228,1606.0,493.843,1606.000031,493.842804
37,229,1608.0,493.882,1608.000031,493.88208
37,230,1610.0,493.928,1610.0,493.928162
37,231,1612.0,493.978,1612.000031,493.977783
37,232,1614.0,494.033,1614.000031,494.03302
37,233,1616.0,494.103,1616.000031,494.103241
37,234,1618.0,494.204,1618.0,494.204132
37,235,1620.0,494.334,1620.000031,494.333679
37,236,1622.0,494.461,1622.000031,494.460815
37,237,1624.0,494.568,1624.0,494.568359
37,238,1626.0,494.634,1626.000031,494.633545
37,239,1628.0,494.671,1628.000031,494.671356
37,240,1630.0,494.677,1630.000031,494.677277
37,241,1632.0,494.64,1632.0,494.639923
37,242,1634.0,494.35,1634.000031,494.349976
37,243,1636.0,494.082,1636.000031,494.082275
37,244,1638.0,493.944,1638.0,493.944092
37,245,1640.0,494.067,1640.000031,494.067352
37,246,1642.0,494.469,1642.000031,494.469391
37,247,1644.0,494.845,1644.000031,494.844788
37,248,1646.0,495.012,1646.0,495.011993
37,249,1648.0,494.91,1648.000031,494.910278
37,250,1650.0,494.694,1650.000031,494.693512
37,251,1652.0,494.634,1652.0,494.634094
37,252,1654.0,494.832,1654.000031,494.832214
37,253,1656.0,495.07,1656.000031,495.069794
37,254,1658.0,495.019,1658.000031,495.018616
37,255,1660.0,494.679,1660.0,494.678619
37,256,1662.0,494.301,1662.0,494.300537
37,257,1664.0,494.087,1664.0,494.08667
37,258,1666.0,494.054,1666.0,494.054382
37,259,1668.0,494.106,1668.0,494.106384
37,260,1670.0,494.182,1670.000061,494.182037
37,261,1671.571,494.268,1671.571472,494.268402
38,0,1542.857,487.332,1542.857178,487.332428
38,1,1544.143,487.217,1544.142914,487.216614
38,2,1546.0,487.094,1546.0,487.094238
38,3,1548.0,487.01,1548.0,487.009766
38,4,1550.0,486.92,1550.000031,486.91983
38,5,1552.0,486.812,1552.000031,486.812469
38,6,1554.0,486.714,1554.0,486.714478
38,7,1556.0,486.669,1556.000031,486.669159
38,8,1558.0,486.688,1558.000031,486.687897
38,9,1560.0,486.757,1560.0,486.756714
38,10,1562.0,486.862,1562.0,486.862366
38,11,1564.0,486.993,1564.000031,486.993256
38,12,1566.0,487.147,1566.000031,487.147064
38,13,1568.0,487.301,1568.0,487.301392
38,14,1570.0,487.453,1570.000031,487.452972
38,15,1572.0,487.593,1572.000031,487.593079
38,16,1574.0,487.745,1574.0,487.745453
38,17,1576.0,487.958,1576.0,487.957886
38,18,1578.857,488.181,1578.857147,488.180634
38,19,1581.714,488.336,1581.714294,488.335815
38,20,1584.571,488.4,1584.571472,488.399597
38,21,1587.0,488.374,1587.000031,488.373688
38,22,1589.0,488.359,1589.0,488.3591
38,23,1591.0,488.379,1591.000031,488.378693
38,24,1593.0,488.457,1593.000031,488.456665
38,25,1595.0,488.585,1595.000031,488.58548
38,26,1597.0,488.677,1597.0,488.67749
38,27,1599.0,488.73,1599.000031,488.730316
38,28,1601.0,488.732,1601.000031,488.7323
38,29,1603.0,488.773,1603.0,488.773193
38,30,1605.0,488.877,1605.000031,488.877289
38,31,1607.0,488.988,1607.000031,488.988434
38,32,1609.0,489.095,1609.000031,489.095154
38,33,1611.0,489.221,1611.0,489.220917
38,34,1613.857,489.608,1613.857147,489.607635
38,35,1616.714,489.922,1616.714264,489.9216
38,36,1619.571,490.14,1619.571472,490.13974
38,37,1622.0,490.128,1622.000031,490.127777
38,38,1624.0,490.008,1624.0,490.008453
38,39,1626.0,489.959,1626.000031,489.958801
38,40,1628.0,489.99,1628.000031,489.989594
38,41,1630.0,490.091,1630.000031,490.091156
38,42,1632.0,490.204,1632.0,490.204498
38,43,1634.0,490.278,1634.000031,490.278473
38,44,1636.0,490.321,1636.000031,490.321014
38,45,1637.571,490.339,1637.571442,490.338806
39,0,1150.857,479.189,1150.857143,479.188782
39,1,1152.143,479.029,1152.142857,479.028809
39,2,1154.0,478.814,1154.0,478.814026
39,3,1156.0,478.595,1156.0,478.594971
39,4,1158.0,478.434,1158.0,478.433807
39,5,1160.0,478.295,1160.000001,478.2948
39,6,1162.0,478.127,1162.000001,478.127075
39,7,1164.0,477.937,1164.000001,477.93689
39,8,1166.0,477.77,1166.0,477.770386
39,9,1168.0,477.67,1168.000002,477.669922
39,10,1170.0,477.629,1170.000002,477.629059
39,11,1172.0,477.592,1172.0,477.592316
39,12,1174.0,477.484,1174.000002,477.484497
39,13,1176.0,477.269,1176.0,477.269135
39,14,1178.0,476.983,1178.000002,476.98288
39,15,1180.0,476.709,1180.000002,476.708679
39,16,1182.0,476.526,1182.000004,476.525604
39,17,1184.0,476.376,1184.0,476.376129
39,18,1186.0,476.186,1186.000004,476.185822
39,19,1188.0,475.913,1188.0,475.913025
39,20,1190.0,475.516,1190.000004,475.515747
39,21,1192.0,475.144,1192.000004,475.144348
39,22,1194.0,474.791,1194.000004,474.790619
39,23,1196.0,474.341,1196.0,474.341431
39,24,1198.0,473.761,1198.0,473.760773
39,25,1200.0,473.113,1200.000004,473.113068
39,26,1202.0,472.587,1202.000004,472.587494
39,27,1203.857,472.822,1203.857143,472.822052
39,28,1205.571,473.364,1205.57143,473.364014
39,29,1207.286,474.421,1207.285717,474.421082
39,30,1209.0,475.416,1209.000004,475.415558
39,31,1211.0,475.794,1211.0,475.79361
39,32,1213.0,475.462,1213.000004,475.461517
39,33,1215.0,474.967,1215.0,474.967255
39,34,1217.0,474.439,1217.000008,474.439392
39,35,1219.0,473.832,1219.0,473.831696
39,36,1221.0,473.176,1221.0,473.176239
39,37,1223.0,472.531,1223.000008,472.531433
39,38,1225.0,471.904,1225.0,471.903595
39,39,1227.0,471.491,1227.0,471.490997
39,40,1229.0,471.283,1229.0,471.282806
39,41,1231.0,471.275,1231.0,471.275177
39,42,1233.0,471.349,1233.0,471.348907
39,43,1235.0,471.387,1235.0,471.386871
39,44,1237.0,471.31,1237.000008,471.310242
39,45,1239.0,471.23,1239.000008,471.230042
39,46,1241.0,471.262,1241.000008,471.261749
39,47,1243.0,471.406,1243.0,471.405823
39,48,1245.0,471.673,1245.000008,471.672913
39,49,1247.0,471.976,1247.000008,471.976166
39,50,1249.0,472.021,1249.0,472.020752
39,51,1251.0,471.886,1251.000008,471.886353
39,52,1253.0,471.959,1253.000008,471.958679
39,53,1255.0,472.452,1255.000008,472.451538
39,54,1257.0,473.123,1257.0,473.123413
39,55,1259.0,473.82,1259.000008,473.820465
39,56,1261.0,473.856,1261.000008,473.855927
39,57,1263.0,473.921,1263.0,473.920715
39,58,1265.0,474.006,1265.0,474.00589
39,59,1267.0,474.086,1267.000008,474.08606
39,60,1269.0,474.153,1269.000008,474.152771
39,61,1271.0,474.229,1271.0,474.228668
39,62,1273.0,474.348,1273.000008,474.347504
39,63,1275.0,474.505,1275.000008,474.504517
39,64,1277.0,474.658,1277.0,474.658051
39,65,1279.0,474.756,1279.0,474.756042
39,66,1281.0,474.802,1281.0,474.802246
39,67,1283.0,474.859,1283.0,474.858673
39,68,1285.0,474.986,1285.0,474.985962
39,69,1287.0,475.186,1287.000015,475.186127
39,70,1289.0,475.424,1289.000015,475.4245
39,71,1291.0,475.67,1291.0,475.669922
39,72,1293.0,475.918,1293.0,475.917572
39,73,1295.0,476.159,1295.0,476.159302
39,74,1297.0,476.38,1297.0,476.380219
39,75,1299.0,476.558,1299.0,476.557556
39,76,1301.0,476.691,1301.0,476.69101
39,77,1303.0,476.806,1303.000015,476.805695
39,78,1305.0,476.944,1305.0,476.944489
39,79,1307.0,477.174,1307.0,477.174255
39,80,1309.0,477.506,1309.0,477.506256
39,81,1311.0,477.922,1311.000015,477.922241
39,82,1313.0,478.333,1313.0,478.33255
39,83,1315.0,478.719,1315.0,478.71875
39,84,1317.0,479.107,1317.000015,479.106934
39,85,1319.0,479.5,1319.0,479.500488
39,86,1321.0,479.899,1321.000015,479.898712
39,87,1323.0,480.244,1323.0,480.243652
39,88,1325.0,480.53,1325.000015,480.530334
39,89,1327.0,480.798,1327.000015,480.797791
39,90,1329.0,481.074,1329.0,481.074127
39,91,1331.0,481.391,1331.000015,481.39093
39,92,1333.0,481.765,1333.000015,481.764832
39,93,1335.0,482.205,1335.000015,482.204834
39,94,1337.0,482.707,1337.0,482.70694
39,95,1339.0,483.198,1339.000015,483.197632
39,96,1341.0,483.608,1341.0,483.608337
39,97,1343.0,483.967,1343.000015,483.966553
39,98,1345.0,484.318,1345.000015,484.31778
39,99,1347.0,484.764,1347.000015,484.764008
39,100,1349.0,485.265,1349.000015,485.265167
39,101,1351.0,485.731,1351.0,485.730743
39,102,1353.0,486.112,1353.000015,486.112457
39,103,1355.0,486.398,1355.0,486.397949
39,104,1357.0,486.679,1357.000015,486.679138
39,105,1359.0,486.997,1359.000015,486.996613
39,106,1361.0,487.341,1361.000015,487.341278
39,107,1363.0,487.683,1363.000015,487.683319
39,108,1365.0,488.0,1365.0,487.999939
39,109,1367.0,488.338,1367.000015,488.337524
39,110,1369.0,488.746,1369.0,488.745514
39,111,1371.0,489.194,1371.000015,489.194244
39,112,1373.0,489.628,1373.000015,489.628448
39,113,1375.0,489.982,1375.000015,489.982422
39,114,1377.0,490.255,1377.000015,490.254608
39,115,1379.0,490.493,1379.0,490.493378
39,116,1381.0,490.751,1381.000015,490.750885
39,117,1383.0,491.037,1383.000015,491.036926
39,118,1385.0,491.309,1385.000015,491.308746
39,119,1387.0,491.559,1387.0,491.558624
39,120,1389.0,491.859,1389.000015,491.858765
39,121,1391.0,492.242,1391.000015,492.242188
39,122,1393.0,492.729,1393.0,492.729004
39,123,1395.0,493.206,1395.000015,493.205841
39,124,1397.0,493.536,1397.000015,493.53595
39,125,1399.0,493.726,1399.000015,493.725647
39,126,1401.0,493.808,1401.0,493.808167
39,127,1403.0,493.882,1403.000015,493.881714
39,128,1405.0,493.984,1405.000015,493.983643
39,129,1407.0,494.115,1407.000031,494.115143
39,130,1409.0,494.272,1409.0,494.272247
39,131,1411.0,494.468,1411.0,494.46814
39,132,1413.0,494.689,1413.000031,494.68866
39,133,1415.0,494.896,1415.0,494.895691
39,134,1417.0,495.069,1417.000031,495.069
39,135,1419.0,495.262,1419.0,495.261902
39,136,1421.0,495.541,1421.000031,495.541382
39,137,1423.0,495.89,1423.0,495.890472
39,138,1425.0,496.251,1425.0,496.25058
39,139,1427.0,496.532,1427.000031,496.532349
39,140,1429.0,496.723,1429.0,496.722992
39,141,1431.0,496.839,1431.000031,496.838593
39,142,1433.0,496.898,1433.0,496.897766
39,143,1435.0,496.93,1435.000031,496.92981
39,144,1437.0,496.981,1437.0,496.980621
39,145,1439.0,497.088,1439.0,497.087921
39,146,1441.0,497.253,1441.000031,497.252533
39,147,1443.0,497.444,1443.0,497.443817
39,148,1445.0,497.637,1445.000031,497.63678
39,149,1447.0,497.83,1447.0,497.829529
39,150,1449.0,498.047,1449.000031,498.046753
39,151,1451.0,498.285,1451.0,498.284943
39,152,1453.0,498.511,1453.000031,498.510773
39,153,1455.0,498.694,1455.0,498.694458
39,154,1457.0,498.823,1457.0,498.822998
39,155,1459.0,498.925,1459.000031,498.924805
39,156,1461.0,499.021,1461.0,499.02121
39,157,1463.0,499.128,1463.000031,499.127869
39,158,1465.0,499.237,1465.0,499.236755
39,159,1467.0,499.321,1467.000031,499.320953
39,160,1469.0,499.358,1469.0,499.358429
39,161,1471.0,499.362,1471.0,499.362457
39,162,1473.0,499.389,1473.000031,499.389435
39,163,1475.0,499.493,1475.0,499.493378
39,164,1477.0,499.689,1477.000031,499.689178
39,165,1479.0,499.935,1479.0,499.935211
39,166,1481.0,500.167,1481.000031,500.167145
39,167,1483.0,500.347,1483.0,500.346619
39,168,1485.0,500.469,1485.0,500.46936
39,169,1487.0,500.559,1487.000031,500.559326
39,170,1489.0,500.626,1489.0,500.625854
39,171,1491.0,500.665,1491.000031,500.665222
39,172,1493.0,500.678,1493.000031,500.678406
39,173,1495.0,500.691,1495.000031,500.690796
39,174,1497.0,500.739,1497.0,500.738983
39,175,1499.0,500.839,1499.0,500.838562
39,176,1501.0,500.978,1501.000031,500.978088
39,177,1503.0,501.135,1503.0,501.134766
39,178,1505.0,501.289,1505.000031,501.288544
39,179,1507.0,501.424,1507.000031,501.424469
39,180,1509.0,501.54,1509.000031,501.540192
39,181,1511.0,501.64,1511.0,501.640015
39,182,1513.0,501.724,1513.0,501.723938
39,183,1515.0,501.795,1515.000031,501.795441
39,184,1517.0,501.859,1517.000031,501.859192
39,185,1519.0,501.919,1519.0,501.918854
39,186,1521.0,501.981,1521.000031,501.980896
39,187,1523.0,502.048,1523.000031,502.047729
39,188,1525.0,502.112,1525.0,502.112305
39,189,1527.0,502.169,1527.0,502.169342
39,190,1529.0,502.211,1529.000031,502.211365
39,191,1531.0,502.235,1531.000031,502.235107
39,192,1533.0,502.249,1533.0,502.249481
39,193,1535.0,502.272,1535.000031,502.272491
39,194,1537.0,502.32,1537.000031,502.32016
39,195,1539.0,502.392,1539.0,502.391907
39,196,1541.0,502.478,1541.0,502.477875
39,197,1543.0,502.558,1543.000031,502.558411
39,198,1545.0,502.613,1545.000031,502.612823
39,199,1547.0,502.638,1547.0,502.638214
39,200,1549.0,502.651,1549.000031,502.65094
39,201,1551.0,502.674,1551.000031,502.674011
39,202,1553.0,502.718,1553.0,502.718262
39,203,1555.0,502.768,1555.0,502.768005
39,204,1557.0,502.8,1557.000031,502.799835
39,205,1559.0,502.816,1559.000031,502.816498
39,206,1561.0,502.839,1561.0,502.838959
39,207,1563.0,502.889,1563.000031,502.889496
39,208,1565.0,503.006,1565.000031,503.006287
39,209,1567.0,503.212,1567.0,503.21167
39,210,1569.0,503.428,1569.0,503.428009
39,211,1571.0,503.61,1571.000031,503.610474
39,212,1573.0,503.694,1573.000031,503.694122
39,213,1575.0,503.72,1575.0,503.719757
39,214,1577.0,503.733,1577.000031,503.73288
39,215,1579.0,503.728,1579.000031,503.728485
39,216,1581.0,503.686,1581.000031,503.686005
39,217,1583.0,503.606,1583.0,503.60553
39,218,1585.0,503.534,1585.000031,503.534119
39,219,1587.0,503.55,1587.000031,503.550323
39,220,1589.0,503.709,1589.0,503.709473
39,221,1591.0,503.989,1591.000031,503.989014
39,222,1593.0,504.282,1593.000031,504.28244
39,223,1595.0,504.514,1595.000031,504.514191
39,224,1597.0,504.658,1597.0,504.657684
39,225,1599.0,504.743,1599.000031,504.742889
39,226,1601.0,504.822,1601.000031,504.822052
39,227,1603.0,504.911,1603.0,504.911224
39,228,1605.0,504.99,1605.000031,504.990479
39,229,1607.0,505.031,1607.000031,505.031403
39,230,1609.0,505.023,1609.000031,505.023468
39,231,1611.0,504.989,1611.0,504.989258
39,232,1613.0,504.99,1613.000031,504.990234
39,233,1615.0,505.051,1615.000031,505.051025
39,234,1617.0,505.142,1617.0,505.142151
39,235,1619.0,505.21,1619.000031,505.209595
39,236,1621.0,505.236,1621.000031,505.236053
39,237,1623.0,505.26,1623.000031,505.260345
39,238,1625.0,505.322,1625.0,505.321777
39,239,1627.0,505.403,1627.000031,505.402924
39,240,1629.0,505.343,1629.000031,505.342621
39,241,1631.0,504.984,1631.0,504.983612
39,242,1633.0,504.53,1633.000031,504.530273
39,243,1635.0,504.106,1635.000031,504.105743
39,244,1637.0,503.945,1637.000031,503.944641
39,245,1639.0,503.946,1639.0,503.946289
39,246,1641.0,504.033,1641.000031,504.032776
39,247,1643.0,504.329,1643.000031,504.328552
39,248,1645.0,504.868,1645.0,504.8685
39,249,1647.0,505.572,1647.000031,505.572235
39,250,1649.0,506.245,1649.000031,506.245239
39,251,1651.0,506.61,1651.000031,506.609863
39,252,1653.0,506.674,1653.0,506.673676
39,253,1655.0,506.585,1655.000031,506.584564
39,254,1657.0,506.553,1657.000031,506.553009
39,255,1659.0,506.685,1659.0,506.685364
39,256,1661.0,506.913,1661.000031,506.913239
39,257,1663.0,507.09,1663.0,507.089539
39,258,1665.0,507.137,1665.000061,507.137177
39,259,1667.0,507.118,1667.0,507.117676
39,260,1669.0,507.128,1669.0,507.128448
39,261,1671.0,507.215,1671.000061,507.215485
39,262,1673.714,507.631,1673.714294,507.630829
39,263,1677.143,508.308,1677.142883,508.308044
39,264,1680.571,508.908,1680.571411,508.907532
39,265,1684.0,509.389,1684.000061,509.389191
39,266,1686.0,509.219,1686.000061,509.218811
39,267,1688.0,509.04,1688.0,509.039673
39,268,1689.571,508.917,1689.571411,508.917297
40,0,1150.857,513.194,1150.857143,513.194489
40,1,1152.143,513.119,1152.142857,513.118744
40,2,1154.0,512.915,1154.0,512.914978
40,3,1156.0,512.657,1156.0,512.657074
40,4,1158.0,512.343,1158.0,512.34259
40,5,1160.0,511.891,1160.000001,511.891388
40,6,1162.0,511.286,1162.000001,511.286316
40,7,1164.0,510.658,1164.000001,510.657837
40,8,1166.0,510.139,1166.0,510.138885
40,9,1168.0,509.987,1168.000002,509.987183
40,10,1170.0,510.135,1170.000002,510.135437
40,11,1172.0,510.359,1172.0,510.359467
40,12,1174.0,510.499,1174.000002,510.498505
40,13,1176.0,510.189,1176.0,510.188538
40,14,1178.0,509.611,1178.000002,509.611053
40,15,1180.0,508.99,1180.000002,508.990387
40,16,1182.0,508.478,1182.000004,508.477875
40,17,1184.0,508.145,1184.0,508.144989
40,18,1186.0,507.798,1186.000004,507.798157
40,19,1188.0,507.45,1188.0,507.449768
40,20,1190.0,507.172,1190.000004,507.172424
40,21,1192.0,507.041,1192.000004,507.040741
40,22,1194.0,507.105,1194.000004,507.105225
40,23,1196.0,507.276,1196.0,507.276123
40,24,1198.0,507.29,1198.0,507.28952
40,25,1200.0,507.1,1200.000004,507.099731
40,26,1202.0,506.75,1202.000004,506.750092
40,27,1204.0,506.404,1204.0,506.404449
40,28,1206.0,506.16,1206.000004,506.160004
40,29,1208.0,505.907,1208.000004,505.907135
40,30,1210.0,505.613,1210.000004,505.612915
40,31,1212.0,505.267,1212.0,505.266602
40,32,1214.0,504.837,1214.0,504.83725
40,33,1216.0,504.407,1216.0,504.40744
40,34,1218.0,504.029,1218.0,504.028809
40,35,1220.0,503.791,1220.0,503.79126
40,36,1222.0,503.694,1222.000008,503.694092
40,37,1224.0,503.653,1224.000008,503.653015
40,38,1226.0,503.624,1226.0,503.624237
40,39,1228.0,503.577,1228.0,503.577271
40,40,1230.0,503.454,1230.0,503.453979
40,41,1232.0,503.237,1232.000008,503.236542
40,42,1234.0,503.021,1234.0,503.020935
40,43,1236.0,502.944,1236.0,502.944122
40,44,1238.0,503.445,1238.000008,503.445404
40,45,1240.0,504.127,1240.0,504.126831
40,46,1242.0,504.787,1242.0,504.787323
40,47,1244.0,505.086,1244.000008,505.085815
40,48,1245.571,505.057,1245.571442,505.056641
41,0,1150.857,489.006,1150.857143,489.005768
41,1,1152.143,488.935,1152.142857,488.935303
41,2,1154.0,488.819,1154.0,488.819458
41,3,1156.0,488.661,1156.0,488.661469
41,4,1158.0,488.497,1158.0,488.497345
41,5,1160.0,488.325,1160.000001,488.325165
41,6,1162.0,488.143,1162.000001,488.143219
41,7,1164.0,487.916,1164.000001,487.916412
41,8,1166.0,487.655,1166.0,487.654938
41,9,1168.0,487.39,1168.000002,487.390381
41,10,1170.0,487.154,1170.000002,487.153992
41,11,1172.0,486.965,1172.0,486.965027
41,12,1174.0,486.765,1174.000002,486.764526
41,13,1176.0,486.538,1176.0,486.538116
41,14,1178.0,486.283,1178.000002,486.282593
41,15,1180.0,486.031,1180.000002,486.030884
41,16,1182.0,485.82,1182.000004,485.820129
41,17,1184.0,485.647,1184.0,485.646942
41,18,1186.0,485.5,1186.000004,485.500427
41,19,1188.0,485.337,1188.0,485.337463
41,20,1190.0,485.142,1190.000004,485.141815
41,21,1192.0,484.911,1192.000004,484.910706
41,22,1194.0,484.663,1194.000004,484.662506
41,23,1196.0,484.407,1196.0,484.406891
41,24,1198.0,484.145,1198.0,484.144562
41,25,1200.0,483.919,1200.000004,483.919006
41,26,1202.0,483.787,1202.000004,483.787201
41,27,1206.857,483.718,1206.857143,483.718414
41,28,1214.571,483.627,1214.571434,483.627411
41,29,1222.286,483.555,1222.285713,483.555267
41,30,1230.0,483.495,1230.0,483.495117
41,31,1232.0,483.632,1232.000008,483.63208
41,32,1234.0,483.789,1234.0,483.788635
41,33,1236.0,483.877,1236.0,483.87735
41,34,1238.0,483.807,1238.000008,483.807312
41,35,1240.0,483.647,1240.0,483.647034
41,36,1242.0,483.49,1242.0,483.490173
41,37,1244.0,483.413,1244.000008,483.412872
41,38,1246.143,483.446,1246.14286,483.44632
41,39,1248.429,483.521,1248.428574,483.520935
41,40,1250.714,483.609,1250.714294,483.609039
41,41,1253.0,483.704,1253.000008,483.704407
41,42,1255.0,483.772,1255.000008,483.772461
41,43,1257.0,483.805,1257.0,483.805176
41,44,1259.0,483.839,1259.000008,483.838776
41,45,1261.0,483.967,1261.000008,483.967072
41,46,1263.0,484.222,1263.0,484.222229
41,47,1265.0,484.546,1265.0,484.545776
41,48,1267.0,484.885,1267.000008,484.885406
41,49,1269.0,485.187,1269.000008,485.186646
41,50,1271.0,485.455,1271.0,485.45462
41,51,1273.0,485.664,1273.000008,485.663879
41,52,1275.0,485.671,1275.000008,485.671021
41,53,1277.0,485.506,1277.0,485.50647
41,54,1279.0,485.257,1279.0,485.257172
41,55,1281.0,485.042,1281.0,485.041962
41,56,1283.0,484.98,1283.0,484.97995
41,57,1285.0,485.043,1285.0,485.042755
41,58,1287.0,485.177,1287.000015,485.177338
41,59,1289.0,485.372,1289.000015,485.371521
41,60,1291.0,485.62,1291.0,485.6203
41,61,1293.0,485.89,1293.0,485.889587
41,62,1295.0,486.152,1295.0,486.151672
41,63,1297.0,486.366,1297.0,486.366486
41,64,1299.0,486.531,1299.0,486.530792
41,65,1301.0,486.686,1301.0,486.68634
41,66,1303.0,486.899,1303.000015,486.899292
41,67,1305.0,487.243,1305.0,487.242706
41,68,1307.0,487.766,1307.0,487.765991
41,69,1309.0,488.375,1309.0,488.375
41,70,1311.0,488.98,1311.000015,488.980377
41,71,1313.0,489.469,1313.0,489.469452
41,72,1315.0,489.848,1315.0,489.847992
41,73,1317.0,490.198,1317.000015,490.197845
41,74,1319.0,490.562,1319.0,490.561859
41,75,1321.0,490.995,1321.000015,490.99472
41,76,1323.0,491.452,1323.0,491.452209
41,77,1325.0,491.932,1325.000015,491.932373
41,78,1327.0,492.386,1327.000015,492.38623
41,79,1329.0,492.824,1329.0,492.824402
41,80,1331.0,493.312,1331.000015,493.311981
41,81,1333.0,493.873,1333.000015,493.872986
41,82,1335.0,494.442,1335.000015,494.441986
41,83,1337.0,494.946,1337.0,494.946045
41,84,1339.0,495.362,1339.000015,495.361603
41,85,1341.0,495.814,1341.0,495.813782
41,86,1343.0,496.304,1343.000015,496.303925
41,87,1345.0,496.82,1345.000015,496.819885
41,88,1347.0,497.303,1347.000015,497.303253
41,89,1349.0,497.776,1349.000015,497.775909
41,90,1351.0,498.278,1351.0,498.277771
41,91,1353.0,498.762,1353.000015,498.762115
41,92,1355.0,499.207,1355.0,499.207275
41,93,1357.0,499.575,1357.000015,499.57489
41,94,1359.0,499.909,1359.000015,499.909393
41,95,1361.0,500.234,1361.000015,500.233582
41,96,1363.0,500.624,1363.000015,500.623871
41,97,1365.0,501.14,1365.0,501.139862
41,98,1367.0,501.745,1367.000015,501.745117
41,99,1369.0,502.328,1369.0,502.327881
41,100,1371.0,502.799,1371.000015,502.798798
41,101,1373.0,503.162,1373.000015,503.162476
41,102,1375.0,503.486,1375.000015,503.486328
41,103,1377.0,503.826,1377.000015,503.825806
41,104,1379.0,504.17,1379.0,504.169617
41,105,1381.0,504.479,1381.000015,504.479492
41,106,1383.0,504.743,1383.000015,504.743317
41,107,1385.0,504.976,1385.000015,504.975861
41,108,1387.0,505.235,1387.0,505.235229
41,109,1389.0,505.519,1389.000015,505.519409
41,110,1391.0,505.799,1391.000015,505.799164
41,111,1393.0,506.038,1393.0,506.037689
41,112,1395.0,506.256,1395.000015,506.256104
41,113,1397.0,506.469,1397.000015,506.469147
41,114,1399.0,506.687,1399.000015,506.686676
41,115,1401.0,506.903,1401.0,506.903046
41,116,1403.0,507.137,1403.000015,507.137115
41,117,1405.0,507.378,1405.000015,507.377625
41,118,1407.0,507.603,1407.000031,507.6026
41,119,1409.0,507.782,1409.0,507.781738
41,120,1411.0,507.913,1411.0,507.912933
41,121,1413.0,508.03,1413.000031,508.030426
41,122,1415.0,508.168,1415.0,508.167572
41,123,1417.0,508.338,1417.000031,508.337738
41,124,1419.0,508.528,1419.0,508.528137
41,125,1421.0,508.745,1421.000031,508.745422
41,126,1423.0,508.993,1423.0,508.993073
41,127,1425.0,509.262,1425.0,509.262085
41,128,1427.0,509.523,1427.000031,509.523041
41,129,1429.0,509.742,1429.0,509.742065
41,130,1431.0,509.921,1431.000031,509.920715
41,131,1433.0,510.097,1433.0,510.09668
41,132,1435.0,510.279,1435.000031,510.279022
41,133,1437.0,510.454,1437.0,510.453613
41,134,1439.0,510.611,1439.0,510.61142
41,135,1441.0,510.747,1441.000031,510.747406
41,136,1443.0,510.869,1443.0,510.868866
41,137,1445.0,510.973,1445.000031,510.973328
41,138,1447.0,511.061,1447.0,511.061066
41,139,1449.0,511.147,1449.000031,511.147034
41,140,1451.0,511.243,1451.0,511.243408
41,141,1453.0,511.356,1453.000031,511.35614
41,142,1455.0,511.475,1455.0,511.47522
41,143,1457.0,511.582,1457.0,511.582184
41,144,1459.0,511.661,1459.000031,511.660919
41,145,1461.0,511.712,1461.0,511.712433
41,146,1463.0,511.754,1463.000031,511.753723
41,147,1465.0,511.803,1465.0,511.803192
41,148,1467.0,511.866,1467.000031,511.86615
41,149,1469.0,511.938,1469.0,511.938141
41,150,1471.0,512.028,1471.0,512.027618
41,151,1473.0,512.153,1473.000031,512.153198
41,152,1475.0,512.314,1475.0,512.314301
41,153,1477.0,512.482,1477.000031,512.481903
41,154,1479.0,512.625,1479.0,512.624939
41,155,1481.0,512.723,1481.000031,512.723022
41,156,1483.0,512.784,1483.0,512.784302
41,157,1485.0,512.818,1485.0,512.818329
41,158,1487.0,512.836,1487.000031,512.836456
41,159,1489.0,512.845,1489.0,512.845276
41,160,1491.0,512.85,1491.000031,512.850403
41,161,1493.0,512.872,1493.000031,512.87204
41,162,1495.0,512.929,1495.000031,512.929413
41,163,1497.0,513.022,1497.0,513.021881
41,164,1499.0,513.137,1499.0,513.136841
41,165,1501.0,513.272,1501.000031,513.271851
41,166,1503.0,513.413,1503.0,513.412964
41,167,1505.0,513.547,1505.000031,513.5466
41,168,1507.0,513.654,1507.000031,513.65387
41,169,1509.0,513.715,1509.000031,513.715179
41,170,1511.0,513.756,1511.0,513.755554
41,171,1513.0,513.798,1513.0,513.798096
41,172,1515.0,513.857,1515.000031,513.856537
41,173,1517.0,513.933,1517.000031,513.932983
41,174,1519.0,514.015,1519.0,514.015198
41,175,1521.0,514.088,1521.000031,514.08847
41,176,1523.0,514.142,1523.000031,514.141541
41,177,1525.0,514.174,1525.0,514.174316
41,178,1527.0,514.205,1527.0,514.204681
41,179,1529.0,514.259,1529.000031,514.258789
41,180,1531.0,514.361,1531.000031,514.361267
41,181,1533.0,514.514,1533.0,514.513519
41,182,1535.0,514.686,1535.000031,514.68576
41,183,1537.0,514.834,1537.000031,514.834412
41,184,1539.0,514.951,1539.0,514.950714
41,185,1541.0,515.048,1541.0,515.048187
41,186,1543.0,515.151,1543.000031,515.151062
41,187,1545.0,515.266,1545.000031,515.265533
41,188,1547.0,515.373,1547.0,515.372986
41,189,1549.0,515.458,1549.000031,515.458344
41,190,1551.0,515.524,1551.000031,515.524048
41,191,1553.0,515.582,1553.0,515.581726
41,192,1555.0,515.646,1555.0,515.646454
41,193,1557.0,515.725,1557.000031,515.725342
41,194,1559.0,515.813,1559.000031,515.812775
41,195,1561.0,515.897,1561.0,515.89679
41,196,1563.0,515.975,1563.000031,515.974854
41,197,1565.0,516.054,1565.000031,516.054169
41,198,1567.0,516.139,1567.0,516.139374
41,199,1569.0,516.228,1569.0,516.228149
41,200,1571.0,516.311,1571.000031,516.311157
41,201,1573.0,516.38,1573.000031,516.380219
41,202,1575.0,516.444,1575.0,516.443878
41,203,1577.0,516.509,1577.000031,516.50882
41,204,1579.0,516.574,1579.000031,516.57373
41,205,1581.0,516.63,1581.000031,516.63031
41,206,1583.0,516.67,1583.0,516.6698
41,207,1585.0,516.697,1585.000031,516.697296
41,208,1587.0,516.734,1587.000031,516.734192
41,209,1589.0,516.793,1589.0,516.792603
41,210,1591.0,516.87,1591.000031,516.870026
41,211,1593.0,516.96,1593.000031,516.960083
41,212,1595.0,517.06,1595.000031,517.060181
41,213,1597.0,517.169,1597.0,517.16861
41,214,1599.0,517.278,1599.000031,517.278412
41,215,1601.0,517.38,1601.000031,517.379883
41,216,1603.0,517.47,1603.0,517.469574
41,217,1605.0,517.56,1605.000031,517.559875
41,218,1607.0,517.648,1607.000031,517.647766
41,219,1609.0,517.716,1609.000031,517.716431
41,220,1611.0,517.756,1611.0,517.755585
41,221,1613.0,517.761,1613.000031,517.761261
41,222,1615.0,517.748,1615.000031,517.747894
41,223,1617.0,517.741,1617.0,517.740662
41,224,1619.0,517.76,1619.000031,517.759735
41,225,1621.0,517.804,1621.000031,517.803558
41,226,1623.0,517.856,1623.000031,517.856445
41,227,1625.0,517.9,1625.0,517.900421
41,228,1627.0,517.929,1627.000031,517.928833
41,229,1629.0,517.948,1629.000031,517.947784
41,230,1631.0,517.962,1631.0,517.961792
41,231,1633.0,517.965,1633.000031,517.965027
41,232,1635.0,517.943,1635.000031,517.943298
41,233,1637.0,517.897,1637.000031,517.896729
41,234,1639.0,517.831,1639.0,517.831177
41,235,1641.0,517.733,1641.000031,517.733154
41,236,1643.0,517.605,1643.000031,517.605225
41,237,1645.0,517.492,1645.0,517.491943
41,238,1647.0,517.46,1647.000031,517.460266
41,239,1649.0,517.615,1649.000031,517.61496
41,240,1651.0,517.96,1651.000031,517.95993
41,241,1653.0,518.401,1653.0,518.400665
41,242,1655.0,518.834,1655.000031,518.834473
41,243,1657.0,519.158,1657.000031,519.157593
41,244,1659.0,519.38,1659.0,519.380402
41,245,1661.0,519.531,1661.000031,519.530609
41,246,1663.0,519.643,1663.0,519.6427
41,247,1665.0,519.731,1665.000061,519.730804
41,248,1667.0,519.781,1667.0,519.781128
41,249,1669.0,519.825,1669.0,519.82489
41,250,1671.0,519.938,1671.000061,519.938324
41,251,1673.0,520.177,1673.0,520.176758
41,252,1675.0,520.572,1675.0,520.571899
41,253,1677.0,521.097,1677.000061,521.096771
41,254,1679.0,521.573,1679.000061,521.573242
41,255,1681.0,521.918,1681.0,521.917572
41,256,1683.0,522.053,1683.0,522.052551
41,257,1685.0,522.046,1685.000061,522.046478
41,258,1687.0,521.994,1687.0,521.994415
41,259,1689.0,521.879,1689.0,521.879456
41,260,1690.857,521.666,1690.857178,521.665619
41,261,1692.143,521.469,1692.142883,521.468597
42,0,1150.857,494.335,1150.857143,494.334534
42,1,1152.143,494.205,1152.142857,494.204956
42,2,1154.0,493.991,1154.0,493.990906
42,3,1156.0,493.706,1156.0,493.706024
42,4,1158.0,493.403,1158.0,493.402618
42,5,1160.0,493.098,1160.000001,493.098419
42,6,1162.0,492.795,1162.000001,492.79541
42,7,1164.0,492.491,1164.000001,492.491486
42,8,1166.0,492.209,1166.0,492.20932
42,9,1168.0,491.962,1168.000002,491.961731
42,10,1170.0,491.766,1170.000002,491.765778
42,11,1172.0,491.578,1172.0,491.578247
42,12,1174.0,491.373,1174.000002,491.373444
42,13,1176.0,491.141,1176.0,491.141205
42,14,1178.0,490.89,1178.000002,490.890167
42,15,1180.0,490.618,1180.000002,490.617584
42,16,1182.0,490.338,1182.000004,490.338196
42,17,1184.0,490.068,1184.0,490.067932
42,18,1186.0,489.824,1186.000004,489.823944
42,19,1188.0,489.597,1188.0,489.597229
42,20,1190.0,489.379,1190.000004,489.378571
42,21,1192.0,489.172,1192.000004,489.171875
42,22,1194.0,488.987,1194.000004,488.986664
42,23,1196.0,488.827,1196.0,488.826538
42,24,1198.0,488.595,1198.0,488.595154
42,25,1200.0,488.271,1200.000004,488.27121
42,26,1202.286,487.844,1202.285717,487.84375
42,27,1204.857,487.424,1204.857147,487.424438
42,28,1207.429,487.174,1207.428577,487.174072
42,29,1210.0,486.984,1210.000004,486.983612
42,30,1212.0,486.937,1212.0,486.937378
42,31,1214.0,486.821,1214.0,486.821167
42,32,1216.0,486.664,1216.0,486.664062
42,33,1218.0,486.469,1218.0,486.468872
42,34,1220.0,486.275,1220.0,486.275299
42,35,1222.0,486.092,1222.000008,486.092163
42,36,1227.143,485.621,1227.14286,485.621124
42,37,1244.857,486.323,1244.857147,486.323425
42,38,1262.571,487.084,1262.571434,487.084442
42,39,1280.286,487.952,1280.285706,487.952301
42,40,1287.0,488.847,1287.000015,488.847015
42,41,1289.0,489.122,1289.000015,489.121552
42,42,1291.0,489.393,1291.0,489.393402
42,43,1293.0,489.632,1293.0,489.631531
42,44,1295.0,489.985,1295.0,489.985474
42,45,1297.0,490.431,1297.0,490.431122
42,46,1299.0,491.0,1299.0,490.999542
42,47,1301.0,491.502,1301.0,491.501556
42,48,1303.0,491.858,1303.000015,491.858246
42,49,1305.0,492.121,1305.0,492.121399
42,50,1307.0,492.379,1307.0,492.379456
42,51,1309.0,492.722,1309.0,492.721741
42,52,1311.0,493.155,1311.000015,493.155304
42,53,1313.0,493.654,1313.0,493.654266
42,54,1315.0,494.274,1315.0,494.274078
42,55,1317.0,494.91,1317.000015,494.910004
42,56,1319.0,495.581,1319.0,495.581055
42,57,1321.0,496.202,1321.000015,496.201904
42,58,1323.0,496.804,1323.0,496.803925
42,59,1325.0,497.4,1325.000015,497.400146
42,60,1327.0,497.988,1327.000015,497.987701
42,61,1329.0,498.565,1329.0,498.565125
42,62,1331.0,499.15,1331.000015,499.149536
42,63,1333.0,499.74,1333.000015,499.740204
42,64,1335.0,500.332,1335.000015,500.331787
42,65,1337.0,500.964,1337.0,500.964386
42,66,1339.0,501.675,1339.000015,501.674866
42,67,1341.0,502.442,1341.0,502.4422
42,68,1343.0,503.188,1343.000015,503.188293
42,69,1345.0,503.812,1345.000015,503.811554
42,70,1347.0,504.341,1347.000015,504.341461
42,71,1349.0,504.867,1349.000015,504.866943
42,72,1351.0,505.518,1351.0,505.517517
42,73,1353.0,506.271,1353.000015,506.271362
42,74,1355.0,507.049,1355.0,507.049347
42,75,1357.0,507.736,1357.000015,507.735962
42,76,1359.0,508.306,1359.000015,508.305664
42,77,1361.0,508.797,1361.000015,508.796906
42,78,1363.0,509.239,1363.000015,509.239014
42,79,1365.0,509.646,1365.0,509.645966
42,80,1367.0,510.076,1367.000015,510.075928
42,81,1369.0,510.521,1369.0,510.521027
42,82,1371.0,511.012,1371.000015,511.012238
42,83,1373.0,511.499,1373.000015,511.499054
42,84,1375.0,511.95,1375.000015,511.94986
42,85,1377.0,512.358,1377.000015,512.357758
42,86,1379.0,512.728,1379.0,512.727509
42,87,1381.0,513.086,1381.000015,513.086304
42,88,1383.0,513.429,1383.000015,513.429077
42,89,1385.0,513.756,1385.000015,513.756012
42,90,1387.0,514.048,1387.0,514.048157
42,91,1389.0,514.3,1389.000015,514.30011
42,92,1391.0,514.54,1391.000015,514.540009
42,93,1393.0,514.797,1393.0,514.797058
42,94,1395.0,515.094,1395.000015,515.094116
42,95,1397.0,515.407,1397.000015,515.40744
42,96,1399.0,515.716,1399.000015,515.715607
42,97,1401.0,516.014,1401.0,516.014343
42,98,1403.0,516.299,1403.000015,516.299194
42,99,1405.0,516.566,1405.000015,516.566071
42,100,1407.0,516.801,1407.000031,516.801056
42,101,1409.0,516.985,1409.0,516.985016
42,102,1411.0,517.146,1411.0,517.145599
42,103,1413.0,517.311,1413.000031,517.310913
42,104,1415.0,517.474,1415.0,517.473511
42,105,1417.0,517.623,1417.000031,517.62326
42,106,1419.0,517.77,1419.0,517.769958
42,107,1421.0,517.955,1421.000031,517.95459
42,108,1423.0,518.207,1423.0,518.207306
42,109,1425.0,518.488,1425.0,518.487823
42,110,1427.0,518.746,1427.000031,518.745789
42,111,1429.0,518.939,1429.0,518.938904
42,112,1431.0,519.08,1431.000031,519.079742
42,113,1433.0,519.204,1433.0,519.204346
42,114,1435.0,519.34,1435.000031,519.339783
42,115,1437.0,519.494,1437.0,519.494476
42,116,1439.0,519.657,1439.0,519.656555
42,117,1441.0,519.804,1441.000031,519.80423
42,118,1443.0,519.921,1443.0,519.920624
42,119,1445.0,520.014,1445.000031,520.013977
42,120,1447.0,520.107,1447.0,520.106628
42,121,1449.0,520.218,1449.000031,520.217529
42,122,1451.0,520.361,1451.0,520.360626
42,123,1453.0,520.536,1453.000031,520.536224
42,124,1455.0,520.727,1455.0,520.726837
42,125,1457.0,520.91,1457.0,520.910034
42,126,1459.0,521.071,1459.000031,521.071381
42,127,1461.0,521.204,1461.0,521.203613
42,128,1463.0,521.31,1463.000031,521.309509
42,129,1465.0,521.403,1465.0,521.403259
42,130,1467.0,521.503,1467.000031,521.502655
42,131,1469.0,521.62,1469.0,521.61969
42,132,1471.0,521.747,1471.0,521.746887
42,133,1473.0,521.863,1473.000031,521.863342
42,134,1475.0,521.964,1475.0,521.963562
42,135,1477.0,522.053,1477.000031,522.053436
42,136,1479.0,522.138,1479.0,522.137726
42,137,1481.0,522.22,1481.000031,522.219849
42,138,1483.0,522.312,1483.0,522.311523
42,139,1485.0,522.423,1485.0,522.422516
42,140,1487.0,522.549,1487.000031,522.549194
42,141,1489.0,522.68,1489.0,522.679596
42,142,1491.0,522.798,1491.000031,522.797791
42,143,1493.0,522.902,1493.000031,522.902313
42,144,1495.0,522.993,1495.000031,522.992737
42,145,1497.0,523.068,1497.0,523.067627
42,146,1499.0,523.134,1499.0,523.133881
42,147,1501.0,523.205,1501.000031,523.204895
42,148,1503.0,523.285,1503.0,523.284546
42,149,1505.0,523.37,1505.000031,523.370117
42,150,1507.0,523.462,1507.000031,523.46167
42,151,1509.0,523.554,1509.000031,523.554199
42,152,1511.0,523.64,1511.0,523.640106
42,153,1513.0,523.711,1513.0,523.710724
42,154,1515.0,523.779,1515.000031,523.779327
42,155,1517.0,523.875,1517.000031,523.875153
42,156,1519.0,524.003,1519.0,524.003235
42,157,1521.0,524.134,1521.000031,524.133911
42,158,1523.0,524.227,1523.000031,524.22702
42,159,1525.0,524.27,1525.0,524.269897
42,160,1527.0,524.291,1527.0,524.290955
42,161,1529.0,524.326,1529.000031,524.326447
42,162,1531.0,524.394,1531.000031,524.394104
42,163,1533.0,524.483,1533.0,524.483398
42,164,1535.0,524.571,1535.000031,524.571045
42,165,1537.0,524.646,1537.000031,524.646301
42,166,1539.0,524.719,1539.0,524.718567
42,167,1541.0,524.8,1541.0,524.799652
42,168,1543.0,524.887,1543.000031,524.887177
42,169,1545.0,524.973,1545.000031,524.973022
42,170,1547.0,525.057,1547.0,525.057159
42,171,1549.0,525.154,1549.000031,525.15448
42,172,1551.0,525.275,1551.000031,525.275391
42,173,1553.0,525.409,1553.0,525.4086
42,174,1555.0,525.531,1555.0,525.531067
42,175,1557.0,525.629,1557.000031,525.629456
42,176,1559.0,525.708,1559.000031,525.708069
42,177,1561.0,525.783,1561.0,525.782562
42,178,1563.0,525.859,1563.000031,525.858856
42,179,1565.0,525.936,1565.000031,525.936188
42,180,1567.0,526.011,1567.0,526.011414
42,181,1569.0,526.085,1569.0,526.085114
42,182,1571.0,526.159,1571.000031,526.159485
42,183,1573.0,526.232,1573.000031,526.231812
42,184,1575.0,526.295,1575.0,526.294586
42,185,1577.0,526.337,1577.000031,526.337372
42,186,1579.0,526.364,1579.000031,526.364197
42,187,1581.0,526.397,1581.000031,526.396545
42,188,1583.0,526.455,1583.0,526.454651
42,189,1585.0,526.537,1585.000031,526.536621
42,190,1587.0,526.621,1587.000031,526.620575
42,191,1589.0,526.682,1589.0,526.682068
42,192,1591.0,526.72,1591.000031,526.720306
42,193,1593.0,526.748,1593.000031,526.747955
42,194,1595.0,526.778,1595.000031,526.777893
42,195,1597.0,526.821,1597.0,526.821045
42,196,1599.0,526.882,1599.000031,526.881683
42,197,1601.0,526.96,1601.000031,526.959503
42,198,1603.0,527.064,1603.0,527.063751
42,199,1605.0,527.205,1605.000031,527.204926
42,200,1607.0,527.371,1607.000031,527.37146
42,201,1609.0,527.532,1609.000031,527.532379
42,202,1611.0,527.659,1611.0,527.659149
42,203,1613.0,527.736,1613.000031,527.736206
42,204,1615.0,527.781,1615.000031,527.781464
42,205,1617.0,527.815,1617.0,527.815094
42,206,1619.0,527.85,1619.000031,527.850128
42,207,1621.0,527.896,1621.000031,527.895935
42,208,1623.0,527.957,1623.000031,527.956757
42,209,1625.0,528.035,1625.0,528.03476
42,210,1627.0,528.134,1627.000031,528.134003
42,211,1629.0,528.249,1629.000031,528.248749
42,212,1631.0,528.359,1631.0,528.359039
42,213,1633.0,528.444,1633.000031,528.443909
42,214,1635.0,528.495,1635.000031,528.495453
42,215,1637.0,528.524,1637.000031,528.524109
42,216,1639.0,528.539,1639.0,528.538849
42,217,1641.0,528.538,1641.000031,528.538116
42,218,1643.0,528.52,1643.000031,528.520447
42,219,1645.0,528.501,1645.0,528.501007
42,220,1647.0,528.506,1647.000031,528.506256
42,221,1649.0,528.548,1649.000031,528.54776
42,222,1651.0,528.613,1651.000031,528.613098
42,223,1653.0,528.687,1653.0,528.686523
42,224,1655.0,528.772,1655.000031,528.771637
42,225,1657.0,528.878,1657.000031,528.87796
42,226,1659.0,529.004,1659.0,529.003815
42,227,1661.0,529.13,1661.000031,529.129791
42,228,1663.0,529.229,1663.0,529.228699
42,229,1665.0,529.299,1665.000061,529.299408
42,230,1667.0,529.364,1667.0,529.363617
42,231,1669.0,529.44,1669.0,529.439514
42,232,1671.0,529.529,1671.000061,529.528625
42,233,1673.0,529.621,1673.0,529.620514
42,234,1675.0,529.707,1675.0,529.707214
42,235,1677.0,529.81,1677.000061,529.809906
42,236,1679.0,529.948,1679.000061,529.948425
42,237,1681.0,530.109,1681.0,530.109497
42,238,1683.0,530.266,1683.0,530.266205
42,239,1685.0,530.376,1685.000061,530.376465
42,240,1687.0,530.391,1687.0,530.391449
42,241,1689.0,530.333,1689.0,530.332916
42,242,1691.0,530.298,1691.000061,530.298035
42,243,1693.0,530.387,1693.000061,530.386963
42,244,1695.0,530.607,1695.0,530.606598
42,245,1697.0,530.851,1697.0,530.851318
42,246,1699.0,531.009,1699.000061,531.009247
42,247,1701.0,531.05,1701.0,531.049683
42,248,1702.857,531.034,1702.857178,531.034363
42,249,1704.143,531.01,1704.142883,531.009857
43,0,1225.857,526.554,1225.857147,526.553864
43,1,1233.143,525.993,1233.14286,525.992676
43,2,1241.0,525.346,1241.000008,525.346283
43,3,1243.0,524.75,1243.0,524.750458
43,4,1245.0,524.531,1245.000008,524.53067
43,5,1247.0,524.401,1247.000008,524.400543
43,6,1249.0,524.308,1249.0,524.308289
43,7,1251.0,524.217,1251.000008,524.216675
43,8,1253.143,524.135,1253.14286,524.134644
43,9,1255.429,524.08,1255.428574,524.079834
43,10,1257.714,524.059,1257.714294,524.059418
43,11,1260.0,524.082,1260.000008,524.082184
43,12,1262.0,524.136,1262.000008,524.135773
43,13,1264.0,524.208,1264.0,524.208282
43,14,1266.0,524.279,1266.000008,524.27887
43,15,1268.0,524.311,1268.000008,524.310669
43,16,1270.0,524.281,1270.0,524.281342
43,17,1272.0,524.203,1272.0,524.2034
43,18,1274.0,524.106,1274.000008,524.106354
43,19,1276.0,524.024,1276.000008,524.023926
43,20,1278.0,523.972,1278.0,523.972229
43,21,1280.0,523.949,1280.000015,523.948608
43,22,1282.0,523.95,1282.000015,523.949829
43,23,1284.0,523.962,1284.0,523.962158
43,24,1286.0,523.967,1286.0,523.966583
43,25,1288.0,523.959,1288.0,523.958527
43,26,1290.0,523.945,1290.0,523.94458
43,27,1292.0,523.939,1292.0,523.938721
43,28,1294.0,523.943,1294.000015,523.942566
43,29,1296.0,523.943,1296.000015,523.942902
43,30,1298.0,523.935,1298.0,523.934937
43,31,1300.0,523.933,1300.0,523.933197
43,32,1302.0,523.955,1302.0,523.954956
43,33,1304.0,523.992,1304.000015,523.992493
43,34,1306.0,524.015,1306.0,524.014893
43,35,1308.0,524.005,1308.0,524.005096
43,36,1310.0,523.997,1310.000015,523.996765
43,37,1312.0,524.033,1312.0,524.032776
43,38,1314.0,524.129,1314.0,524.129395
43,39,1316.0,524.269,1316.0,524.268921
43,40,1318.0,524.388,1318.000015,524.387817
43,41,1320.0,524.458,1320.000015,524.457581
43,42,1322.0,524.483,1322.0,524.482605
43,43,1324.0,524.476,1324.000015,524.476105
43,44,1326.0,524.481,1326.0,524.48056
43,45,1328.0,524.526,1328.000015,524.526093
43,46,1330.0,524.607,1330.0,524.607452
43,47,1332.0,524.724,1332.000015,524.723511
43,48,1334.0,524.921,1334.0,524.920929
43,49,1337.0,525.449,1337.000015,525.449493
43,50,1339.429,525.947,1339.428574,525.946808
44,0,1238.857,520.1,1238.857147,520.099915
44,1,1240.143,519.676,1240.14286,519.676025
44,2,1242.0,519.24,1242.0,519.239777
44,3,1244.0,519.052,1244.000008,519.052124
44,4,1246.0,519.138,1246.000008,519.138153
44,5,1248.0,519.355,1248.000008,519.355316
44,6,1250.0,519.591,1250.0,519.59137
44,7,1252.0,519.806,1252.000008,519.805603
44,8,1254.0,519.999,1254.000008,519.99939
44,9,1256.714,520.197,1256.714287,520.197021
44,10,1260.143,520.358,1260.14286,520.357666
44,11,1263.571,520.44,1263.571434,520.440094
44,12,1267.0,520.439,1267.000008,520.43866
44,13,1271.0,520.435,1271.000008,520.434906
44,14,1277.0,520.369,1277.0,520.368561
44,15,1283.0,520.267,1283.000015,520.266815
44,16,1289.0,520.14,1289.000015,520.139557
44,17,1291.0,520.025,1291.0,520.024658
44,18,1293.0,519.965,1293.0,519.964722
44,19,1295.0,519.908,1295.0,519.907776
44,20,1297.0,519.843,1297.0,519.843201
44,21,1299.0,519.786,1299.0,519.786285
44,22,1301.0,519.768,1301.0,519.768341
44,23,1303.0,519.814,1303.000015,519.813751
44,24,1305.0,519.943,1305.0,519.942993
44,25,1307.857,520.06,1307.857147,520.059875
44,26,1310.714,520.139,1310.714279,520.138885
44,27,1313.571,520.165,1313.571426,520.165039
44,28,1316.286,520.125,1316.285721,520.125305
44,29,1318.571,520.104,1318.571426,520.103699
44,30,1320.857,520.023,1320.857147,520.022858
44,31,1327.571,519.407,1327.571442,519.406555
44,32,1338.714,518.307,1338.714294,518.307068
44,33,1349.857,517.447,1349.857162,517.446716
44,34,1359.571,516.941,1359.571442,516.941345
44,35,1363.0,517.284,1363.000015,517.284332
44,36,1365.0,517.752,1365.0,517.751678
44,37,1367.0,518.139,1367.000015,518.13858
44,38,1369.0,518.493,1369.0,518.493439
44,39,1371.286,518.805,1371.285721,518.805206
44,40,1373.571,519.16,1373.571442,519.159637
44,41,1375.857,519.546,1375.857162,519.546112
44,42,1378.0,519.948,1378.000015,519.948456
44,43,1380.0,520.337,1380.0,520.337006
44,44,1382.0,520.658,1382.000015,520.657532
44,45,1384.0,520.948,1384.000015,520.948456
44,46,1386.0,521.21,1386.0,521.210236
44,47,1388.0,521.479,1388.000015,521.478607
44,48,1390.0,521.791,1390.000015,521.790985
44,49,1392.0,522.159,1392.000015,522.159424
44,50,1394.0,522.526,1394.0,522.526459
44,51,1396.0,522.847,1396.000015,522.84726
44,52,1398.0,523.129,1398.000015,523.12851
44,53,1400.0,523.418,1400.0,523.417694
44,54,1402.0,523.721,1402.000015,523.720978
44,55,1404.0,524.011,1404.000015,524.010956
44,56,1406.0,524.257,1406.000031,524.257172
44,57,1408.0,524.484,1408.0,524.483612
44,58,1410.0,524.697,1410.000031,524.697418
44,59,1412.0,524.878,1412.0,524.878113
44,60,1414.0,524.99,1414.000031,524.990082
44,61,1416.0,525.044,1416.0,525.043915
44,62,1418.0,525.097,1418.0,525.096863
44,63,1420.0,525.233,1420.000031,525.233185
44,64,1422.0,525.483,1422.0,525.48288
44,65,1424.0,525.778,1424.000031,525.77832
44,66,1426.0,526.039,1426.0,526.039337
44,67,1428.0,526.203,1428.000031,526.203278
44,68,1430.0,526.311,1430.0,526.310913
44,69,1432.0,526.418,1432.0,526.417664
44,70,1434.0,526.54,1434.000031,526.540192
44,71,1436.0,526.67,1436.0,526.669861
44,72,1438.0,526.793,1438.000031,526.793488
44,73,1440.0,526.89,1440.0,526.890167
44,74,1442.0,526.951,1442.000031,526.951019
44,75,1444.0,526.982,1444.0,526.981659
44,76,1446.0,527.003,1446.0,527.003235
44,77,1448.0,527.044,1448.000031,527.043793
44,78,1450.0,527.121,1450.0,527.12146
44,79,1452.0,527.247,1452.000031,527.246582
44,80,1454.0,527.412,1454.0,527.411835
44,81,1456.0,527.581,1456.000031,527.581177
44,82,1458.0,527.735,1458.0,527.73465
44,83,1460.0,527.859,1460.000031,527.859375
44,84,1462.0,527.965,1462.0,527.965088
44,85,1464.0,528.061,1464.0,528.061096
44,86,1466.0,528.148,1466.000031,528.147522
44,87,1468.0,528.234,1468.0,528.233704
44,88,1470.0,528.328,1470.000031,528.328278
44,89,1472.0,528.425,1472.0,528.425262
44,90,1474.0,528.51,1474.000031,528.51004
44,91,1476.0,528.574,1476.0,528.573914
44,92,1478.0,528.626,1478.0,528.625641
44,93,1480.0,528.688,1480.000031,528.687866
44,94,1482.0,528.777,1482.0,528.776581
44,95,1484.0,528.883,1484.000031,528.882751
44,96,1486.0,528.985,1486.0,528.984772
44,97,1488.0,529.064,1488.000031,529.063873
44,98,1490.0,529.118,1490.0,529.1185
44,99,1492.0,529.157,1492.0,529.157013
44,100,1494.0,529.186,1494.000031,529.186218
44,101,1496.0,529.21,1496.0,529.210175
44,102,1498.0,529.242,1498.000031,529.242249
44,103,1500.0,529.332,1500.000031,529.332428
44,104,1502.0,529.517,1502.000031,529.51709
44,105,1504.0,529.743,1504.0,529.743408
44,106,1506.0,529.95,1506.0,529.950256
44,107,1508.0,530.064,1508.000031,530.06369
44,108,1510.0,530.101,1510.000031,530.100891
44,109,1512.0,530.122,1512.0,530.122253
44,110,1514.0,530.154,1514.000031,530.154114
44,111,1516.0,530.21,1516.000031,530.209595
44,112,1518.0,530.317,1518.0,530.31723
44,113,1520.0,530.494,1520.0,530.49411
44,114,1522.0,530.706,1522.000031,530.706238
44,115,1524.0,530.907,1524.000031,530.907196
44,116,1526.0,531.037,1526.0,531.037201
44,117,1528.0,531.101,1528.000031,531.101349
44,118,1530.0,531.146,1530.000031,531.145874
44,119,1532.0,531.229,1532.0,531.229462
44,120,1534.0,531.456,1534.0,531.456299
44,121,1536.0,531.725,1536.000031,531.724762
44,122,1538.0,531.933,1538.000031,531.933014
44,123,1540.0,532.002,1540.0,532.002441
44,124,1542.0,531.928,1542.000031,531.927582
44,125,1544.0,531.834,1544.000031,531.833618
44,126,1546.0,531.767,1546.0,531.766663
44,127,1548.0,531.745,1548.0,531.744781
44,128,1550.0,531.773,1550.000031,531.773071
44,129,1552.0,531.834,1552.000031,531.833649
44,130,1554.0,531.896,1554.0,531.896301
44,131,1556.0,531.928,1556.000031,531.928436
44,132,1558.0,531.93,1558.000031,531.930359
44,133,1560.0,531.929,1560.0,531.929047
44,134,1562.0,531.956,1562.0,531.955902
44,135,1564.0,532.033,1564.000031,532.033295
44,136,1566.0,532.162,1566.000031,532.16214
44,137,1568.0,532.325,1568.0,532.325409
44,138,1570.0,532.499,1570.000031,532.498596
44,139,1572.0,532.65,1572.000031,532.65033
44,140,1574.0,532.762,1574.0,532.762207
44,141,1576.0,532.823,1576.0,532.822937
44,142,1578.0,532.85,1578.000031,532.850128
44,143,1580.0,532.872,1580.000031,532.871918
44,144,1582.0,532.911,1582.0,532.911133
44,145,1584.0,532.971,1584.000031,532.970551
44,146,1586.0,533.037,1586.000031,533.037323
44,147,1588.0,533.094,1588.000031,533.09375
44,148,1590.0,533.133,1590.0,533.133118
44,149,1592.0,533.164,1592.000031,533.163727
44,150,1594.0,533.197,1594.000031,533.196869
44,151,1596.0,533.248,1596.0,533.248108
44,152,1598.0,533.336,1598.000031,533.335938
44,153,1600.0,533.473,1600.000031,533.47345
44,154,1602.0,533.641,1602.000031,533.640808
44,155,1604.0,533.798,1604.0,533.797699
44,156,1606.0,533.904,1606.000031,533.904266
44,157,1608.0,533.956,1608.000031,533.956421
44,158,1610.0,533.979,1610.0,533.97934
44,159,1612.0,533.998,1612.000031,533.997894
44,160,1614.0,534.023,1614.000031,534.023041
44,161,1616.0,534.055,1616.000031,534.054962
44,162,1618.0,534.093,1618.0,534.093201
44,163,1620.0,534.139,1620.000031,534.139435
44,164,1622.0,534.195,1622.000031,534.195038
44,165,1624.0,534.266,1624.0,534.265625
44,166,1626.0,534.361,1626.000031,534.360504
44,167,1628.0,534.488,1628.000031,534.487518
44,168,1630.0,534.62,1630.000031,534.619934
44,169,1632.0,534.732,1632.0,534.731537
44,170,1634.0,534.8,1634.000031,534.80014
44,171,1636.0,534.839,1636.000031,534.839325
44,172,1638.0,534.877,1638.0,534.877441
44,173,1640.0,534.93,1640.000031,534.930176
44,174,1642.0,534.999,1642.000031,534.999207
44,175,1644.0,535.08,1644.000031,535.080261
44,176,1646.0,535.179,1646.0,535.179047
44,177,1650.143,535.436,1650.142883,535.436371
44,178,1656.429,535.752,1656.428589,535.751831
44,179,1662.714,536.016,1662.714294,536.016296
44,180,1669.0,536.222,1669.0,536.221802
44,181,1671.0,536.142,1671.000061,536.142426
44,182,1673.0,536.088,1673.0,536.088135
44,183,1675.0,536.032,1675.0,536.032166
44,184,1677.0,536.03,1677.000061,536.030029
44,185,1678.857,536.143,1678.857178,536.1427
44,186,1680.143,536.279,1680.142883,536.279266
45,0,1150.857,500.028,1150.857143,500.02832
45,1,1152.143,499.957,1152.142857,499.957123
45,2,1154.0,499.808,1154.0,499.807556
45,3,1156.0,499.542,1156.0,499.541901
45,4,1158.0,499.207,1158.0,499.206787
45,5,1160.0,498.851,1160.000001,498.851379
45,6,1162.0,498.606,1162.000001,498.606384
45,7,1164.0,498.476,1164.000001,498.475952
45,8,1166.0,498.419,1166.0,498.418823
45,9,1168.0,498.38,1168.000002,498.379852
45,10,1170.429,498.241,1170.428574,498.240906
45,11,1178.143,497.801,1178.142859,497.801025
45,12,1190.714,497.101,1190.714287,497.100586
45,13,1203.286,496.279,1203.285717,496.279449
45,14,1215.0,495.494,1215.0,495.494263
45,15,1217.0,495.095,1217.000008,495.09494
45,16,1219.0,494.838,1219.0,494.837921
45,17,1221.143,494.786,1221.14286,494.785675
45,18,1223.429,494.954,1223.428581,494.954468
45,19,1225.714,495.212,1225.714287,495.212494
45,20,1228.0,495.445,1228.0,495.445068
45,21,1230.0,495.521,1230.0,495.520599
45,22,1232.0,495.417,1232.000008,495.41687
45,23,1234.0,495.245,1234.0,495.244568
45,24,1236.0,495.122,1236.0,495.122314
45,25,1238.0,495.076,1238.000008,495.076324
45,26,1240.0,495.05,1240.0,495.050354
45,27,1242.0,495.028,1242.0,495.028229
45,28,1244.0,495.025,1244.000008,495.024933
45,29,1246.0,495.048,1246.000008,495.048431
45,30,1248.0,495.099,1248.000008,495.098907
45,31,1250.0,495.193,1250.0,495.19342
45,32,1252.0,495.375,1252.000008,495.375214
45,33,1254.0,495.614,1254.000008,495.613922
45,34,1256.0,495.819,1256.0,495.818604
45,35,1258.0,495.904,1258.000008,495.904144
45,36,1260.0,495.829,1260.000008,495.828674
45,37,1262.0,495.684,1262.000008,495.683563
45,38,1264.0,495.558,1264.0,495.5578
45,39,1266.0,495.497,1266.000008,495.49704
45,40,1268.0,495.523,1268.000008,495.523285
45,41,1270.0,495.621,1270.0,495.620911
45,42,1272.0,495.772,1272.0,495.77243
45,43,1274.0,495.951,1274.000008,495.950928
45,44,1276.0,496.119,1276.000008,496.119293
45,45,1278.0,496.236,1278.0,496.235748
45,46,1280.0,496.282,1280.000015,496.281677
45,47,1282.0,496.285,1282.000015,496.285339
45,48,1284.0,496.31,1284.0,496.310059
45,49,1286.0,496.394,1286.0,496.394073
45,50,1288.0,496.555,1288.0,496.55484
45,51,1290.0,496.841,1290.0,496.841034
45,52,1292.0,497.23,1292.0,497.230347
45,53,1294.0,497.734,1294.000015,497.733826
45,54,1296.0,498.241,1296.000015,498.240967
45,55,1298.0,498.648,1298.0,498.647614
45,56,1300.0,499.023,1300.0,499.023224
45,57,1302.0,499.377,1302.0,499.376587
45,58,1304.0,499.81,1304.000015,499.80957
45,59,1306.0,500.282,1306.0,500.281586
45,60,1308.0,500.783,1308.0,500.78299
45,61,1310.0,501.295,1310.000015,501.294586
45,62,1312.0,501.778,1312.0,501.778198
45,63,1314.0,502.276,1314.0,502.275513
45,64,1316.0,502.774,1316.0,502.773621
45,65,1318.0,503.353,1318.000015,503.352875
45,66,1320.0,504.018,1320.000015,504.017578
45,67,1322.0,504.731,1322.0,504.730865
45,68,1324.0,505.405,1324.000015,505.405457
45,69,1326.0,506.093,1326.0,506.093048
45,70,1328.0,506.784,1328.000015,506.784302
45,71,1330.0,507.626,1330.0,507.625549
45,72,1332.0,508.703,1332.000015,508.70343
45,73,1334.0,509.834,1334.0,509.833954
45,74,1336.0,511.13,1336.000015,511.130219
45,75,1338.0,512.37,1338.000015,512.370361
45,76,1340.0,513.523,1340.000015,513.522705
45,77,1342.0,514.685,1342.000015,514.684814
45,78,1344.0,515.681,1344.0,515.681213
45,79,1346.286,516.694,1346.285721,516.694031
45,80,1348.571,517.679,1348.571442,517.679138
45,81,1350.857,518.58,1350.857147,518.580017
45,82,1353.0,519.402,1353.000015,519.402344
45,83,1355.0,520.113,1355.0,520.113129
45,84,1357.0,520.752,1357.000015,520.752045
45,85,1359.0,521.363,1359.000015,521.362793
45,86,1361.0,521.981,1361.000015,521.98053
45,87,1363.0,522.592,1363.000015,522.591705
45,88,1365.0,523.186,1365.0,523.18573
45,89,1367.0,523.733,1367.000015,523.733337
45,90,1369.0,524.221,1369.0,524.220581
45,91,1371.0,524.636,1371.000015,524.636108
45,92,1373.0,525.055,1373.000015,525.054779
45,93,1375.0,525.466,1375.000015,525.4664
45,94,1377.0,525.877,1377.000015,525.877075
45,95,1379.0,526.27,1379.0,526.270477
45,96,1381.0,526.632,1381.000015,526.631927
45,97,1383.0,527.003,1383.000015,527.003052
45,98,1385.0,527.357,1385.000015,527.356598
45,99,1387.0,527.668,1387.0,527.66806
45,100,1389.0,527.925,1389.000015,527.924896
45,101,1391.0,528.139,1391.000015,528.139374
45,102,1393.0,528.365,1393.0,528.364807
45,103,1395.0,528.62,1395.000015,528.620453
45,104,1397.0,528.907,1397.000015,528.907471
45,105,1399.0,529.203,1399.000015,529.202545
45,106,1401.0,529.468,1401.0,529.467834
45,107,1403.0,529.692,1403.000015,529.692078
45,108,1405.0,529.878,1405.000015,529.877838
45,109,1407.0,530.049,1407.000031,530.048859
45,110,1409.0,530.245,1409.0,530.244598
45,111,1411.0,530.467,1411.0,530.466675
45,112,1413.0,530.692,1413.000031,530.692352
45,113,1415.0,530.896,1415.0,530.896027
45,114,1417.0,531.059,1417.000031,531.059052
45,115,1419.0,531.205,1419.0,531.204926
45,116,1421.0,531.371,1421.000031,531.371246
45,117,1423.0,531.56,1423.0,531.560364
45,118,1425.0,531.756,1425.0,531.756104
45,119,1427.0,531.939,1427.000031,531.939331
45,120,1429.0,532.106,1429.0,532.105927
45,121,1431.0,532.271,1431.000031,532.270844
45,122,1433.0,532.438,1433.0,532.437592
45,123,1435.0,532.595,1435.000031,532.594971
45,124,1437.0,532.732,1437.0,532.732269
45,125,1439.0,532.845,1439.0,532.845032
45,126,1441.0,532.937,1441.000031,532.937317
45,127,1443.0,533.016,1443.0,533.016266
45,128,1445.0,533.091,1445.000031,533.091339
45,129,1447.0,533.17,1447.0,533.170319
45,130,1449.0,533.254,1449.000031,533.253754
45,131,1451.0,533.353,1451.0,533.352692
45,132,1453.0,533.482,1453.000031,533.481903
45,133,1455.0,533.633,1455.0,533.632996
45,134,1457.0,533.782,1457.0,533.782043
45,135,1459.0,533.898,1459.000031,533.897552
45,136,1461.0,533.976,1461.0,533.975525
45,137,1463.0,534.049,1463.000031,534.04892
45,138,1465.0,534.153,1465.0,534.152527
45,139,1467.0,534.295,1467.000031,534.295166
45,140,1469.0,534.449,1469.0,534.449127
45,141,1471.0,534.576,1471.0,534.576111
45,142,1473.0,534.653,1473.000031,534.652527
45,143,1475.0,534.69,1475.0,534.689728
45,144,1477.0,534.724,1477.000031,534.72403
45,145,1479.0,534.785,1479.0,534.785095
45,146,1481.0,534.878,1481.000031,534.878235
45,147,1483.0,534.99,1483.0,534.989716
45,148,1485.0,535.11,1485.0,535.110474
45,149,1487.0,535.234,1487.000031,535.233734
45,150,1489.0,535.349,1489.0,535.348602
45,151,1491.0,535.444,1491.000031,535.444489
45,152,1493.0,535.516,1493.000031,535.515656
45,153,1495.0,535.579,1495.000031,535.579102
45,154,1497.0,535.658,1497.0,535.658051
45,155,1499.0,535.76,1499.0,535.759857
45,156,1501.0,535.877,1501.000031,535.876953
45,157,1503.0,535.991,1503.0,535.991241
45,158,1505.0,536.084,1505.000031,536.08432
45,159,1507.0,536.151,1507.000031,536.15094
45,160,1509.0,536.2,1509.000031,536.200165
45,161,1511.0,536.249,1511.0,536.249298
45,162,1513.0,536.316,1513.0,536.315979
45,163,1515.0,536.407,1515.000031,536.407135
45,164,1517.0,536.52,1517.000031,536.519592
45,165,1519.0,536.64,1519.0,536.639557
45,166,1521.0,536.741,1521.000031,536.740692
45,167,1523.0,536.807,1523.000031,536.807281
45,168,1525.0,536.843,1525.0,536.842773
45,169,1527.0,536.869,1527.0,536.868591
45,170,1529.0,536.906,1529.000031,536.905945
45,171,1531.0,536.959,1531.000031,536.959167
45,172,1533.0,537.023,1533.0,537.023041
45,173,1535.0,537.091,1535.000031,537.09079
45,174,1537.0,537.163,1537.000031,537.162537
45,175,1539.0,537.245,1539.0,537.244598
45,176,1541.0,537.339,1541.0,537.339203
45,177,1543.0,537.439,1543.000031,537.439392
45,178,1545.0,537.538,1545.000031,537.537537
45,179,1547.0,537.637,1547.0,537.636719
45,180,1549.0,537.741,1549.000031,537.741211
45,181,1551.0,537.848,1551.000031,537.848328
45,182,1553.0,537.944,1553.0,537.943634
45,183,1555.0,538.015,1555.0,538.014587
45,184,1557.0,538.061,1557.000031,538.060974
45,185,1559.0,538.092,1559.000031,538.091736
45,186,1561.0,538.117,1561.0,538.116638
45,187,1563.0,538.143,1563.000031,538.143188
45,188,1565.0,538.178,1565.000031,538.177582
45,189,1567.0,538.22,1567.0,538.219879
45,190,1569.0,538.27,1569.0,538.27002
45,191,1571.0,538.333,1571.000031,538.33255
45,192,1573.0,538.41,1573.000031,538.410187
45,193,1575.0,538.497,1575.0,538.496765
45,194,1577.0,538.583,1577.000031,538.583069
45,195,1579.0,538.664,1579.000031,538.664062
45,196,1581.0,538.747,1581.000031,538.746918
45,197,1583.0,538.833,1583.0,538.833282
45,198,1585.0,538.913,1585.000031,538.912872
45,199,1587.0,538.973,1587.000031,538.972656
45,200,1589.0,539.006,1589.0,539.00589
45,201,1591.0,539.023,1591.000031,539.023438
45,202,1593.0,539.045,1593.000031,539.045258
45,203,1595.0,539.091,1595.000031,539.090729
45,204,1597.0,539.176,1597.0,539.17572
45,205,1599.0,539.3,1599.000031,539.30014
45,206,1601.0,539.436,1601.000031,539.43634
45,207,1603.0,539.553,1603.0,539.553162
45,208,1605.0,539.625,1605.000031,539.625427
45,209,1607.0,539.655,1607.000031,539.654602
45,210,1609.0,539.665,1609.000031,539.665192
45,211,1611.0,539.681,1611.0,539.680664
45,212,1613.0,539.719,1613.000031,539.718628
45,213,1615.0,539.778,1615.000031,539.77832
45,214,1617.0,539.846,1617.0,539.846191
45,215,1619.0,539.908,1619.000031,539.907745
45,216,1621.0,539.95,1621.000031,539.950104
45,217,1623.0,539.974,1623.000031,539.973877
45,218,1625.0,539.99,1625.0,539.990204
45,219,1627.0,540.016,1627.000031,540.015869
45,220,1629.0,540.069,1629.000031,540.068512
45,221,1631.0,540.15,1631.0,540.150146
45,222,1633.0,540.25,1633.000031,540.250458
45,223,1635.0,540.357,1635.000031,540.357239
45,224,1637.0,540.46,1637.000031,540.459503
45,225,1639.0,540.554,1639.0,540.554047
45,226,1641.0,540.634,1641.000031,540.633881
45,227,1643.0,540.686,1643.000031,540.685608
45,228,1645.0,540.699,1645.0,540.698914
45,229,1647.0,540.673,1647.000031,540.672729
45,230,1649.0,540.625,1649.000031,540.624878
45,231,1651.0,540.583,1651.000031,540.582947
45,232,1653.0,540.564,1653.0,540.563751
45,233,1655.0,540.567,1655.000031,540.567383
45,234,1657.0,540.587,1657.000031,540.587463
45,235,1659.0,540.656,1659.0,540.656036
45,236,1661.0,540.821,1661.000031,540.820709
45,237,1663.0,541.069,1663.0,541.068665
45,238,1665.0,541.339,1665.000061,541.339111
45,239,1667.0,541.55,1667.0,541.550018
45,240,1669.0,541.669,1669.0,541.669098
45,241,1671.0,541.722,1671.000061,541.722321
45,242,1673.0,541.75,1673.0,541.749786
45,243,1675.0,541.775,1675.0,541.77475
45,244,1677.0,541.816,1677.000061,541.815552
45,245,1679.0,541.883,1679.000061,541.883423
45,246,1681.0,541.982,1681.0,541.981567
45,247,1683.0,542.112,1683.0,542.112152
45,248,1685.0,542.271,1685.000061,542.271393
45,249,1687.0,542.44,1687.0,542.439697
45,250,1689.0,542.6,1689.0,542.599823
45,251,1691.0,542.734,1691.000061,542.734131
45,252,1693.0,542.833,1693.000061,542.832581
45,253,1695.0,542.904,1695.0,542.904022
45,254,1697.0,542.952,1697.0,542.952362
45,255,1699.0,542.984,1699.000061,542.984253
45,256,1701.0,543.004,1701.0,543.00354
45,257,1702.857,543.01,1702.857178,543.010468
45,258,1704.143,543.012,1704.142883,543.011536
46,0,1185.286,538.165,1185.285717,538.165039
46,1,1193.429,538.591,1193.428577,538.591003
46,2,1202.143,538.629,1202.14286,538.629486
46,3,1212.143,537.383,1212.142857,537.383209
46,4,1218.429,533.143,1218.428574,533.142914
46,5,1224.714,528.968,1224.714287,528.968109
46,6,1231.0,525.203,1231.000008,525.203308
46,7,1233.857,524.065,1233.85714,524.064758
46,8,1235.143,523.886,1235.142853,523.885559
47,0,1223.857,540.943,1223.857147,540.942657
47,1,1225.143,540.796,1225.14286,540.796112
47,2,1227.0,540.361,1227.0,540.361206
47,3,1229.0,539.652,1229.0,539.651794
47,4,1231.0,539.042,1231.0,539.041534
47,5,1233.0,538.773,1233.0,538.772736
47,6,1236.714,539.259,1236.714287,539.258789
47,7,1242.143,539.943,1242.14286,539.943451
47,8,1247.571,540.422,1247.571434,540.422333
47,9,1253.0,540.67,1253.000008,540.669525
47,10,1255.0,540.298,1255.000008,540.297699
47,11,1258.571,540.121,1258.571426,540.120789
47,12,1270.571,540.142,1270.571434,540.142029
47,13,1288.286,540.279,1288.285721,540.278625
47,14,1306.0,540.211,1306.000015,540.210754
47,15,1320.0,540.101,1320.000015,540.100677
47,16,1322.0,539.491,1322.0,539.49057
47,17,1324.0,538.884,1324.000015,538.884094
47,18,1327.714,537.4,1327.714294,537.399841
47,19,1333.143,535.395,1333.142868,535.395111
47,20,1338.143,533.645,1338.142853,533.644684
48,0,1150.857,505.76,1150.857143,505.760498
48,1,1152.143,505.604,1152.142857,505.604004
48,2,1154.0,505.359,1154.0,505.358826
48,3,1156.0,505.039,1156.0,505.038971
48,4,1158.0,504.678,1158.0,504.678375
48,5,1160.0,504.3,1160.000001,504.299988
48,6,1162.0,503.904,1162.000001,503.9039
48,7,1164.0,503.529,1164.000001,503.529297
48,8,1166.0,503.189,1166.0,503.188812
48,9,1168.0,502.873,1168.000002,502.872803
48,10,1170.0,502.568,1170.000002,502.567657
48,11,1172.0,502.265,1172.0,502.265137
48,12,1174.0,501.974,1174.000002,501.974091
48,13,1176.0,501.711,1176.0,501.710938
48,14,1178.0,501.469,1178.000002,501.469391
48,15,1180.0,501.22,1180.000002,501.219604
48,16,1182.0,500.935,1182.000004,500.935242
48,17,1184.0,500.642,1184.0,500.642487
48,18,1186.0,500.382,1186.000004,500.382477
48,19,1188.0,500.17,1188.0,500.170258
48,20,1190.0,499.963,1190.000004,499.962646
48,21,1192.0,499.704,1192.000004,499.704437
48,22,1194.0,499.386,1194.000004,499.385559
48,23,1196.0,499.005,1196.0,499.004974
48,24,1198.0,498.587,1198.0,498.587402
48,25,1200.0,498.159,1200.000004,498.159088
48,26,1202.0,497.741,1202.000004,497.741211
48,27,1204.0,497.382,1204.0,497.381958
48,28,1206.0,497.078,1206.000004,497.077728
48,29,1208.0,496.818,1208.000004,496.818298
48,30,1216.714,497.24,1216.714294,497.23996
48,31,1228.714,498.788,1228.714287,498.787903
48,32,1240.714,500.431,1240.714287,500.430969
48,33,1251.0,502.483,1251.000008,502.483429
48,34,1253.0,502.695,1253.000008,502.694519
48,35,1255.0,502.81,1255.000008,502.810486
48,36,1257.0,502.778,1257.0,502.778351
48,37,1259.0,502.623,1259.000008,502.622711
48,38,1261.0,502.603,1261.000008,502.6026
48,39,1263.0,502.787,1263.0,502.787018
48,40,1265.0,503.094,1265.0,503.094299
48,41,1267.0,503.393,1267.000008,503.393402
48,42,1269.0,503.593,1269.000008,503.593231
48,43,1271.0,503.683,1271.0,503.682739
48,44,1273.0,503.701,1273.000008,503.701019
48,45,1275.0,503.713,1275.000008,503.713287
48,46,1277.0,503.738,1277.0,503.737793
48,47,1279.0,503.775,1279.0,503.774872
48,48,1281.0,503.828,1281.0,503.827515
48,49,1283.0,503.902,1283.0,503.901855
48,50,1285.0,504.013,1285.0,504.013153
48,51,1287.0,504.17,1287.000015,504.170166
48,52,1289.0,504.371,1289.000015,504.370575
48,53,1291.0,504.624,1291.0,504.624237
48,54,1293.0,504.939,1293.0,504.938812
48,55,1295.0,505.279,1295.0,505.278748
48,56,1297.0,505.624,1297.0,505.624298
48,57,1299.0,506.004,1299.0,506.003998
48,58,1301.0,506.451,1301.0,506.450989
48,59,1303.0,506.989,1303.000015,506.988953
48,60,1305.0,507.582,1305.0,507.581818
48,61,1307.0,508.149,1307.0,508.149475
48,62,1309.0,508.663,1309.0,508.663269
48,63,1311.0,509.127,1311.000015,509.127228
48,64,1313.0,509.577,1313.0,509.577454
48,65,1315.0,510.075,1315.0,510.07547
48,66,1317.0,510.659,1317.000015,510.658997
48,67,1319.0,511.437,1319.0,511.436829
48,68,1321.0,512.388,1321.000015,512.388306
48,69,1323.0,513.536,1323.0,513.535645
48,70,1325.0,514.758,1325.000015,514.758148
48,71,1327.0,515.824,1327.000015,515.823669
48,72,1329.0,516.724,1329.0,516.723694
48,73,1331.0,517.411,1331.000015,517.410522
48,74,1333.286,518.12,1333.285736,518.11969
48,75,1335.571,519.139,1335.571442,519.138794
48,76,1337.857,520.373,1337.857162,520.372803
48,77,1340.0,521.663,1340.000015,521.662537
48,78,1342.0,522.944,1342.000015,522.944275
48,79,1344.0,523.865,1344.0,523.865173
48,80,1346.0,524.847,1346.000015,524.847321
48,81,1348.0,525.702,1348.0,525.701874
48,82,1351.571,527.282,1351.571442,527.281586
48,83,1356.714,529.477,1356.71431,529.476837
48,84,1361.857,531.467,1361.857147,531.466522
48,85,1367.0,533.376,1367.000015,533.37616
48,86,1369.0,533.609,1369.0,533.608704
48,87,1371.0,533.85,1371.000015,533.850067
48,88,1373.0,534.101,1373.000015,534.101379
48,89,1375.0,534.345,1375.000015,534.344696
48,90,1377.0,534.64,1377.000015,534.639587
48,91,1379.0,535.0,1379.0,534.999878
48,92,1381.0,535.477,1381.000015,535.477173
48,93,1387.0,536.331,1387.000015,536.330566
48,94,1397.0,537.435,1397.000015,537.434967
48,95,1407.0,538.37,1407.0,538.369629
48,96,1417.0,539.168,1417.000031,539.168274
48,97,1419.0,539.15,1419.0,539.149963
48,98,1421.0,539.166,1421.000031,539.16568
48,99,1423.0,539.178,1423.0,539.178284
48,100,1425.0,539.219,1425.0,539.218689
48,101,1428.0,539.446,1428.000031,539.446442
48,102,1432.0,539.783,1432.0,539.782928
48,103,1436.0,540.082,1436.000031,540.082062
48,104,1440.0,540.332,1440.0,540.331726
48,105,1442.0,540.286,1442.000031,540.285553
48,106,1444.0,540.27,1444.0,540.269653
48,107,1446.0,540.274,1446.0,540.273926
48,108,1448.0,540.297,1448.000031,540.296661
48,109,1450.0,540.344,1450.0,540.344238
48,110,1452.0,540.434,1452.000031,540.433533
48,111,1454.0,540.561,1454.0,540.56076
48,112,1456.0,540.697,1456.000031,540.696838
48,113,1458.0,540.817,1458.0,540.816528
48,114,1460.0,540.9,1460.000031,540.899811
48,115,1462.0,540.961,1462.0,540.961121
48,116,1464.0,541.014,1464.0,541.014496
48,117,1466.0,541.061,1466.000031,541.06134
48,118,1468.0,541.098,1468.0,541.097656
48,119,1470.0,541.119,1470.000031,541.119232
48,120,1472.0,541.127,1472.0,541.127441
48,121,1474.0,541.131,1474.000031,541.131439
48,122,1476.0,541.144,1476.0,541.144318
48,123,1478.0,541.173,1478.0,541.172729
48,124,1480.0,541.217,1480.000031,541.217133
48,125,1482.0,541.296,1482.0,541.296143
48,126,1484.0,541.47,1484.000031,541.470398
48,127,1486.0,541.719,1486.0,541.719086
48,128,1488.0,541.982,1488.000031,541.982361
48,129,1490.0,542.19,1490.0,542.18988
48,130,1492.0,542.306,1492.0,542.306061
48,131,1494.0,542.38,1494.000031,542.380402
48,132,1496.0,542.45,1496.0,542.450012
48,133,1498.0,542.522,1498.000031,542.522156
48,134,1500.0,542.601,1500.000031,542.601196
48,135,1502.0,542.702,1502.000031,542.702393
48,136,1504.0,542.825,1504.0,542.825287
48,137,1506.0,542.968,1506.0,542.968414
48,138,1508.0,543.127,1508.000031,543.127258
48,139,1510.571,543.423,1510.571472,543.422882
48,140,1513.714,543.771,1513.714325,543.770996
48,141,1516.857,544.042,1516.857147,544.041901
48,142,1520.0,544.249,1520.0,544.249329
48,143,1522.0,544.177,1522.000031,544.177307
48,144,1524.0,544.146,1524.000031,544.146271
48,145,1526.0,544.13,1526.0,544.129852
48,146,1528.0,544.124,1528.000031,544.123627
48,147,1530.0,544.145,1530.000031,544.145233
48,148,1532.0,544.213,1532.0,544.212799
48,149,1534.0,544.315,1534.0,544.31543
48,150,1536.0,544.425,1536.000031,544.425323
48,151,1538.0,544.488,1538.000031,544.488007
48,152,1540.0,544.496,1540.0,544.496155
48,153,1542.0,544.453,1542.000031,544.452728
48,154,1544.0,544.395,1544.000031,544.395325
48,155,1546.0,544.357,1546.0,544.356934
48,156,1548.0,544.388,1548.0,544.388489
48,157,1550.0,544.561,1550.000031,544.561127
48,158,1552.0,544.782,1552.000031,544.781952
48,159,1554.0,545.004,1554.0,545.003998
48,160,1556.0,545.134,1556.000031,545.133667
48,161,1558.0,545.161,1558.000031,545.161377
48,162,1560.0,545.128,1560.0,545.128479
48,163,1562.0,545.056,1562.0,545.056122
48,164,1564.0,544.984,1564.000031,544.984344
48,165,1566.0,544.951,1566.000031,544.950775
48,166,1568.0,544.967,1568.0,544.96701
48,167,1570.0,545.029,1570.000031,545.028625
48,168,1572.0,545.121,1572.000031,545.120575
48,169,1574.0,545.214,1574.0,545.214478
48,170,1576.0,545.28,1576.0,545.279602
48,171,1578.0,545.305,1578.000031,545.304871
48,172,1580.0,545.307,1580.000031,545.307037
48,173,1582.0,545.312,1582.0,545.311829
48,174,1584.0,545.33,1584.000031,545.330109
48,175,1586.0,545.359,1586.000031,545.359283
48,176,1588.0,545.401,1588.000031,545.400543
48,177,1590.0,545.473,1590.0,545.472778
48,178,1592.0,545.571,1592.000031,545.57135
48,179,1594.0,545.682,1594.000031,545.681824
48,180,1596.0,545.806,1596.0,545.805634
48,181,1598.0,545.937,1598.000031,545.937347
48,182,1600.0,546.076,1600.000031,546.0755
48,183,1602.0,546.2,1602.000031,546.200287
48,184,1604.0,546.283,1604.0,546.283173
48,185,1606.0,546.329,1606.000031,546.329224
48,186,1608.0,546.366,1608.000031,546.366241
48,187,1610.0,546.407,1610.0,546.406891
48,188,1612.0,546.444,1612.000031,546.443665
48,189,1614.0,546.471,1614.000031,546.470917
48,190,1616.0,546.489,1616.000031,546.488831
48,191,1618.0,546.518,1618.0,546.518188
48,192,1620.0,546.583,1620.000031,546.583099
48,193,1622.0,546.685,1622.000031,546.68512
48,194,1624.0,546.807,1624.0,546.807007
48,195,1626.0,546.94,1626.000031,546.940399
48,196,1628.0,547.086,1628.000031,547.08609
48,197,1630.0,547.243,1630.000031,547.24292
48,198,1632.0,547.484,1632.0,547.484467
48,199,1634.0,547.626,1634.000031,547.625763
48,200,1636.0,547.652,1636.000031,547.652222
48,201,1638.0,547.55,1638.0,547.549774
48,202,1640.0,547.388,1640.000031,547.388336
48,203,1642.0,547.28,1642.000031,547.280365
48,204,1644.0,547.231,1644.000031,547.230652
48,205,1646.0,547.25,1646.0,547.250275
48,206,1648.0,547.35,1648.000031,547.350311
48,207,1650.0,547.566,1650.000031,547.566498
48,208,1654.571,547.878,1654.571442,547.878387
48,209,1661.714,548.097,1661.714325,548.09729
48,210,1668.857,548.185,1668.857178,548.184967
48,211,1676.0,548.149,1676.0,548.148956
48,212,1677.571,548.075,1677.571472,548.074707
49,0,1238.857,544.214,1238.857147,544.213989
49,1,1240.143,544.757,1240.14286,544.757019
49,2,1242.0,545.304,1242.0,545.303741
49,3,1244.0,545.369,1244.000008,545.36911
49,4,1246.0,545.086,1246.000008,545.086121
49,5,1251.143,543.598,1251.142868,543.598419
49,6,1256.286,542.363,1256.285721,542.362915
49,7,1261.429,541.279,1261.428574,541.278809
49,8,1265.0,540.762,1265.0,540.76239
49,9,1267.0,540.568,1267.000008,540.568146
49,10,1269.571,540.052,1269.571434,540.052338
49,11,1272.0,539.512,1272.000008,539.512299
49,12,1273.857,539.06,1273.857162,539.059723
50,0,1230.857,535.087,1230.857147,535.086792
50,1,1232.714,534.889,1232.714294,534.889008
50,2,1235.714,534.836,1235.714287,534.836273
50,3,1239.286,534.643,1239.285721,534.64328
50,4,1243.286,534.615,1243.285721,534.614868
50,5,1246.143,534.645,1246.14286,534.645416
50,6,1251.857,535.34,1251.857147,535.339508
50,7,1260.714,537.378,1260.714294,537.378296
50,8,1269.571,539.871,1269.571434,539.870911
50,9,1278.429,542.383,1278.428574,542.383453
50,10,1281.0,543.467,1281.0,543.466553
50,11,1283.0,543.769,1283.0,543.76947
50,12,1285.0,543.772,1285.0,543.772247
50,13,1287.0,543.75,1287.000015,543.749512
50,14,1298.429,544.063,1298.428589,544.062836
50,15,1309.857,544.228,1309.857147,544.227783
50,16,1321.286,544.393,1321.285721,544.393066
50,17,1328.0,544.423,1328.000015,544.423035
50,18,1332.857,544.249,1332.857147,544.249115
50,19,1337.714,543.993,1337.71431,543.993317
50,20,1342.571,543.677,1342.571426,543.676575
50,21,1345.571,543.345,1345.571426,543.344635
51,0,1213.857,532.211,1213.857143,532.210968
51,1,1215.143,531.945,1215.14286,531.945282
51,2,1217.0,531.502,1217.000008,531.502411
51,3,1219.143,531.068,1219.14286,531.067627
51,4,1221.429,530.876,1221.428574,530.876404
51,5,1223.714,530.692,1223.714294,530.692169
51,6,1226.0,530.388,1226.0,530.388458
51,7,1228.143,529.768,1228.14286,529.76767
51,8,1230.429,529.427,1230.428574,529.426971
51,9,1232.714,529.276,1232.714287,529.275879
51,10,1235.714,529.616,1235.714287,529.615631
51,11,1239.143,530.036,1239.14286,530.035645
51,12,1249.286,529.264,1249.285721,529.263672
51,13,1263.286,529.633,1263.285721,529.633301
51,14,1275.857,529.537,1275.857147,529.537048
51,15,1287.0,530.505,1287.000015,530.504913
51,16,1289.0,530.728,1289.000015,530.727844
51,17,1291.0,530.918,1291.0,530.917542
51,18,1293.0,531.073,1293.0,531.073151
51,19,1295.0,531.249,1295.0,531.248749
51,20,1297.0,531.473,1297.0,531.473389
51,21,1299.0,531.703,1299.0,531.702515
51,22,1301.0,531.93,1301.0,531.930206
51,23,1305.143,532.513,1305.142868,532.512848
51,24,1313.429,533.71,1313.428589,533.710144
51,25,1325.429,534.925,1325.428589,534.924683
51,26,1337.429,535.757,1337.428574,535.756775
51,27,1344.143,535.52,1344.142868,535.519928
51,28,1348.0,535.162,1348.0,535.161743
51,29,1350.143,535.353,1350.142868,535.352509
51,30,1352.429,535.947,1352.428589,535.947205
51,31,1354.714,536.682,1354.714294,536.681702
51,32,1357.0,537.371,1357.000015,537.37085
51,33,1359.0,537.894,1359.000015,537.894287
51,34,1361.0,538.389,1361.000015,538.388672
51,35,1363.0,538.844,1363.000015,538.84433
51,36,1365.0,539.262,1365.0,539.26181
51,37,1367.0,539.656,1367.000015,539.656097
51,38,1369.0,540.051,1369.0,540.050964
51,39,1371.0,540.446,1371.000015,540.445984
51,40,1373.0,540.826,1373.000015,540.826172
51,41,1375.0,541.184,1375.000015,541.183777
51,42,1377.0,541.51,1377.000015,541.509918
51,43,1379.0,541.807,1379.0,541.807129
51,44,1381.0,542.094,1381.000015,542.093781
51,45,1383.0,542.385,1383.000015,542.384521
51,46,1385.0,542.665,1385.000015,542.665039
51,47,1387.0,542.923,1387.0,542.922943
51,48,1389.0,543.144,1389.000015,543.143677
51,49,1391.0,543.329,1391.000015,543.328583
51,50,1393.0,543.497,1393.0,543.497101
51,51,1395.0,543.65,1395.000015,543.650055
51,52,1397.0,543.788,1397.000015,543.78775
51,53,1399.0,543.918,1399.000015,543.917999
51,54,1401.0,544.043,1401.0,544.042664
51,55,1403.0,544.174,1403.000015,544.174011
51,56,1405.0,544.336,1405.000015,544.335571
51,57,1407.0,544.525,1407.000031,544.525055
51,58,1409.0,544.717,1409.0,544.717102
51,59,1411.0,544.885,1411.0,544.88504
51,60,1413.0,545.01,1413.000031,545.009735
51,61,1415.0,545.103,1415.0,545.103455
51,62,1417.0,545.184,1417.000031,545.18399
51,63,1419.0,545.264,1419.0,545.263794
51,64,1421.0,545.361,1421.000031,545.361328
51,65,1423.0,545.485,1423.0,545.484985
51,66,1425.0,545.626,1425.0,545.626312
51,67,1427.0,545.768,1427.000031,545.768402
51,68,1429.0,545.9,1429.0,545.900024
51,69,1431.0,546.028,1431.000031,546.02829
51,70,1433.0,546.165,1433.0,546.164764
51,71,1435.0,546.313,1435.000031,546.312988
51,72,1437.0,546.461,1437.0,546.460632
51,73,1439.0,546.587,1439.0,546.587158
51,74,1441.0,546.686,1441.000031,546.686157
51,75,1443.0,546.771,1443.0,546.771362
51,76,1445.0,546.854,1445.000031,546.85376
51,77,1447.0,546.93,1447.0,546.929901
51,78,1449.0,546.99,1449.000031,546.989716
51,79,1451.0,547.038,1451.0,547.037537
51,80,1453.0,547.105,1453.000031,547.105133
51,81,1455.0,547.213,1455.0,547.212616
51,82,1457.0,547.344,1457.0,547.343536
51,83,1459.0,547.466,1459.000031,547.465759
51,84,1461.0,547.556,1461.0,547.556335
51,85,1463.0,547.622,1463.000031,547.621918
51,86,1465.0,547.683,1465.0,547.682892
51,87,1467.0,547.746,1467.000031,547.745789
51,88,1469.0,547.806,1469.0,547.805542
51,89,1471.0,547.855,1471.0,547.854889
51,90,1473.0,547.893,1473.000031,547.893219
51,91,1475.0,547.927,1475.0,547.927399
51,92,1477.0,547.962,1477.000031,547.961884
51,93,1479.0,548.0,1479.0,548.000214
51,94,1481.0,548.047,1481.000031,548.046997
51,95,1483.0,548.111,1483.0,548.111053
51,96,1485.0,548.204,1485.0,548.203857
51,97,1487.0,548.321,1487.000031,548.320862
51,98,1489.0,548.442,1489.0,548.44162
51,99,1491.0,548.55,1491.000031,548.549683
51,100,1493.0,548.641,1493.000031,548.641357
51,101,1495.0,548.727,1495.000031,548.726746
51,102,1497.0,548.813,1497.0,548.812988
51,103,1499.0,548.898,1499.0,548.897888
51,104,1501.0,548.98,1501.000031,548.980469
51,105,1503.0,549.059,1503.0,549.058929
51,106,1505.0,549.124,1505.000031,549.124084
51,107,1507.0,549.166,1507.000031,549.166046
51,108,1509.0,549.185,1509.000031,549.184998
51,109,1511.0,549.198,1511.0,549.197601
51,110,1513.0,549.225,1513.0,549.225098
51,111,1515.0,549.28,1515.000031,549.280029
51,112,1517.0,549.363,1517.000031,549.363434
51,113,1519.0,549.459,1519.0,549.459015
51,114,1521.0,549.551,1521.000031,549.551086
51,115,1523.0,549.627,1523.000031,549.627167
51,116,1525.0,549.68,1525.0,549.67984
51,117,1527.0,549.715,1527.0,549.714935
51,118,1529.0,549.752,1529.000031,549.751709
51,119,1531.0,549.822,1531.000031,549.821716
51,120,1533.0,549.94,1533.0,549.940277
51,121,1535.0,550.082,1535.000031,550.082367
51,122,1537.0,550.201,1537.000031,550.201172
51,123,1539.0,550.27,1539.0,550.270477
51,124,1541.0,550.303,1541.0,550.303131
51,125,1543.0,550.326,1543.000031,550.326233
51,126,1545.0,550.349,1545.000031,550.348938
51,127,1547.0,550.369,1547.0,550.369049
51,128,1549.0,550.394,1549.000031,550.39444
51,129,1551.0,550.447,1551.000031,550.447327
51,130,1553.0,550.539,1553.0,550.53894
51,131,1555.0,550.659,1555.0,550.658539
51,132,1557.0,550.781,1557.000031,550.781403
51,133,1559.0,550.888,1559.000031,550.887939
51,134,1561.0,550.975,1561.0,550.974701
51,135,1563.0,551.041,1563.000031,551.040955
51,136,1565.0,551.085,1565.000031,551.085297
51,137,1567.0,551.108,1567.0,551.10849
51,138,1569.0,551.121,1569.0,551.120636
51,139,1571.0,551.14,1571.000031,551.139526
51,140,1573.0,551.181,1573.000031,551.181427
51,141,1575.0,551.245,1575.0,551.245178
51,142,1577.0,551.313,1577.000031,551.313202
51,143,1579.0,551.372,1579.000031,551.371857
51,144,1581.0,551.419,1581.000031,551.419159
51,145,1583.0,551.461,1583.0,551.460724
51,146,1585.0,551.499,1585.000031,551.499176
51,147,1587.0,551.53,1587.000031,551.529541
51,148,1589.0,551.546,1589.0,551.545898
51,149,1591.0,551.553,1591.000031,551.552887
51,150,1593.0,551.561,1593.000031,551.560516
51,151,1595.0,551.583,1595.000031,551.582764
51,152,1597.0,551.635,1597.0,551.634918
51,153,1599.0,551.721,1599.000031,551.720795
51,154,1601.0,551.829,1601.000031,551.828644
51,155,1603.0,551.938,1603.0,551.938477
51,156,1605.0,552.029,1605.000031,552.029449
51,157,1607.0,552.097,1607.000031,552.096863
51,158,1609.0,552.153,1609.000031,552.153473
51,159,1611.0,552.214,1611.0,552.213745
51,160,1613.0,552.276,1613.000031,552.275665
51,161,1615.0,552.318,1615.000031,552.31839
51,162,1617.0,552.328,1617.0,552.32782
51,163,1619.0,552.313,1619.000031,552.312958
51,164,1621.0,552.305,1621.000031,552.304596
51,165,1623.0,552.331,1623.000031,552.331238
51,166,1625.0,552.4,1625.0,552.399933
51,167,1627.0,552.496,1627.000031,552.49588
51,168,1629.0,552.604,1629.000031,552.603546
51,169,1631.0,552.702,1631.0,552.702454
51,170,1633.0,552.782,1633.000031,552.781647
51,171,1635.0,552.842,1635.000031,552.842041
51,172,1637.0,552.889,1637.000031,552.88913
51,173,1639.0,552.931,1639.0,552.931244
51,174,1641.0,552.972,1641.000031,552.972229
51,175,1643.0,553.013,1643.000031,553.013336
51,176,1645.0,553.059,1645.0,553.058746
51,177,1647.0,553.112,1647.000031,553.111908
51,178,1649.0,553.169,1649.000031,553.169312
51,179,1651.0,553.22,1651.000031,553.219879
51,180,1653.0,553.245,1653.0,553.24527
51,181,1655.0,553.221,1655.000031,553.221436
51,182,1657.0,553.131,1657.000031,553.130615
51,183,1659.0,552.987,1659.0,552.987213
51,184,1661.0,552.839,1661.000031,552.838837
51,185,1663.0,552.751,1663.0,552.750885
51,186,1665.0,552.82,1665.000061,552.819702
51,187,1667.0,553.084,1667.0,553.084137
51,188,1669.0,553.444,1669.0,553.444122
51,189,1671.0,553.801,1671.000061,553.800964
51,190,1673.0,554.03,1673.0,554.029572
51,191,1675.0,554.146,1675.0,554.146118
51,192,1677.0,554.203,1677.000061,554.202698
51,193,1679.0,554.241,1679.000061,554.240875
51,194,1681.0,554.279,1681.0,554.2789
51,195,1683.0,554.32,1683.0,554.320038
51,196,1685.0,554.373,1685.000061,554.373169
51,197,1687.0,554.442,1687.0,554.442017
51,198,1689.0,554.525,1689.0,554.524841
51,199,1691.0,554.611,1691.000061,554.610565
51,200,1693.0,554.686,1693.000061,554.686157
51,201,1695.0,554.754,1695.0,554.753632
51,202,1697.0,554.808,1697.0,554.808472
51,203,1699.0,554.837,1699.000061,554.836914
51,204,1701.0,554.829,1701.0,554.828949
51,205,1702.857,554.799,1702.857178,554.799164
51,206,1704.143,554.771,1704.142883,554.771454
52,0,1252.857,558.479,1252.857147,558.479218
52,1,1254.143,558.38,1254.14286,558.380157
52,2,1256.0,558.247,1256.0,558.246552
52,3,1258.0,558.116,1258.000008,558.116058
52,4,1260.857,557.776,1260.857147,557.77594
52,5,1264.571,557.603,1264.571434,557.603241
52,6,1268.286,557.459,1268.285713,557.458649
52,7,1272.0,557.319,1272.0,557.319305
52,8,1276.429,556.629,1276.428574,556.628693
52,9,1287.857,554.003,1287.857147,554.002747
52,10,1299.286,551.492,1299.285721,551.491516
52,11,1310.714,549.202,1310.714279,549.202362
52,12,1315.0,548.61,1315.0,548.610443
52,13,1317.0,548.733,1317.000015,548.733002
52,14,1319.0,548.875,1319.0,548.875397
52,15,1321.0,549.054,1321.000015,549.054352
52,16,1323.0,549.197,1323.0,549.196564
52,17,1325.0,549.202,1325.000015,549.202301
52,18,1327.0,549.126,1327.000015,549.125916
52,19,1329.0,549.033,1329.0,549.033295
52,20,1331.0,548.944,1331.000015,548.944031
52,21,1333.0,548.801,1333.000015,548.801483
52,22,1335.0,548.548,1335.000015,548.548309
52,23,1338.0,548.557,1338.0,548.556641
52,24,1342.0,548.629,1342.000015,548.629089
52,25,1345.857,548.816,1345.857132,548.815552
52,26,1349.143,548.951,1349.142853,548.95105
53,0,1201.857,552.586,1201.857147,552.58606
53,1,1208.857,552.734,1208.857147,552.733521
53,2,1216.429,552.939,1216.428574,552.938751
53,3,1224.143,553.256,1224.14286,553.255554
53,4,1229.0,553.528,1229.0,553.527802
53,5,1231.286,554.139,1231.285721,554.138947
53,6,1233.571,554.834,1233.571434,554.833923
53,7,1235.857,555.395,1235.857147,555.395233
53,8,1238.0,555.154,1238.000008,555.154175
53,9,1240.0,554.27,1240.0,554.269836
53,10,1242.0,553.251,1242.0,553.250885
53,11,1244.0,552.537,1244.000008,552.536621
53,12,1246.0,552.212,1246.000008,552.211823
53,13,1248.0,552.044,1248.000008,552.044037
53,14,1250.0,551.787,1250.0,551.78717
53,15,1252.0,551.23,1252.000008,551.230011
53,16,1254.0,550.454,1254.000008,550.454041
53,17,1256.0,549.693,1256.0,549.692505
53,18,1258.0,549.263,1258.000008,549.263306
53,19,1260.0,549.303,1260.000008,549.303406
53,20,1262.0,549.555,1262.000008,549.555359
53,21,1264.0,549.704,1264.0,549.703827
53,22,1266.0,549.604,1266.000008,549.604126
53,23,1268.0,549.351,1268.000008,549.350983
53,24,1270.0,549.413,1270.0,549.412567
53,25,1272.0,549.892,1272.0,549.891998
53,26,1274.0,550.536,1274.000008,550.535706
53,27,1276.0,551.126,1276.000008,551.125885
53,28,1278.0,551.303,1278.0,551.303284
53,29,1280.0,551.564,1280.000015,551.564026
53,30,1282.0,552.002,1282.000015,552.001862
53,31,1284.0,552.566,1284.0,552.565613
53,32,1286.0,553.135,1286.0,553.135315
53,33,1288.0,553.479,1288.0,553.479065
53,34,1290.0,553.672,1290.0,553.672028
53,35,1296.857,553.838,1296.857147,553.838379
53,36,1303.714,554.039,1303.714294,554.039337
53,37,1311.714,554.666,1311.714294,554.665558
53,38,1318.429,555.174,1318.428574,555.174225
53,39,1322.714,555.213,1322.714294,555.21344
53,40,1327.0,555.009,1327.000015,555.009399
53,41,1329.0,554.265,1329.0,554.264862
53,42,1331.0,554.119,1331.000015,554.118713
53,43,1333.0,554.183,1333.000015,554.182739
53,44,1335.0,554.251,1335.000015,554.250671
53,45,1339.0,553.599,1339.0,553.599243
53,46,1345.0,552.46,1345.000015,552.459778
53,47,1351.0,551.311,1351.0,551.311066
53,48,1357.0,550.308,1357.000015,550.308472
53,49,1359.0,550.356,1359.000015,550.356049
53,50,1361.0,550.424,1361.000015,550.423859
53,51,1363.0,550.64,1363.000015,550.640137
53,52,1365.0,551.002,1365.0,551.002441
53,53,1367.0,551.445,1367.000015,551.444702
53,54,1369.0,551.848,1369.0,551.847809
53,55,1371.0,552.19,1371.000015,552.190308
53,56,1373.0,552.436,1373.000015,552.436401
53,57,1375.0,552.62,1375.000015,552.6203
53,58,1377.0,552.769,1377.000015,552.769257
53,59,1379.0,552.921,1379.0,552.921204
53,60,1381.0,553.117,1381.000015,553.116516
53,61,1383.0,553.372,1383.000015,553.372498
53,62,1385.0,553.66,1385.000015,553.660248
53,63,1387.0,553.94,1387.0,553.940094
53,64,1389.0,554.188,1389.000015,554.187622
53,65,1391.0,554.37,1391.000015,554.369568
53,66,1393.0,554.519,1393.0,554.519379
53,67,1395.0,554.672,1395.000015,554.67215
53,68,1397.0,554.854,1397.000015,554.853516
53,69,1399.0,555.047,1399.000015,555.04718
53,70,1401.0,555.237,1401.0,555.236786
53,71,1403.0,555.443,1403.000015,555.443115
53,72,1405.0,555.675,1405.000015,555.675476
53,73,1407.0,555.924,1407.000031,555.9245
53,74,1409.0,556.163,1409.0,556.162903
53,75,1411.0,556.355,1411.0,556.355438
53,76,1413.0,556.539,1413.000031,556.53894
53,77,1415.0,556.722,1415.0,556.72226
53,78,1417.0,556.884,1417.000031,556.883606
53,79,1419.0,556.977,1419.0,556.977356
53,80,1421.0,557.027,1421.000031,557.027191
53,81,1423.0,557.11,1423.0,557.109528
53,82,1424.857,557.248,1424.857147,557.24826
53,83,1426.143,557.388,1426.142853,557.387573
54,0,1224.857,545.298,1224.857147,545.297638
54,1,1226.143,545.758,1226.14286,545.757599
54,2,1228.0,546.328,1228.0,546.328156
54,3,1230.0,546.84,1230.0,546.839996
54,4,1232.0,547.381,1232.000008,547.381348
54,5,1242.286,549.417,1242.285713,549.41748
54,6,1252.571,551.532,1252.571434,551.532257
54,7,1266.857,554.818,1266.857155,554.818359
54,8,1277.0,557.102,1277.000008,557.102356
54,9,1283.0,558.44,1283.0,558.439758
54,10,1287.0,558.974,1287.000015,558.974213
54,11,1289.0,559.074,1289.000015,559.073792
54,12,1291.0,559.38,1291.0,559.380432
54,13,1293.0,559.651,1293.0,559.650543
54,14,1295.0,559.783,1295.0,559.783112
54,15,1297.0,559.793,1297.0,559.792725
54,16,1299.0,559.739,1299.0,559.738983
54,17,1301.0,559.561,1301.0,559.561035
54,18,1303.0,559.249,1303.000015,559.248688
54,19,1306.143,558.428,1306.142853,558.427887
54,20,1317.0,555.793,1317.000015,555.792511
54,21,1327.857,553.362,1327.857147,553.361725
54,22,1338.714,551.053,1338.71431,551.052582
54,23,1344.571,550.066,1344.571442,550.06601
54,24,1347.714,549.813,1347.714294,549.813019
54,25,1350.429,549.599,1350.428589,549.599365
55,0,1289.857,548.947,1289.857147,548.946808
55,1,1291.143,548.608,1291.142868,548.607513
55,2,1293.0,548.42,1293.0,548.420319
55,3,1295.0,548.679,1295.0,548.679443
55,4,1297.0,549.31,1297.0,549.30954
55,5,1299.0,549.982,1299.0,549.982147
55,6,1301.0,550.545,1301.0,550.544769
55,7,1303.0,551.005,1303.000015,551.00528
55,8,1305.0,551.592,1305.0,551.592163
55,9,1307.0,552.364,1307.0,552.363525
55,10,1310.714,553.962,1310.714294,553.96228
55,11,1314.429,555.695,1314.428589,555.695221
55,12,1318.143,557.015,1318.142853,557.014832
55,13,1322.857,557.715,1322.857162,557.715363
55,14,1328.571,557.906,1328.571426,557.905579
55,15,1334.286,558.034,1334.285736,558.033691
55,16,1340.0,558.215,1340.000015,558.214905
55,17,1342.0,558.196,1342.000015,558.19635
55,18,1344.0,558.076,1344.0,558.075867
55,19,1346.857,557.972,1346.857162,557.971649
55,20,1349.714,557.928,1349.714279,557.927979
55,21,1352.571,557.891,1352.571442,557.890594
55,22,1354.857,557.808,1354.857132,557.808289
55,23,1356.143,557.767,1356.142853,557.767029
56,0,1150.857,563.281,1150.857143,563.280945
56,1,1152.143,563.291,1152.142857,563.291473
56,2,1154.0,563.287,1154.0,563.286774
56,3,1156.0,563.249,1156.0,563.248627
56,4,1158.0,563.166,1158.0,563.16626
56,5,1160.0,563.052,1160.000001,563.051971
56,6,1162.0,562.902,1162.000001,562.90213
56,7,1164.0,562.69,1164.000001,562.689545
56,8,1166.0,562.412,1166.0,562.412231
56,9,1168.0,562.093,1168.000002,562.093262
56,10,1170.0,561.694,1170.000002,561.693756
56,11,1172.0,561.144,1172.0,561.14389
56,12,1174.0,560.466,1174.000002,560.466339
56,13,1176.0,559.815,1176.0,559.814728
56,14,1178.0,559.381,1178.000002,559.38092
56,15,1180.0,559.219,1180.000002,559.218597
56,16,1182.0,559.23,1182.000004,559.230011
56,17,1184.0,559.334,1184.0,559.334167
56,18,1186.0,559.484,1186.000004,559.484009
56,19,1188.0,559.7,1188.0,559.699768
56,20,1190.0,560.072,1190.000004,560.07196
56,21,1192.0,560.524,1192.000004,560.523682
56,22,1194.0,560.948,1194.000004,560.947693
56,23,1196.0,561.156,1196.0,561.156128
56,24,1198.0,561.031,1198.0,561.03064
56,25,1200.0,560.77,1200.000004,560.770294
56,26,1202.0,560.57,1202.000004,560.569763
56,27,1204.0,560.51,1204.0,560.509766
56,28,1206.0,560.569,1206.000004,560.568787
56,29,1208.0,560.627,1208.000004,560.627075
56,30,1210.0,560.58,1210.000004,560.579681
56,31,1212.0,560.359,1212.0,560.359497
56,32,1214.0,560.134,1214.0,560.133545
56,33,1216.0,560.067,1216.0,560.067383
56,34,1218.0,560.238,1218.0,560.238495
56,35,1220.0,560.519,1220.0,560.519196
56,36,1222.0,560.528,1222.000008,560.527618
56,37,1224.857,559.408,1224.857147,559.407593
56,38,1237.286,552.552,1237.285721,552.552002
56,39,1251.0,544.739,1251.0,544.738708
56,40,1264.714,537.547,1264.714287,537.547302
56,41,1273.0,533.811,1273.000008,533.811005
56,42,1275.0,534.289,1275.000008,534.288971
56,43,1277.0,534.821,1277.0,534.821411
56,44,1279.0,535.443,1279.0,535.442596
56,45,1281.0,536.137,1281.0,536.136688
56,46,1284.714,537.644,1284.714294,537.64444
56,47,1288.429,538.846,1288.428574,538.845886
56,48,1292.143,539.851,1292.142868,539.851135
56,49,1295.0,540.271,1295.0,540.271179
56,50,1297.0,540.303,1297.0,540.303253
56,51,1299.0,540.315,1299.0,540.315002
56,52,1301.0,540.267,1301.0,540.266968
56,53,1303.0,540.176,1303.000015,540.175812
56,54,1305.0,540.034,1305.0,540.033936
56,55,1307.0,539.787,1307.0,539.78714
56,56,1309.0,539.442,1309.0,539.441742
56,57,1311.0,539.085,1311.000015,539.084717
56,58,1317.571,538.492,1317.571426,538.492401
56,59,1324.143,538.07,1324.142868,538.070038
56,60,1330.714,537.781,1330.714294,537.780701
56,61,1335.0,537.733,1335.000015,537.732788
56,62,1337.0,537.898,1337.0,537.898193
56,63,1339.0,537.968,1339.000015,537.968262
56,64,1342.286,537.688,1342.285706,537.687775
56,65,1346.429,537.155,1346.428574,537.154633
57,0,1224.857,578.836,1224.857147,578.835876
57,1,1226.143,578.527,1226.14286,578.527069
57,2,1228.0,577.949,1228.0,577.948914
57,3,1232.429,576.016,1232.428574,576.015778
57,4,1239.286,573.23,1239.285713,573.229736
57,5,1246.143,570.602,1246.142868,570.602448
57,6,1253.0,567.803,1253.000008,567.803253
57,7,1255.0,567.072,1255.000008,567.071686
57,8,1257.0,566.023,1257.0,566.022522
57,9,1259.0,564.786,1259.000008,564.786255
57,10,1261.0,563.661,1261.000008,563.660767
57,11,1263.0,562.695,1263.0,562.694519
57,12,1265.0,561.925,1265.0,561.924805
57,13,1269.286,560.985,1269.285721,560.984619
57,14,1273.571,560.426,1273.571434,560.425873
57,15,1277.857,559.922,1277.857147,559.921783
57,16,1288.429,559.881,1288.428574,559.881439
57,17,1297.857,560.137,1297.857147,560.136963
57,18,1307.286,560.322,1307.285721,560.321777
57,19,1313.0,560.484,1313.0,560.483948
57,20,1318.429,560.321,1318.428589,560.32132
57,21,1323.857,560.119,1323.857147,560.118896
57,22,1329.286,559.891,1329.285736,559.89093
57,23,1336.714,559.381,1336.71431,559.380615
57,24,1343.429,558.829,1343.428574,558.828888
57,25,1351.143,558.274,1351.142868,558.273621
57,26,1357.0,558.083,1357.000015,558.083313
57,27,1361.0,558.158,1361.000015,558.157898
57,28,1363.0,558.411,1363.000015,558.410797
57,29,1365.0,558.699,1365.0,558.698822
57,30,1367.0,559.033,1367.000015,559.032898
57,31,1369.0,559.351,1369.0,559.351013
57,32,1371.0,559.62,1371.000015,559.619873
57,33,1373.0,559.796,1373.000015,559.796387
57,34,1375.0,559.884,1375.000015,559.884491
57,35,1377.0,559.956,1377.000015,559.956055
57,36,1379.0,560.07,1379.0,560.069885
57,37,1381.0,560.247,1381.000015,560.246704
57,38,1383.0,560.459,1383.000015,560.458649
57,39,1385.0,560.681,1385.000015,560.681396
57,40,1387.0,560.886,1387.0,560.886108
57,41,1389.0,561.085,1389.000015,561.085327
57,42,1391.0,561.266,1391.000015,561.265564
57,43,1393.0,561.398,1393.0,561.397827
57,44,1395.0,561.476,1395.000015,561.476013
57,45,1397.0,561.508,1397.000015,561.507843
57,46,1399.0,561.514,1399.000015,561.514496
57,47,1401.0,561.521,1401.0,561.520844
57,48,1403.0,561.533,1403.000015,561.532684
57,49,1405.0,561.545,1405.000015,561.544983
57,50,1407.0,561.554,1407.000031,561.553558
57,51,1409.0,561.554,1409.0,561.55426
57,52,1411.0,561.544,1411.0,561.543518
57,53,1413.0,561.516,1413.000031,561.516418
57,54,1415.0,561.478,1415.0,561.477753
57,55,1417.0,561.439,1417.000031,561.438721
57,56,1419.0,561.401,1419.0,561.400848
57,57,1421.0,561.361,1421.000031,561.360565
57,58,1423.0,561.315,1423.0,561.315155
57,59,1425.0,561.285,1425.0,561.284515
57,60,1427.0,561.304,1427.000031,561.303802
57,61,1429.0,561.391,1429.0,561.390717
57,62,1431.0,561.522,1431.000031,561.522064
57,63,1433.0,561.687,1433.0,561.686646
57,64,1435.0,561.878,1435.000031,561.877625
57,65,1437.0,562.099,1437.0,562.099182
57,66,1439.0,562.3,1439.0,562.299988
57,67,1441.0,562.416,1441.000031,562.415649
57,68,1443.0,562.419,1443.0,562.418976
57,69,1445.0,562.339,1445.000031,562.339233
57,70,1447.0,562.241,1447.0,562.241425
57,71,1449.0,562.178,1449.000031,562.178345
57,72,1451.0,562.206,1451.0,562.206299
57,73,1453.0,562.322,1453.000031,562.322357
57,74,1455.0,562.484,1455.0,562.484497
57,75,1457.0,562.644,1457.0,562.643677
57,76,1459.0,562.736,1459.000031,562.735901
57,77,1461.0,562.779,1461.0,562.779419
57,78,1463.0,562.781,1463.000031,562.781097
57,79,1465.0,562.762,1465.0,562.762238
57,80,1467.0,562.749,1467.000031,562.74939
57,81,1469.0,562.753,1469.0,562.753235
57,82,1471.0,562.779,1471.0,562.77887
57,83,1473.0,562.822,1473.000031,562.822174
57,84,1475.0,562.866,1475.0,562.866425
57,85,1477.0,562.892,1477.000031,562.891785
57,86,1479.0,562.862,1479.0,562.861633
57,87,1481.0,562.757,1481.000031,562.756989
57,88,1483.0,562.607,1483.0,562.607239
57,89,1485.0,562.569,1485.0,562.569366
57,90,1487.0,562.84,1487.000031,562.839813
57,91,1489.0,563.209,1489.0,563.208527
57,92,1491.0,563.585,1491.000031,563.5849
57,93,1493.0,563.729,1493.000031,563.729492
57,94,1495.0,563.73,1495.000031,563.730377
57,95,1497.0,563.706,1497.0,563.706238
57,96,1499.0,563.666,1499.0,563.665802
57,97,1501.0,563.58,1501.000031,563.57962
57,98,1503.0,563.434,1503.0,563.43396
57,99,1505.0,563.26,1505.000031,563.260376
57,100,1507.0,563.081,1507.000031,563.081451
57,101,1509.0,562.947,1509.000031,562.947388
57,102,1511.0,562.851,1511.0,562.85141
57,103,1513.0,562.792,1513.0,562.791931
57,104,1515.0,562.747,1515.000031,562.746643
57,105,1517.0,562.679,1517.000031,562.678894
57,106,1519.0,562.582,1519.0,562.582489
57,107,1521.0,562.492,1521.000031,562.492371
57,108,1523.0,562.441,1523.000031,562.440979
57,109,1525.0,562.464,1525.0,562.463593
57,110,1527.0,562.561,1527.0,562.560974
57,111,1529.0,562.708,1529.000031,562.707947
57,112,1531.0,562.869,1531.000031,562.869415
57,113,1533.0,562.996,1533.0,562.99646
57,114,1535.0,563.115,1535.000031,563.114807
57,115,1537.0,563.256,1537.000031,563.256409
57,116,1539.0,563.408,1539.0,563.407806
57,117,1541.0,563.557,1541.0,563.557007
57,118,1543.0,563.694,1543.000031,563.694427
57,119,1545.0,563.814,1545.000031,563.814301
57,120,1547.0,563.879,1547.0,563.879425
57,121,1549.0,563.84,1549.000031,563.840332
57,122,1551.0,563.726,1551.000031,563.725677
57,123,1553.0,563.618,1553.0,563.61792
57,124,1555.0,563.584,1555.0,563.58432
57,125,1557.0,563.622,1557.000031,563.622192
57,126,1559.0,563.687,1559.000031,563.687073
57,127,1561.0,563.749,1561.0,563.749481
57,128,1563.0,563.804,1563.000031,563.804413
57,129,1565.0,563.865,1565.000031,563.865448
57,130,1567.0,563.936,1567.0,563.935974
57,131,1569.0,564.002,1569.0,564.001587
57,132,1571.0,564.049,1571.000031,564.048553
57,133,1573.0,564.061,1573.000031,564.060608
57,134,1575.0,564.058,1575.0,564.058014
57,135,1577.0,564.067,1577.000031,564.067444
57,136,1579.0,564.102,1579.000031,564.102417
57,137,1581.0,564.172,1581.000031,564.172455
57,138,1583.0,564.259,1583.0,564.259491
57,139,1585.0,564.338,1585.000031,564.338104
57,140,1587.0,564.395,1587.000031,564.39505
57,141,1589.0,564.429,1589.0,564.428802
57,142,1591.0,564.446,1591.000031,564.446106
57,143,1593.0,564.447,1593.000031,564.447083
57,144,1595.0,564.426,1595.000031,564.425903
57,145,1597.0,564.376,1597.0,564.376221
57,146,1599.0,564.315,1599.000031,564.31488
57,147,1601.0,564.265,1601.000031,564.264954
57,148,1603.0,564.237,1603.0,564.237244
57,149,1605.0,564.239,1605.000031,564.238586
57,150,1607.0,564.261,1607.000031,564.261139
57,151,1609.0,564.299,1609.000031,564.299225
57,152,1611.0,564.355,1611.0,564.354858
57,153,1613.0,564.418,1613.000031,564.418152
57,154,1615.0,564.487,1615.000031,564.487213
57,155,1617.0,564.571,1617.0,564.571289
57,156,1619.0,564.658,1619.000031,564.657532
57,157,1621.0,564.714,1621.000031,564.713654
57,158,1623.0,564.734,1623.000031,564.734344
57,159,1625.0,564.747,1625.0,564.746552
57,160,1627.0,564.793,1627.000031,564.792786
57,161,1629.0,564.878,1629.000031,564.87796
57,162,1631.0,564.946,1631.0,564.946045
57,163,1633.0,564.957,1633.000031,564.957031
57,164,1635.0,564.938,1635.000031,564.937836
57,165,1637.0,564.961,1637.000031,564.960754
57,166,1639.0,565.07,1639.0,565.069885
57,167,1641.0,565.222,1641.000031,565.221619
57,168,1643.0,565.347,1643.000031,565.346954
57,169,1645.0,565.417,1645.0,565.416626
57,170,1647.0,565.457,1647.000031,565.456573
57,171,1649.0,565.511,1649.000031,565.511353
57,172,1651.0,565.592,1651.000031,565.592041
57,173,1653.0,565.669,1653.0,565.668976
57,174,1655.0,565.668,1655.000031,565.667847
57,175,1657.0,565.586,1657.000031,565.585968
57,176,1659.0,565.475,1659.0,565.475098
57,177,1661.0,565.455,1661.000031,565.454742
57,178,1663.0,565.616,1663.0,565.615997
57,179,1665.0,565.871,1665.000061,565.871033
57,180,1667.0,566.16,1667.0,566.159698
57,181,1669.0,566.417,1669.0,566.417328
57,182,1671.0,566.894,1671.000061,566.894226
57,183,1673.0,567.65,1673.0,567.650269
57,184,1675.0,568.518,1675.0,568.517883
57,185,1677.0,569.239,1677.000061,569.238617
57,186,1679.0,569.505,1679.000061,569.505035
57,187,1681.0,569.373,1681.0,569.373352
57,188,1683.0,568.946,1683.0,568.945618
57,189,1685.0,568.465,1685.000061,568.465149
57,190,1687.0,568.091,1687.0,568.090942
57,191,1689.0,567.906,1689.0,567.90625
57,192,1691.0,567.885,1691.000061,567.885284
57,193,1693.0,567.661,1693.000061,567.660919
57,194,1695.0,567.209,1695.0,567.20932
57,195,1697.0,566.701,1697.0,566.700684
57,196,1699.0,566.286,1699.000061,566.286377
57,197,1701.0,566.192,1701.0,566.191681
57,198,1702.857,566.18,1702.857178,566.180237
57,199,1704.143,566.18,1704.142883,566.18042
58,0,1212.857,593.354,1212.857143,593.35376
58,1,1214.143,593.254,1214.14286,593.253876
58,2,1216.0,593.218,1216.0,593.218109
58,3,1219.714,593.801,1219.714287,593.80069
58,4,1223.429,594.66,1223.428574,594.660339
58,5,1227.143,595.685,1227.142853,595.684937
58,6,1230.143,596.591,1230.14286,596.591217
58,7,1232.429,596.691,1232.428574,596.691071
58,8,1234.714,596.59,1234.714287,596.590027
58,9,1237.0,596.346,1237.000008,596.345612
58,10,1239.0,596.005,1239.000008,596.005005
58,11,1241.0,595.079,1241.000008,595.079041
58,12,1243.0,593.965,1243.0,593.965271
58,13,1250.143,588.823,1250.142868,588.822876
58,14,1262.429,580.746,1262.428574,580.745972
58,15,1274.714,573.065,1274.714287,573.065033
58,16,1288.143,565.599,1288.142868,565.598694
58,17,1292.429,565.739,1292.428574,565.739044
58,18,1297.429,565.703,1297.428574,565.703033
58,19,1303.143,565.803,1303.142853,565.802551
58,20,1306.571,565.906,1306.571426,565.905914
58,21,1310.0,566.071,1310.000015,566.07132
58,22,1312.0,566.222,1312.0,566.221954
58,23,1314.0,566.329,1314.0,566.328949
58,24,1316.0,566.435,1316.0,566.435242
58,25,1318.0,566.549,1318.000015,566.549011
58,26,1320.0,566.556,1320.000015,566.555756
58,27,1322.0,566.34,1322.0,566.339844
58,28,1324.0,566.063,1324.000015,566.063477
58,29,1326.0,565.775,1326.0,565.775208
58,30,1331.714,564.704,1331.714294,564.704498
58,31,1337.429,563.898,1337.428574,563.898224
58,32,1343.143,563.124,1343.142868,563.123749
58,33,1346.857,562.794,1346.857162,562.794281
58,34,1348.143,562.76,1348.142868,562.759857
59,0,1150.857,571.149,1150.857143,571.1492
59,1,1152.143,571.046,1152.142857,571.045685
59,2,1154.0,570.936,1154.0,570.935669
59,3,1156.0,570.85,1156.0,570.849854
59,4,1158.0,570.798,1158.0,570.797913
59,5,1160.0,570.729,1160.000001,570.728851
59,6,1162.0,570.604,1162.000001,570.604431
59,7,1164.0,570.422,1164.000001,570.421722
59,8,1166.0,570.22,1166.0,570.220154
59,9,1168.0,570.041,1168.000002,570.040863
59,10,1170.0,569.93,1170.000002,569.929962
59,11,1172.0,569.887,1172.0,569.886993
59,12,1174.0,569.887,1174.000002,569.886597
59,13,1176.0,569.901,1176.0,569.901062
59,14,1178.0,569.914,1178.000002,569.913757
59,15,1180.0,569.922,1180.000002,569.922455
59,16,1182.0,569.934,1182.000004,569.934143
59,17,1184.0,569.958,1184.0,569.958221
59,18,1186.0,569.989,1186.000004,569.989136
59,19,1188.0,570.007,1188.0,570.006958
59,20,1190.0,569.998,1190.000004,569.997711
59,21,1192.0,569.964,1192.000004,569.964417
59,22,1194.0,569.926,1194.000004,569.925812
59,23,1196.0,569.896,1196.0,569.89624
59,24,1198.0,569.879,1198.0,569.878784
59,25,1200.0,569.871,1200.000004,569.870911
59,26,1202.0,569.875,1202.000004,569.874573
59,27,1204.0,569.891,1204.0,569.890656
59,28,1206.0,569.919,1206.000004,569.918732
59,29,1208.0,569.965,1208.000004,569.96524
59,30,1210.0,570.029,1210.000004,570.02887
59,31,1212.0,570.092,1212.0,570.091919
59,32,1214.0,570.117,1214.0,570.117126
59,33,1216.0,570.101,1216.0,570.10144
59,34,1218.0,570.147,1218.0,570.147278
59,35,1221.857,568.7,1221.857147,568.700317
59,36,1225.429,567.267,1225.428574,567.266846
59,37,1228.714,565.796,1228.714287,565.795868
59,38,1230.714,565.565,1230.714294,565.565308
59,39,1231.714,565.33,1231.714287,565.330109
59,40,1232.857,564.523,1232.857147,564.523163
59,41,1234.286,563.912,1234.285713,563.911591
59,42,1236.0,563.45,1236.0,563.450165
59,43,1238.0,563.08,1238.000008,563.080048
59,44,1240.0,563.246,1240.0,563.246277
59,45,1242.0,563.029,1242.0,563.029083
59,46,1244.0,562.618,1244.000008,562.618347
59,47,1246.0,562.165,1246.000008,562.164673
59,48,1248.0,561.997,1248.000008,561.996674
59,49,1264.286,562.7,1264.285713,562.699951
59,50,1294.857,564.196,1294.857147,564.196472
59,51,1325.429,565.856,1325.428574,565.855896
59,52,1356.0,567.31,1356.000015,567.309845
59,53,1358.0,567.787,1358.0,567.787476
59,54,1360.0,568.067,1360.000015,568.066589
59,55,1362.0,568.277,1362.0,568.276794
59,56,1364.0,568.477,1364.000015,568.476959
59,57,1366.0,568.666,1366.000015,568.666351
59,58,1368.0,568.822,1368.000015,568.821625
59,59,1370.0,568.934,1370.000015,568.933899
59,60,1372.0,569.021,1372.0,569.020691
59,61,1374.0,569.1,1374.000015,569.099762
59,62,1376.0,569.184,1376.000015,569.184174
59,63,1378.0,569.282,1378.000015,569.282013
59,64,1380.0,569.396,1380.0,569.395813
59,65,1382.0,569.521,1382.000015,569.52121
59,66,1384.0,569.652,1384.000015,569.651764
59,67,1386.0,569.782,1386.0,569.782379
59,68,1388.0,569.918,1388.000015,569.917847
59,69,1390.0,570.067,1390.000015,570.066711
59,70,1392.0,570.226,1392.000015,570.226105
59,71,1394.0,570.38,1394.0,570.380219
59,72,1396.0,570.51,1396.000015,570.510345
59,73,1398.0,570.609,1398.000015,570.608978
59,74,1400.0,570.678,1400.0,570.677673
59,75,1402.0,570.726,1402.000015,570.725891
59,76,1404.0,570.767,1404.000015,570.766724
59,77,1406.0,570.818,1406.000031,570.817719
59,78,1408.0,570.89,1408.0,570.889893
59,79,1410.0,570.979,1410.000031,570.978699
59,80,1412.0,571.066,1412.0,571.066071
59,81,1414.0,571.14,1414.000031,571.140442
59,82,1416.0,571.207,1416.0,571.206512
59,83,1418.0,571.276,1418.0,571.275665
59,84,1420.0,571.355,1420.000031,571.355499
59,85,1422.0,571.442,1422.0,571.441559
59,86,1424.0,571.527,1424.000031,571.526733
59,87,1426.0,571.611,1426.0,571.611023
59,88,1428.0,571.699,1428.000031,571.698853
59,89,1430.0,571.792,1430.0,571.791565
59,90,1432.0,571.884,1432.0,571.883911
59,91,1434.0,571.972,1434.000031,571.971832
59,92,1436.0,572.054,1436.0,572.054291
59,93,1438.0,572.129,1438.000031,572.129456
59,94,1440.0,572.196,1440.0,572.196136
59,95,1442.0,572.26,1442.000031,572.260315
59,96,1444.0,572.33,1444.0,572.330109
59,97,1446.0,572.407,1446.0,572.406555
59,98,1448.0,572.478,1448.000031,572.478485
59,99,1450.0,572.53,1450.0,572.529602
59,100,1452.0,572.554,1452.000031,572.554443
59,101,1454.0,572.563,1454.0,572.563385
59,102,1456.0,572.571,1456.000031,572.571259
59,103,1458.0,572.589,1458.0,572.588959
59,104,1460.0,572.617,1460.000031,572.617249
59,105,1462.0,572.651,1462.0,572.65094
59,106,1464.0,572.688,1464.0,572.688354
59,107,1466.0,572.732,1466.000031,572.731995
59,108,1468.0,572.79,1468.0,572.789642
59,109,1470.0,572.866,1470.000031,572.866364
59,110,1472.0,572.953,1472.0,572.953217
59,111,1474.0,573.031,1474.000031,573.030853
59,112,1476.0,573.08,1476.0,573.080231
59,113,1478.0,573.099,1478.0,573.098572
59,114,1480.0,573.103,1480.000031,573.10318
59,115,1482.0,573.12,1482.0,573.120392
59,116,1484.0,573.174,1484.000031,573.174164
59,117,1486.0,573.272,1486.0,573.272278
59,118,1488.0,573.394,1488.000031,573.394318
59,119,1490.0,573.509,1490.0,573.508606
59,120,1492.0,573.592,1492.0,573.592041
59,121,1494.0,573.641,1494.000031,573.64093
59,122,1496.0,573.672,1496.0,573.671509
59,123,1498.0,573.699,1498.000031,573.698517
59,124,1500.0,573.735,1500.000031,573.734924
59,125,1502.0,573.786,1502.000031,573.785828
59,126,1504.0,573.843,1504.0,573.842712
59,127,1506.0,573.891,1506.0,573.891235
59,128,1508.0,573.92,1508.000031,573.92038
59,129,1510.0,573.935,1510.000031,573.934875
59,130,1512.0,573.952,1512.0,573.951965
59,131,1514.0,573.982,1514.000031,573.982208
59,132,1516.0,574.026,1516.000031,574.026154
59,133,1518.0,574.075,1518.0,574.075043
59,134,1520.0,574.118,1520.0,574.118256
59,135,1522.0,574.153,1522.000031,574.152924
59,136,1524.0,574.18,1524.000031,574.179504
59,137,1526.0,574.199,1526.0,574.199249
59,138,1528.0,574.215,1528.000031,574.21524
59,139,1530.0,574.23,1530.000031,574.229553
59,140,1532.0,574.247,1532.0,574.246552
59,141,1534.0,574.275,1534.0,574.274841
59,142,1536.0,574.319,1536.000031,574.318756
59,143,1538.0,574.379,1538.000031,574.378906
59,144,1540.0,574.452,1540.0,574.452454
59,145,1542.0,574.532,1542.000031,574.531982
59,146,1544.0,574.611,1544.000031,574.610992
59,147,1546.0,574.684,1546.0,574.683594
59,148,1548.0,574.75,1548.0,574.75
59,149,1550.0,574.814,1550.000031,574.813843
59,150,1552.0,574.877,1552.000031,574.876953
59,151,1554.0,574.938,1554.0,574.938171
59,152,1556.0,574.995,1556.000031,574.995392
59,153,1558.0,575.049,1558.000031,575.049286
59,154,1560.0,575.099,1560.0,575.098663
59,155,1562.0,575.142,1562.0,575.142273
59,156,1564.0,575.186,1564.000031,575.186432
59,157,1566.0,575.24,1566.000031,575.239624
59,158,1568.0,575.301,1568.0,575.300873
59,159,1570.0,575.364,1570.000031,575.363525
59,160,1572.0,575.423,1572.000031,575.422668
59,161,1574.0,575.477,1574.0,575.476654
59,162,1576.0,575.532,1576.0,575.532074
59,163,1578.0,575.591,1578.000031,575.59079
59,164,1580.0,575.648,1580.000031,575.648376
59,165,1582.0,575.701,1582.0,575.700989
59,166,1584.0,575.744,1584.000031,575.743561
59,167,1586.0,575.776,1586.000031,575.775879
59,168,1588.0,575.802,1588.000031,575.802063
59,169,1590.0,575.825,1590.0,575.824646
59,170,1592.0,575.845,1592.000031,575.844757
59,171,1594.0,575.868,1594.000031,575.867737
59,172,1596.0,575.901,1596.0,575.901428
59,173,1598.0,575.949,1598.000031,575.948578
59,174,1600.0,576.001,1600.000031,576.001465
59,175,1602.0,576.049,1602.000031,576.0495
59,176,1604.0,576.089,1604.0,576.088837
59,177,1606.0,576.122,1606.000031,576.122498
59,178,1608.0,576.154,1608.000031,576.154205
59,179,1610.0,576.187,1610.0,576.186584
59,180,1612.0,576.225,1612.000031,576.224762
59,181,1614.0,576.275,1614.000031,576.274902
59,182,1616.0,576.338,1616.000031,576.338013
59,183,1618.0,576.412,1618.0,576.411591
59,184,1620.0,576.487,1620.000031,576.48703
59,185,1622.0,576.561,1622.000031,576.561005
59,186,1624.0,576.631,1624.0,576.631287
59,187,1626.0,576.695,1626.000031,576.695068
59,188,1628.0,576.752,1628.000031,576.75238
59,189,1630.0,576.804,1630.000031,576.803986
59,190,1632.0,576.85,1632.0,576.849701
59,191,1634.0,576.885,1634.000031,576.885498
59,192,1636.0,576.905,1636.000031,576.904724
59,193,1638.0,576.907,1638.0,576.907288
59,194,1640.0,576.901,1640.000031,576.900604
59,195,1642.0,576.896,1642.000031,576.895721
59,196,1644.0,576.905,1644.000031,576.905121
59,197,1646.0,576.936,1646.0,576.935699
59,198,1648.0,576.984,1648.000031,576.984375
59,199,1650.0,577.045,1650.000031,577.045013
59,200,1652.0,577.113,1652.0,577.11319
59,201,1654.0,577.192,1654.000031,577.192261
59,202,1656.0,577.294,1656.000031,577.293945
59,203,1658.0,577.413,1658.000031,577.412842
59,204,1660.0,577.533,1660.0,577.533173
59,205,1662.0,577.633,1662.0,577.633301
59,206,1664.0,577.691,1664.0,577.690796
59,207,1666.0,577.708,1666.0,577.707611
59,208,1668.0,577.688,1668.0,577.687775
59,209,1670.0,577.64,1670.000061,577.639557
59,210,1672.0,577.537,1672.000061,577.53653
59,211,1674.0,577.368,1674.0,577.367889
59,212,1676.0,577.3,1676.0,577.300385
59,213,1678.0,577.382,1678.000061,577.381989
59,214,1680.0,577.678,1680.0,577.677673
59,215,1682.0,578.053,1682.0,578.052704
59,216,1684.0,578.313,1684.000061,578.312805
59,217,1686.0,578.446,1686.000061,578.446259
59,218,1688.0,578.474,1688.0,578.474487
59,219,1690.0,578.486,1690.0,578.485596
59,220,1692.0,578.532,1692.000061,578.532074
59,221,1694.0,578.612,1694.0,578.611969
59,222,1696.0,578.699,1696.0,578.698547
59,223,1698.0,578.763,1698.000061,578.762878
59,224,1700.0,578.797,1700.000061,578.796997
59,225,1702.0,578.807,1702.0,578.807159
59,226,1703.571,578.804,1703.571411,578.804047
60,0,1171.857,577.315,1171.857145,577.315094
60,1,1173.143,577.208,1173.142859,577.208282
60,2,1175.0,577.085,1175.000002,577.085236
60,3,1177.0,577.008,1177.000002,577.007751
60,4,1179.0,576.984,1179.000002,576.983826
60,5,1181.0,576.991,1181.000002,576.991486
60,6,1183.0,577.008,1183.000004,577.007812
60,7,1185.0,577.03,1185.0,577.029633
60,8,1187.0,577.06,1187.0,577.059509
60,9,1189.0,577.089,1189.0,577.089386
60,10,1191.0,577.106,1191.0,577.105652
60,11,1193.0,577.099,1193.000004,577.099426
60,12,1195.0,577.066,1195.0,577.066132
60,13,1197.0,577.001,1197.0,577.001373
60,14,1199.0,576.906,1199.000004,576.905701
60,15,1201.0,576.794,1201.000004,576.794464
60,16,1203.0,576.693,1203.0,576.693054
60,17,1205.0,576.606,1205.0,576.605743
60,18,1207.0,576.475,1207.000004,576.474518
60,19,1209.0,576.242,1209.000004,576.241699
60,20,1211.0,575.849,1211.0,575.849091
60,21,1215.0,574.867,1215.0,574.86676
60,22,1219.0,573.98,1219.0,573.980103
60,23,1223.0,573.181,1223.000008,573.180603
60,24,1227.571,573.433,1227.571434,573.433105
60,25,1232.714,574.33,1232.714294,574.330078
60,26,1269.286,575.424,1269.285721,575.424072
60,27,1305.857,576.526,1305.857147,576.526428
60,28,1339.286,576.665,1339.285721,576.664642
60,29,1357.0,576.892,1357.000015,576.892181
60,30,1359.0,577.016,1359.000015,577.016357
60,31,1361.0,577.119,1361.000015,577.118622
60,32,1363.0,577.193,1363.000015,577.192566
60,33,1365.0,577.247,1365.0,577.246521
60,34,1367.0,577.294,1367.000015,577.294312
60,35,1369.0,577.343,1369.0,577.342743
60,36,1371.0,577.396,1371.000015,577.396362
60,37,1373.0,577.461,1373.000015,577.461395
60,38,1375.0,577.536,1375.000015,577.536499
60,39,1377.0,577.612,1377.000015,577.612427
60,40,1379.0,577.679,1379.0,577.679077
60,41,1381.0,577.734,1381.000015,577.734161
60,42,1383.0,577.783,1383.000015,577.783386
60,43,1385.0,577.833,1385.000015,577.83252
60,44,1387.0,577.881,1387.0,577.880737
60,45,1389.0,577.923,1389.000015,577.923279
60,46,1391.0,577.957,1391.000015,577.95694
60,47,1393.0,577.978,1393.0,577.978058
60,48,1395.0,577.985,1395.000015,577.985474
60,49,1397.0,577.984,1397.000015,577.983948
60,50,1399.0,577.979,1399.000015,577.97934
60,51,1401.0,577.978,1401.0,577.977905
60,52,1403.0,577.984,1403.000015,577.983704
60,53,1405.0,577.997,1405.000015,577.997375
60,54,1407.0,578.022,1407.000031,578.021759
60,55,1409.0,578.059,1409.0,578.059143
60,56,1411.0,578.105,1411.0,578.105011
60,57,1413.0,578.151,1413.000031,578.150665
60,58,1415.0,578.194,1415.0,578.194122
60,59,1417.0,578.244,1417.000031,578.243774
60,60,1419.0,578.312,1419.0,578.311584
60,61,1421.0,578.403,1421.000031,578.403259
60,62,1423.0,578.51,1423.0,578.510315
60,63,1425.0,578.619,1425.0,578.618805
60,64,1427.0,578.718,1427.000031,578.71759
60,65,1429.0,578.8,1429.0,578.799744
60,66,1431.0,578.86,1431.000031,578.859924
60,67,1433.0,578.896,1433.0,578.895569
60,68,1435.0,578.912,1435.000031,578.912201
60,69,1437.0,578.922,1437.0,578.921997
60,70,1439.0,578.937,1439.0,578.936859
60,71,1441.0,578.96,1441.000031,578.959869
60,72,1443.0,578.987,1443.0,578.987396
60,73,1445.0,579.02,1445.000031,579.019592
60,74,1447.0,579.062,1447.0,579.062042
60,75,1449.0,579.12,1449.000031,579.120026
60,76,1451.0,579.197,1451.0,579.196564
60,77,1453.0,579.292,1453.000031,579.291656
60,78,1455.0,579.399,1455.0,579.399048
60,79,1457.0,579.5,1457.0,579.500488
60,80,1459.0,579.582,1459.000031,579.581848
60,81,1461.0,579.642,1461.0,579.642395
60,82,1463.0,579.692,1463.000031,579.691864
60,83,1465.0,579.738,1465.0,579.737885
60,84,1467.0,579.78,1467.000031,579.780212
60,85,1469.0,579.821,1469.0,579.820801
60,86,1471.0,579.864,1471.0,579.863831
60,87,1473.0,579.912,1473.000031,579.911957
60,88,1475.0,579.96,1475.0,579.960175
60,89,1477.0,580.002,1477.000031,580.001831
60,90,1479.0,580.035,1479.0,580.035309
60,91,1481.0,580.06,1481.000031,580.060059
60,92,1483.0,580.082,1483.0,580.082306
60,93,1485.0,580.122,1485.0,580.122223
60,94,1487.0,580.196,1487.000031,580.195557
60,95,1489.0,580.295,1489.0,580.294983
60,96,1491.0,580.394,1491.000031,580.39389
60,97,1493.0,580.468,1493.000031,580.467865
60,98,1495.0,580.513,1495.000031,580.513458
60,99,1497.0,580.542,1497.0,580.542175
60,100,1499.0,580.561,1499.0,580.561279
60,101,1501.0,580.571,1501.000031,580.571045
60,102,1503.0,580.574,1503.0,580.574036
60,103,1505.0,580.576,1505.000031,580.576477
60,104,1507.0,580.586,1507.000031,580.586487
60,105,1509.0,580.609,1509.000031,580.609222
60,106,1511.0,580.643,1511.0,580.643036
60,107,1513.0,580.684,1513.0,580.683899
60,108,1515.0,580.731,1515.000031,580.731293
60,109,1517.0,580.79,1517.000031,580.789734
60,110,1519.0,580.86,1519.0,580.860352
60,111,1521.0,580.935,1521.000031,580.935089
60,112,1523.0,581.003,1523.000031,581.002502
60,113,1525.0,581.054,1525.0,581.054474
60,114,1527.0,581.094,1527.0,581.094025
60,115,1529.0,581.129,1529.000031,581.12915
60,116,1531.0,581.172,1531.000031,581.171692
60,117,1533.0,581.235,1533.0,581.235413
60,118,1535.0,581.322,1535.000031,581.321869
60,119,1537.0,581.422,1537.000031,581.421692
60,120,1539.0,581.517,1539.0,581.516724
60,121,1541.0,581.593,1541.0,581.592651
60,122,1543.0,581.651,1543.000031,581.650543
60,123,1545.0,581.694,1545.000031,581.693939
60,124,1547.0,581.728,1547.0,581.72757
60,125,1549.0,581.758,1549.000031,581.758148
60,126,1551.0,581.791,1551.000031,581.790558
60,127,1553.0,581.828,1553.0,581.828278
60,128,1555.0,581.871,1555.0,581.871277
60,129,1557.0,581.914,1557.000031,581.913788
60,130,1559.0,581.952,1559.000031,581.951752
60,131,1561.0,581.986,1561.0,581.985687
60,132,1563.0,582.022,1563.000031,582.022217
60,133,1565.0,582.073,1565.000031,582.073059
60,134,1567.0,582.14,1567.0,582.139954
60,135,1569.0,582.213,1569.0,582.212952
60,136,1571.0,582.281,1571.000031,582.280518
60,137,1573.0,582.338,1573.000031,582.337646
60,138,1575.0,582.392,1575.0,582.391663
60,139,1577.0,582.454,1577.000031,582.453644
60,140,1579.0,582.528,1579.000031,582.527863
60,141,1581.0,582.616,1581.000031,582.616364
60,142,1583.0,582.712,1583.0,582.712463
60,143,1585.0,582.799,1585.000031,582.799255
60,144,1587.0,582.864,1587.000031,582.864441
60,145,1589.0,582.901,1589.0,582.900787
60,146,1591.0,582.917,1591.000031,582.916687
60,147,1593.0,582.93,1593.000031,582.929596
60,148,1595.0,582.951,1595.000031,582.950867
60,149,1597.0,582.984,1597.0,582.9841
60,150,1599.0,583.025,1599.000031,583.024567
60,151,1601.0,583.067,1601.000031,583.067291
60,152,1603.0,583.117,1603.0,583.116547
60,153,1605.0,583.179,1605.000031,583.179016
60,154,1607.0,583.255,1607.000031,583.254608
60,155,1609.0,583.341,1609.000031,583.340546
60,156,1611.0,583.439,1611.0,583.439148
60,157,1613.0,583.546,1613.000031,583.545624
60,158,1615.0,583.649,1615.000031,583.648956
60,159,1617.0,583.736,1617.0,583.736267
60,160,1619.0,583.802,1619.000031,583.801727
60,161,1621.0,583.854,1621.000031,583.853821
60,162,1623.0,583.897,1623.000031,583.896576
60,163,1625.0,583.928,1625.0,583.928253
60,164,1627.0,583.95,1627.000031,583.950256
60,165,1629.0,583.967,1629.000031,583.967285
60,166,1631.0,583.982,1631.0,583.982483
60,167,1633.0,583.997,1633.000031,583.996765
60,168,1635.0,584.014,1635.000031,584.013672
60,169,1637.0,584.04,1637.000031,584.040436
60,170,1639.0,584.087,1639.0,584.087341
60,171,1641.0,584.159,1641.000031,584.158997
60,172,1643.0,584.25,1643.000031,584.249786
60,173,1645.0,584.348,1645.0,584.347656
60,174,1647.0,584.44,1647.000031,584.439636
60,175,1649.0,584.514,1649.000031,584.514282
60,176,1651.0,584.572,1651.000031,584.571747
60,177,1653.0,584.625,1653.0,584.624725
60,178,1655.0,584.679,1655.000031,584.679199
60,179,1657.0,584.737,1657.000031,584.737305
60,180,1659.0,584.792,1659.0,584.792267
60,181,1661.0,584.835,1661.000031,584.834534
60,182,1663.0,584.865,1663.0,584.865387
60,183,1665.0,584.896,1665.000061,584.895905
60,184,1667.0,584.937,1667.0,584.936676
60,185,1669.0,584.988,1669.0,584.98764
60,186,1671.0,585.043,1671.000061,585.043457
60,187,1673.0,585.101,1673.0,585.101074
60,188,1675.0,585.166,1675.0,585.166046
60,189,1677.0,585.256,1677.000061,585.255951
60,190,1679.0,585.417,1679.000061,585.416779
60,191,1681.0,585.68,1681.0,585.680206
60,192,1683.286,586.005,1683.285706,586.005005
60,193,1685.857,586.157,1685.857178,586.157227
60,194,1688.429,586.087,1688.428589,586.086731
60,195,1691.0,585.855,1691.000061,585.855194
60,196,1693.0,585.605,1693.000061,585.605469
60,197,1695.0,585.498,1695.0,585.497742
60,198,1697.0,585.478,1697.0,585.477844
60,199,1699.0,585.504,1699.000061,585.504028
60,200,1701.0,585.545,1701.0,585.545166
60,201,1702.857,585.572,1702.857178,585.571533
60,202,1704.143,585.571,1704.142883,585.570862
61,0,1150.857,584.113,1150.857143,584.113312
61,1,1152.143,584.098,1152.142857,584.098236
61,2,1154.0,584.008,1154.0,584.008209
61,3,1156.0,583.779,1156.0,583.779297
61,4,1158.0,583.467,1158.0,583.467072
61,5,1160.0,583.127,1160.000001,583.127258
61,6,1162.0,582.833,1162.000001,582.832794
61,7,1164.0,582.567,1164.000001,582.566742
61,8,1166.0,582.321,1166.0,582.321075
61,9,1168.0,582.165,1168.000002,582.164612
61,10,1170.0,582.166,1170.000002,582.165894
61,11,1172.0,582.307,1172.0,582.306946
61,12,1174.0,582.484,1174.000002,582.484222
61,13,1176.0,582.614,1176.0,582.61441
61,14,1178.0,582.687,1178.000002,582.687256
61,15,1180.0,582.739,1180.000002,582.739105
61,16,1182.0,582.805,1182.000004,582.804596
61,17,1184.0,582.888,1184.0,582.888123
61,18,1186.0,582.977,1186.000004,582.977264
61,19,1188.0,583.063,1188.0,583.063019
61,20,1190.0,583.134,1190.000004,583.13382
61,21,1192.0,583.181,1192.000004,583.180511
61,22,1194.0,583.197,1194.000004,583.197327
61,23,1196.0,583.18,1196.0,583.179626
61,24,1198.0,583.135,1198.0,583.135101
61,25,1200.0,583.083,1200.000004,583.083313
61,26,1202.0,583.035,1202.000004,583.035217
61,27,1204.0,582.988,1204.0,582.987976
61,28,1206.0,582.923,1206.000004,582.922882
61,29,1208.0,582.83,1208.000004,582.829834
61,30,1210.0,582.72,1210.000004,582.720306
61,31,1212.0,582.603,1212.0,582.602875
61,32,1214.0,582.481,1214.0,582.480621
61,33,1216.0,582.35,1216.0,582.349731
61,34,1218.0,582.202,1218.0,582.202393
61,35,1220.0,582.088,1220.0,582.08786
61,36,1222.0,582.361,1222.000008,582.361115
61,37,1224.0,582.832,1224.000008,582.831787
61,38,1226.0,583.313,1226.0,583.313324
61,39,1228.0,583.55,1228.0,583.550446
61,40,1247.143,583.753,1247.14286,583.753479
61,41,1283.429,584.245,1283.428589,584.245209
61,42,1319.714,584.8,1319.714279,584.800232
61,43,1356.0,585.395,1356.000015,585.395447
61,44,1358.0,585.312,1358.0,585.312317
61,45,1360.0,585.237,1360.000015,585.237488
61,46,1362.0,585.185,1362.0,585.184814
61,47,1364.0,585.159,1364.000015,585.158875
61,48,1366.0,585.152,1366.000015,585.151886
61,49,1368.0,585.155,1368.000015,585.155029
61,50,1370.0,585.166,1370.000015,585.165619
61,51,1372.0,585.177,1372.0,585.177185
61,52,1374.0,585.178,1374.000015,585.177856
61,53,1376.0,585.163,1376.000015,585.162872
61,54,1378.0,585.137,1378.000015,585.137482
61,55,1380.0,585.112,1380.0,585.112152
61,56,1382.0,585.091,1382.000015,585.091309
61,57,1384.0,585.069,1384.000015,585.068604
61,58,1386.0,585.037,1386.0,585.036682
61,59,1388.0,584.995,1388.000015,584.995056
61,60,1390.0,584.95,1390.000015,584.95047
61,61,1392.0,584.912,1392.000015,584.911957
61,62,1394.0,584.884,1394.0,584.883881
61,63,1396.0,584.865,1396.000015,584.86499
61,64,1398.0,584.853,1398.000015,584.853394
61,65,1400.0,584.85,1400.0,584.85025
61,66,1402.0,584.86,1402.000015,584.85968
61,67,1404.0,584.886,1404.000015,584.886108
61,68,1406.0,584.924,1406.000031,584.923981
61,69,1408.0,584.954,1408.0,584.953644
61,70,1410.0,584.959,1410.000031,584.958679
61,71,1412.0,584.942,1412.0,584.942352
61,72,1414.0,584.924,1414.000031,584.923706
61,73,1416.0,584.917,1416.0,584.917053
61,74,1418.0,584.921,1418.0,584.920837
61,75,1420.0,584.926,1420.000031,584.925751
61,76,1422.0,584.93,1422.0,584.929626
61,77,1424.0,584.935,1424.000031,584.934937
61,78,1426.0,584.94,1426.0,584.940308
61,79,1428.0,584.946,1428.000031,584.946259
61,80,1430.0,584.96,1430.0,584.959747
61,81,1432.0,584.987,1432.0,584.987061
61,82,1434.0,585.025,1434.000031,585.024902
61,83,1436.0,585.062,1436.0,585.061737
61,84,1438.0,585.087,1438.000031,585.086517
61,85,1440.0,585.099,1440.0,585.099152
61,86,1442.0,585.109,1442.000031,585.108917
61,87,1444.0,585.125,1444.0,585.125427
61,88,1446.0,585.151,1446.0,585.151367
61,89,1448.0,585.183,1448.000031,585.182526
61,90,1450.0,585.216,1450.0,585.215759
61,91,1452.0,585.258,1452.000031,585.257996
61,92,1454.0,585.318,1454.0,585.31781
61,93,1456.0,585.388,1456.000031,585.388336
61,94,1458.0,585.455,1458.0,585.455078
61,95,1460.0,585.504,1460.000031,585.503693
61,96,1462.0,585.532,1462.0,585.531708
61,97,1464.0,585.549,1464.0,585.549286
61,98,1466.0,585.567,1466.000031,585.567383
61,99,1468.0,585.6,1468.0,585.600464
61,100,1470.0,585.66,1470.000031,585.66037
61,101,1472.0,585.744,1472.0,585.744141
61,102,1474.0,585.836,1474.000031,585.835632
61,103,1476.0,585.915,1476.0,585.915161
61,104,1478.0,585.971,1478.0,585.971344
61,105,1480.0,586.004,1480.000031,586.003906
61,106,1482.0,586.016,1482.0,586.015839
61,107,1484.0,586.004,1484.000031,586.004089
61,108,1486.0,585.964,1486.0,585.96402
61,109,1488.0,585.906,1488.000031,585.905731
61,110,1490.0,585.856,1490.0,585.856018
61,111,1492.0,585.845,1492.0,585.84494
61,112,1494.0,585.885,1494.000031,585.884735
61,113,1496.0,585.959,1496.0,585.959137
61,114,1498.0,586.044,1498.000031,586.043579
61,115,1500.0,586.13,1500.000031,586.129791
61,116,1502.0,586.224,1502.000031,586.22403
61,117,1504.0,586.327,1504.0,586.327454
61,118,1506.0,586.431,1506.0,586.431274
61,119,1508.0,586.516,1508.000031,586.515564
61,120,1510.0,586.568,1510.000031,586.568237
61,121,1512.0,586.596,1512.0,586.596008
61,122,1514.0,586.612,1514.000031,586.611786
61,123,1516.0,586.625,1516.000031,586.625458
61,124,1518.0,586.64,1518.0,586.640289
61,125,1520.0,586.657,1520.0,586.656586
61,126,1522.0,586.675,1522.000031,586.675049
61,127,1524.0,586.695,1524.000031,586.694733
61,128,1526.0,586.715,1526.0,586.714661
61,129,1528.0,586.74,1528.000031,586.739502
61,130,1530.0,586.782,1530.000031,586.781677
61,131,1532.0,586.858,1532.0,586.858185
61,132,1534.0,586.971,1534.0,586.971497
61,133,1536.0,587.102,1536.000031,587.102325
61,134,1538.0,587.227,1538.000031,587.227234
61,135,1540.0,587.329,1540.0,587.328796
61,136,1542.0,587.404,1542.000031,587.403748
61,137,1544.0,587.46,1544.000031,587.459808
61,138,1546.0,587.503,1546.0,587.502563
61,139,1548.0,587.538,1548.0,587.538208
61,140,1550.0,587.575,1550.000031,587.57489
61,141,1552.0,587.616,1552.000031,587.615662
61,142,1554.0,587.658,1554.0,587.658112
61,143,1556.0,587.696,1556.000031,587.695709
61,144,1558.0,587.725,1558.000031,587.724579
61,145,1560.0,587.75,1560.0,587.749878
61,146,1562.0,587.782,1562.0,587.781738
61,147,1564.0,587.828,1564.000031,587.827576
61,148,1566.0,587.884,1566.000031,587.883972
61,149,1568.0,587.937,1568.0,587.937469
61,150,1570.0,587.979,1570.000031,587.97934
61,151,1572.0,588.012,1572.000031,588.01239
61,152,1574.0,588.047,1574.0,588.046906
61,153,1576.0,588.088,1576.0,588.087585
61,154,1578.0,588.131,1578.000031,588.130829
61,155,1580.0,588.175,1580.000031,588.175446
61,156,1582.0,588.226,1582.0,588.226105
61,157,1584.0,588.284,1584.000031,588.284485
61,158,1586.0,588.345,1586.000031,588.344727
61,159,1588.0,588.395,1588.000031,588.395111
61,160,1590.0,588.428,1590.0,588.428101
61,161,1592.0,588.447,1592.000031,588.44696
61,162,1594.0,588.462,1594.000031,588.462189
61,163,1596.0,588.487,1596.0,588.486633
61,164,1598.0,588.529,1598.000031,588.529449
61,165,1600.0,588.591,1600.000031,588.590729
61,166,1602.0,588.661,1602.000031,588.661346
61,167,1604.0,588.731,1604.0,588.73053
61,168,1606.0,588.794,1606.000031,588.79422
61,169,1608.0,588.854,1608.000031,588.853607
61,170,1610.0,588.912,1610.0,588.911865
61,171,1612.0,588.972,1612.000031,588.971924
61,172,1614.0,589.031,1614.000031,589.031006
61,173,1616.0,589.083,1616.000031,589.083252
61,174,1618.0,589.128,1618.0,589.127686
61,175,1620.0,589.166,1620.000031,589.166168
61,176,1622.0,589.203,1622.000031,589.203369
61,177,1624.0,589.245,1624.0,589.244537
61,178,1626.0,589.289,1626.000031,589.289368
61,179,1628.0,589.338,1628.000031,589.337982
61,180,1630.0,589.387,1630.000031,589.387421
61,181,1632.0,589.427,1632.0,589.426849
61,182,1634.0,589.451,1634.000031,589.450836
61,183,1636.0,589.464,1636.000031,589.463837
61,184,1638.0,589.48,1638.0,589.480133
61,185,1640.0,589.516,1640.000031,589.51593
61,186,1642.0,589.578,1642.000031,589.577637
61,187,1644.0,589.657,1644.000031,589.657288
61,188,1646.0,589.738,1646.0,589.737671
61,189,1648.0,589.806,1648.000031,589.805603
61,190,1650.0,589.859,1650.000031,589.859131
61,191,1652.0,589.908,1652.0,589.907898
61,192,1654.0,589.961,1654.000031,589.96109
61,193,1656.0,590.019,1656.000031,590.018555
61,194,1658.0,590.076,1658.000031,590.07605
61,195,1660.0,590.125,1660.0,590.125275
61,196,1662.0,590.159,1662.0,590.159393
61,197,1664.0,590.183,1664.0,590.182617
61,198,1666.0,590.212,1666.0,590.212219
61,199,1668.0,590.265,1668.0,590.264954
61,200,1670.0,590.334,1670.000061,590.334137
61,201,1672.0,590.393,1672.000061,590.392731
61,202,1674.0,590.418,1674.0,590.417999
61,203,1676.0,590.417,1676.0,590.416626
61,204,1678.0,590.425,1678.000061,590.425323
61,205,1680.0,590.468,1680.0,590.467865
61,206,1682.0,590.544,1682.0,590.543549
61,207,1684.0,590.639,1684.000061,590.639008
61,208,1686.0,590.721,1686.000061,590.721466
61,209,1688.0,590.784,1688.0,590.783997
61,210,1690.0,590.838,1690.0,590.838318
61,211,1692.0,590.904,1692.000061,590.904205
61,212,1694.0,590.99,1694.0,590.989838
61,213,1696.0,591.062,1696.0,591.062286
61,214,1698.0,591.087,1698.000061,591.086975
61,215,1700.0,591.062,1700.000061,591.061798
61,216,1702.0,591.018,1702.0,591.018036
61,217,1703.571,590.989,1703.571411,590.98877
62,0,1161.857,589.065,1161.857143,589.065063
62,1,1163.143,589.004,1163.142858,589.003815
62,2,1165.0,589.122,1165.0,589.121704
62,3,1167.571,589.663,1167.571428,589.663422
62,4,1170.714,590.198,1170.714287,590.198303
62,5,1173.857,590.529,1173.857143,590.529083
62,6,1177.0,590.58,1177.000002,590.580139
62,7,1179.0,590.346,1179.000002,590.345734
62,8,1181.0,590.185,1181.000002,590.184998
62,9,1183.0,590.032,1183.000004,590.032471
62,10,1185.0,589.898,1185.0,589.897827
62,11,1187.0,589.808,1187.0,589.807953
62,12,1189.0,589.767,1189.0,589.766876
62,13,1191.0,589.744,1191.0,589.743591
62,14,1193.0,589.697,1193.000004,589.697296
62,15,1195.0,589.6,1195.0,589.599762
62,16,1197.0,589.443,1197.0,589.443207
62,17,1199.0,589.257,1199.000004,589.256561
62,18,1201.0,589.091,1201.000004,589.09082
62,19,1203.0,588.978,1203.0,588.978363
62,20,1205.0,588.929,1205.0,588.92868
62,21,1207.0,588.912,1207.000004,588.911926
62,22,1209.0,588.891,1209.000004,588.890625
62,23,1211.0,588.847,1211.0,588.847473
62,24,1213.0,588.784,1213.000004,588.783813
62,25,1215.0,588.717,1215.0,588.716827
62,26,1217.0,588.659,1217.000008,588.6586
62,27,1219.0,588.611,1219.0,588.611206
62,28,1221.714,588.485,1221.714287,588.485168
62,29,1225.143,588.183,1225.14286,588.182617
62,30,1228.571,587.843,1228.571426,587.842987
62,31,1266.0,588.857,1266.000008,588.856689
62,32,1302.0,590.103,1302.0,590.103088
62,33,1338.0,591.296,1338.0,591.295715
62,34,1357.0,591.81,1357.000015,591.809998
62,35,1359.0,591.67,1359.000015,591.66983
62,36,1361.0,591.616,1361.000015,591.61557
62,37,1363.0,591.623,1363.000015,591.622681
62,38,1365.0,591.656,1365.0,591.656342
62,39,1367.0,591.696,1367.000015,591.696472
62,40,1369.0,591.74,1369.0,591.740417
62,41,1371.0,591.786,1371.000015,591.785858
62,42,1373.0,591.824,1373.000015,591.82428
62,43,1375.0,591.847,1375.000015,591.846985
62,44,1377.0,591.853,1377.000015,591.853333
62,45,1379.0,591.849,1379.0,591.848633
62,46,1381.0,591.836,1381.000015,591.835968
62,47,1383.0,591.813,1383.000015,591.812744
62,48,1385.0,591.776,1385.000015,591.776276
62,49,1387.0,591.729,1387.0,591.729034
62,50,1389.0,591.678,1389.000015,591.677887
62,51,1391.0,591.631,1391.000015,591.631439
62,52,1393.0,591.594,1393.0,591.593597
62,53,1395.0,591.562,1395.000015,591.561584
62,54,1397.0,591.531,1397.000015,591.531067
62,55,1399.0,591.501,1399.000015,591.501495
62,56,1401.0,591.48,1401.0,591.480103
62,57,1403.0,591.473,1403.000015,591.473022
62,58,1405.0,591.48,1405.000015,591.479828
62,59,1407.0,591.487,1407.000031,591.48703
62,60,1409.0,591.481,1409.0,591.480621
62,61,1411.0,591.459,1411.0,591.458527
62,62,1413.0,591.43,1413.000031,591.429596
62,63,1415.0,591.407,1415.0,591.407135
62,64,1417.0,591.398,1417.000031,591.397919
62,65,1419.0,591.399,1419.0,591.399353
62,66,1421.0,591.405,1421.000031,591.405212
62,67,1423.0,591.412,1423.0,591.412048
62,68,1425.0,591.422,1425.0,591.4216
62,69,1427.0,591.44,1427.000031,591.439697
62,70,1429.0,591.47,1429.0,591.46994
62,71,1431.0,591.509,1431.000031,591.508759
62,72,1433.0,591.548,1433.0,591.548492
62,73,1435.0,591.58,1435.000031,591.580292
62,74,1437.0,591.6,1437.0,591.600128
62,75,1439.0,591.61,1439.0,591.61026
62,76,1441.0,591.615,1441.000031,591.614502
62,77,1443.0,591.615,1443.0,591.615479
62,78,1445.0,591.617,1445.000031,591.616791
62,79,1447.0,591.62,1447.0,591.619873
62,80,1449.0,591.625,1449.000031,591.624756
62,81,1451.0,591.63,1451.0,591.630493
62,82,1453.0,591.635,1453.000031,591.634735
62,83,1455.0,591.644,1455.0,591.644135
62,84,1457.0,591.673,1457.0,591.673492
62,85,1459.0,591.73,1459.000031,591.729675
62,86,1461.0,591.798,1461.0,591.798157
62,87,1463.0,591.848,1463.000031,591.848206
62,88,1465.0,591.86,1465.0,591.860168
62,89,1467.0,591.843,1467.000031,591.842773
62,90,1469.0,591.821,1469.0,591.820709
62,91,1471.0,591.812,1471.0,591.811646
62,92,1473.0,591.818,1473.000031,591.818115
62,93,1475.0,591.84,1475.0,591.839783
62,94,1477.0,591.878,1477.000031,591.877869
62,95,1479.0,591.929,1479.0,591.929169
62,96,1481.0,591.983,1481.000031,591.982697
62,97,1483.0,592.032,1483.0,592.031799
62,98,1485.0,592.081,1485.0,592.081268
62,99,1487.0,592.135,1487.000031,592.135071
62,100,1489.0,592.187,1489.0,592.186951
62,101,1491.0,592.227,1491.000031,592.226624
62,102,1493.0,592.25,1493.000031,592.250397
62,103,1495.0,592.268,1495.000031,592.268219
62,104,1497.0,592.292,1497.0,592.291504
62,105,1499.0,592.326,1499.0,592.326233
62,106,1501.0,592.378,1501.000031,592.377686
62,107,1503.0,592.44,1503.0,592.439819
62,108,1505.0,592.497,1505.000031,592.497406
62,109,1507.0,592.537,1507.000031,592.537445
62,110,1509.0,592.557,1509.000031,592.557434
62,111,1511.0,592.574,1511.0,592.574219
62,112,1513.0,592.601,1513.0,592.601257
62,113,1515.0,592.639,1515.000031,592.638611
62,114,1517.0,592.676,1517.000031,592.676208
62,115,1519.0,592.706,1519.0,592.706207
62,116,1521.0,592.729,1521.000031,592.728516
62,117,1523.0,592.746,1523.000031,592.745514
62,118,1525.0,592.756,1525.0,592.756348
62,119,1527.0,592.759,1527.0,592.759308
62,120,1529.0,592.762,1529.000031,592.761627
62,121,1531.0,592.776,1531.000031,592.776489
62,122,1533.0,592.818,1533.0,592.817993
62,123,1535.0,592.894,1535.000031,592.894104
62,124,1537.0,592.996,1537.000031,592.995911
62,125,1539.0,593.102,1539.0,593.101746
62,126,1541.0,593.19,1541.0,593.189789
62,127,1543.0,593.247,1543.000031,593.246918
62,128,1545.0,593.276,1545.000031,593.275604
62,129,1547.0,593.293,1547.0,593.292664
62,130,1549.0,593.317,1549.000031,593.317444
62,131,1551.0,593.366,1551.000031,593.366425
62,132,1553.0,593.44,1553.0,593.439728
62,133,1555.0,593.522,1555.0,593.521851
62,134,1557.0,593.599,1557.000031,593.599213
62,135,1559.0,593.667,1559.000031,593.666687
62,136,1561.0,593.73,1561.0,593.730469
62,137,1563.0,593.798,1563.000031,593.79837
62,138,1565.0,593.876,1565.000031,593.875885
62,139,1567.0,593.96,1567.0,593.959656
62,140,1569.0,594.037,1569.0,594.036926
62,141,1571.0,594.094,1571.000031,594.094055
62,142,1573.0,594.129,1573.000031,594.128632
62,143,1575.0,594.151,1575.0,594.151062
62,144,1577.0,594.171,1577.000031,594.171326
62,145,1579.0,594.196,1579.000031,594.195648
62,146,1581.0,594.228,1581.000031,594.228027
62,147,1583.0,594.272,1583.0,594.272278
62,148,1585.0,594.329,1585.000031,594.329407
62,149,1587.0,594.394,1587.000031,594.394287
62,150,1589.0,594.46,1589.0,594.459808
62,151,1591.0,594.519,1591.000031,594.519257
62,152,1593.0,594.569,1593.000031,594.568817
62,153,1595.0,594.608,1595.000031,594.607574
62,154,1597.0,594.64,1597.0,594.63974
62,155,1599.0,594.673,1599.000031,594.672607
62,156,1601.0,594.715,1601.000031,594.715302
62,157,1603.0,594.772,1603.0,594.772186
62,158,1605.0,594.837,1605.000031,594.836975
62,159,1607.0,594.901,1607.000031,594.901184
62,160,1609.0,594.964,1609.000031,594.963562
62,161,1611.0,595.035,1611.0,595.03476
62,162,1613.0,595.124,1613.000031,595.123505
62,163,1615.0,595.216,1615.000031,595.216217
62,164,1617.0,595.288,1617.0,595.287872
62,165,1619.0,595.326,1619.000031,595.325958
62,166,1621.0,595.341,1621.000031,595.340546
62,167,1623.0,595.351,1623.000031,595.351257
62,168,1625.0,595.367,1625.0,595.367218
62,169,1627.0,595.391,1627.000031,595.390625
62,170,1629.0,595.432,1629.000031,595.431519
62,171,1631.0,595.498,1631.0,595.498199
62,172,1633.0,595.584,1633.000031,595.584259
62,173,1635.0,595.671,1635.000031,595.670502
62,174,1637.0,595.735,1637.000031,595.73465
62,175,1639.0,595.78,1639.0,595.779694
62,176,1641.0,595.826,1641.000031,595.825653
62,177,1643.0,595.893,1643.000031,595.893066
62,178,1645.0,595.987,1645.0,595.986877
62,179,1647.0,596.089,1647.000031,596.089172
62,180,1649.0,596.174,1649.000031,596.173706
62,181,1651.0,596.221,1651.000031,596.221436
62,182,1653.0,596.231,1653.0,596.230652
62,183,1655.0,596.223,1655.000031,596.222534
62,184,1657.0,596.226,1657.000031,596.225983
62,185,1659.0,596.262,1659.0,596.262024
62,186,1661.0,596.332,1661.000031,596.332153
62,187,1663.0,596.419,1663.0,596.418823
62,188,1665.0,596.505,1665.000061,596.504517
62,189,1667.0,596.58,1667.0,596.579681
62,190,1669.0,596.639,1669.0,596.639343
62,191,1671.0,596.68,1671.000061,596.679901
62,192,1673.0,596.707,1673.0,596.706757
62,193,1675.0,596.732,1675.0,596.731995
62,194,1677.0,596.768,1677.000061,596.767975
62,195,1679.0,596.81,1679.000061,596.810181
62,196,1681.0,596.844,1681.0,596.84436
62,197,1683.0,596.88,1683.0,596.879883
62,198,1685.0,596.955,1685.000061,596.954681
62,199,1687.0,597.101,1687.0,597.101013
62,200,1689.0,597.285,1689.0,597.285187
62,201,1691.0,597.389,1691.000061,597.388641
62,202,1693.0,597.362,1693.000061,597.362122
62,203,1695.0,597.252,1695.0,597.251709
62,204,1697.0,597.142,1697.0,597.141937
62,205,1699.0,597.089,1699.000061,597.088989
62,206,1701.0,597.069,1701.0,597.069
62,207,1702.857,597.052,1702.857178,597.051666
62,208,1704.143,597.04,1704.142883,597.039581
63,0,1150.857,597.916,1150.857143,597.915985
63,1,1152.143,597.823,1152.142857,597.822815
63,2,1154.0,597.622,1154.0,597.621643
63,3,1156.0,597.21,1156.0,597.209625
63,4,1158.0,596.49,1158.0,596.490112
63,5,1160.0,595.691,1160.000001,595.690857
63,6,1162.0,594.977,1162.000001,594.977448
63,7,1164.0,594.609,1164.000001,594.609344
63,8,1166.0,594.478,1166.0,594.47757
63,9,1168.0,594.398,1168.000002,594.39801
63,10,1170.0,594.369,1170.000002,594.368713
63,11,1172.0,594.486,1172.0,594.485748
63,12,1174.0,594.782,1174.000002,594.781921
63,13,1176.0,595.113,1176.0,595.113129
63,14,1178.0,595.313,1178.000002,595.313171
63,15,1180.0,595.339,1180.000002,595.339172
63,16,1182.0,595.284,1182.000004,595.284027
63,17,1184.0,595.22,1184.0,595.220276
63,18,1186.0,595.145,1186.000004,595.145416
63,19,1188.0,595.047,1188.0,595.047485
63,20,1190.0,594.924,1190.000004,594.92392
63,21,1192.0,594.802,1192.000004,594.802216
63,22,1194.0,594.754,1194.000004,594.753693
63,23,1196.0,594.857,1196.0,594.856812
63,24,1198.0,595.183,1198.0,595.183319
63,25,1200.0,595.626,1200.000004,595.626007
63,26,1202.0,596.034,1202.000004,596.034149
63,27,1204.0,596.387,1204.0,596.387207
63,28,1206.0,596.703,1206.000004,596.703033
63,29,1207.714,597.911,1207.714291,597.911133
63,30,1209.143,599.108,1209.142864,599.108307
63,31,1210.286,600.193,1210.285717,600.192993
63,32,1211.286,600.269,1211.285717,600.268982
63,33,1212.286,600.28,1212.285713,600.280151
63,34,1213.286,600.258,1213.285713,600.258484
63,35,1214.286,600.223,1214.285713,600.222534
63,36,1215.286,600.179,1215.285721,600.178619
63,37,1216.286,600.108,1216.285721,600.108063
63,38,1217.571,599.107,1217.571434,599.107422
63,39,1219.143,598.066,1219.14286,598.065948
63,40,1220.571,599.609,1220.571426,599.608978
63,41,1221.857,600.495,1221.857147,600.494568
63,42,1222.714,601.737,1222.714294,601.736755
63,43,1223.429,601.397,1223.428574,601.396881
63,44,1224.286,601.394,1224.285713,601.394165
63,45,1225.143,601.392,1225.142853,601.391602
63,46,1226.0,602.696,1226.0,602.69635
63,47,1226.857,604.203,1226.857147,604.203339
63,48,1227.714,605.075,1227.714287,605.075287
63,49,1228.714,605.291,1228.714287,605.291107
63,50,1229.714,605.295,1229.714287,605.295166
63,51,1230.714,605.361,1230.714294,605.36087
63,52,1231.714,605.552,1231.714287,605.552368
63,53,1232.714,605.849,1232.714287,605.849243
63,54,1233.714,606.286,1233.714287,606.286041
63,55,1234.714,606.562,1234.714287,606.562225
63,56,1235.714,606.733,1235.714287,606.732849
63,57,1236.857,606.194,1236.857147,606.194092
63,58,1238.286,605.78,1238.285721,605.780304
63,59,1271.714,604.629,1271.714294,604.629486
63,60,1305.429,603.113,1305.428574,603.113464
63,61,1339.143,602.142,1339.142868,602.141785
63,62,1357.0,601.264,1357.000015,601.263794
63,63,1359.0,601.042,1359.000015,601.042053
63,64,1361.0,600.912,1361.000015,600.912201
63,65,1363.0,600.797,1363.000015,600.796844
63,66,1365.0,600.692,1365.0,600.691925
63,67,1367.0,600.596,1367.000015,600.595856
63,68,1369.0,600.508,1369.0,600.50824
63,69,1371.0,600.418,1371.000015,600.418182
63,70,1373.0,600.3,1373.000015,600.300354
63,71,1375.0,600.147,1375.000015,600.147064
63,72,1377.0,599.982,1377.000015,599.982056
63,73,1379.0,599.839,1379.0,599.838959
63,74,1381.0,599.737,1381.000015,599.736877
63,75,1383.0,599.662,1383.000015,599.661774
63,76,1385.0,599.589,1385.000015,599.589355
63,77,1387.0,599.51,1387.0,599.510284
63,78,1389.0,599.422,1389.000015,599.421844
63,79,1391.0,599.334,1391.000015,599.333649
63,80,1393.0,599.262,1393.0,599.261902
63,81,1395.0,599.216,1395.000015,599.215912
63,82,1397.0,599.189,1397.000015,599.189056
63,83,1399.0,599.164,1399.000015,599.163727
63,84,1401.0,599.137,1401.0,599.136505
63,85,1403.0,599.121,1403.000015,599.121124
63,86,1405.0,599.13,1405.000015,599.129822
63,87,1407.0,599.16,1407.000031,599.159576
63,88,1409.0,599.195,1409.0,599.195038
63,89,1411.0,599.217,1411.0,599.217468
63,90,1413.0,599.211,1413.000031,599.210907
63,91,1415.0,599.164,1415.0,599.163879
63,92,1417.0,599.083,1417.000031,599.082794
63,93,1419.0,598.988,1419.0,598.988281
63,94,1421.0,598.898,1421.000031,598.897797
63,95,1423.0,598.814,1423.0,598.814087
63,96,1425.0,598.73,1425.0,598.730225
63,97,1427.0,598.652,1427.000031,598.651672
63,98,1429.0,598.591,1429.0,598.590607
63,99,1431.0,598.551,1431.000031,598.550873
63,100,1433.0,598.523,1433.0,598.523468
63,101,1435.0,598.495,1435.000031,598.494904
63,102,1437.0,598.46,1437.0,598.459564
63,103,1439.0,598.424,1439.0,598.424164
63,104,1441.0,598.397,1441.000031,598.397003
63,105,1443.0,598.386,1443.0,598.385559
63,106,1445.0,598.396,1445.000031,598.395569
63,107,1447.0,598.423,1447.0,598.422668
63,108,1449.0,598.455,1449.000031,598.45462
63,109,1451.0,598.478,1451.0,598.478333
63,110,1453.0,598.487,1453.000031,598.487305
63,111,1455.0,598.49,1455.0,598.490387
63,112,1457.0,598.499,1457.0,598.498993
63,113,1459.0,598.517,1459.000031,598.516785
63,114,1461.0,598.542,1461.0,598.541809
63,115,1463.0,598.566,1463.000031,598.565887
63,116,1465.0,598.583,1465.0,598.583099
63,117,1467.0,598.594,1467.000031,598.593628
63,118,1469.0,598.603,1469.0,598.603027
63,119,1471.0,598.616,1471.0,598.616364
63,120,1473.0,598.633,1473.000031,598.632935
63,121,1475.0,598.649,1475.0,598.649048
63,122,1477.0,598.666,1477.000031,598.665527
63,123,1479.0,598.689,1479.0,598.68924
63,124,1481.0,598.722,1481.000031,598.721649
63,125,1483.0,598.756,1483.0,598.755524
63,126,1485.0,598.783,1485.0,598.783081
63,127,1487.0,598.803,1487.000031,598.803467
63,128,1489.0,598.823,1489.0,598.823395
63,129,1491.0,598.85,1491.000031,598.850372
63,130,1493.0,598.886,1493.000031,598.88562
63,131,1495.0,598.925,1495.000031,598.924774
63,132,1497.0,598.96,1497.0,598.960388
63,133,1499.0,598.988,1499.0,598.988495
63,134,1501.0,599.014,1501.000031,599.014191
63,135,1503.0,599.046,1503.0,599.045532
63,136,1505.0,599.081,1505.000031,599.08078
63,137,1507.0,599.109,1507.000031,599.108887
63,138,1509.0,599.121,1509.000031,599.120667
63,139,1511.0,599.116,1511.0,599.11615
63,140,1513.0,599.104,1513.0,599.103699
63,141,1515.0,599.092,1515.000031,599.092316
63,142,1517.0,599.093,1517.000031,599.093018
63,143,1519.0,599.113,1519.0,599.113403
63,144,1521.0,599.15,1521.000031,599.150177
63,145,1523.0,599.19,1523.000031,599.190308
63,146,1525.0,599.22,1525.0,599.220337
63,147,1527.0,599.239,1527.0,599.238556
63,148,1529.0,599.254,1529.000031,599.253937
63,149,1531.0,599.279,1531.000031,599.278687
63,150,1533.0,599.323,1533.0,599.322906
63,151,1535.0,599.385,1535.000031,599.385284
63,152,1537.0,599.452,1537.000031,599.452057
63,153,1539.0,599.509,1539.0,599.508606
63,154,1541.0,599.546,1541.0,599.546295
63,155,1543.0,599.568,1543.000031,599.568146
63,156,1545.0,599.581,1545.000031,599.581482
63,157,1547.0,599.594,1547.0,599.594482
63,158,1549.0,599.621,1549.000031,599.620941
63,159,1551.0,599.672,1551.000031,599.672089
63,160,1553.0,599.747,1553.0,599.747345
63,161,1555.0,599.83,1555.0,599.830017
63,162,1557.0,599.895,1557.000031,599.895294
63,163,1559.0,599.934,1559.000031,599.933685
63,164,1561.0,599.956,1561.0,599.956299
63,165,1563.0,599.981,1563.000031,599.981171
63,166,1565.0,600.02,1565.000031,600.019653
63,167,1567.0,600.068,1567.0,600.068329
63,168,1569.0,600.117,1569.0,600.11673
63,169,1571.0,600.16,1571.000031,600.159882
63,170,1573.0,600.2,1573.000031,600.199738
63,171,1575.0,600.248,1575.0,600.24765
63,172,1577.0,600.315,1577.000031,600.31546
63,173,1579.0,600.403,1579.000031,600.402527
63,174,1581.0,600.501,1581.000031,600.500885
63,175,1583.0,600.598,1583.0,600.597931
63,176,1585.0,600.682,1585.000031,600.68222
63,177,1587.0,600.745,1587.000031,600.745331
63,178,1589.0,600.781,1589.0,600.781311
63,179,1591.0,600.793,1591.000031,600.793182
63,180,1593.0,600.796,1593.000031,600.795685
63,181,1595.0,600.805,1595.000031,600.804993
63,182,1597.0,600.83,1597.0,600.830078
63,183,1599.0,600.869,1599.000031,600.869049
63,184,1601.0,600.912,1601.000031,600.911621
63,185,1603.0,600.949,1603.0,600.9487
63,186,1605.0,600.979,1605.000031,600.979095
63,187,1607.0,601.008,1607.000031,601.007721
63,188,1609.0,601.039,1609.000031,601.038879
63,189,1611.0,601.079,1611.0,601.078644
63,190,1613.0,601.136,1613.000031,601.135803
63,191,1615.0,601.21,1615.000031,601.209564
63,192,1617.0,601.288,1617.0,601.287933
63,193,1619.0,601.356,1619.000031,601.356232
63,194,1621.0,601.405,1621.000031,601.405182
63,195,1623.0,601.442,1623.000031,601.441528
63,196,1625.0,601.475,1625.0,601.47467
63,197,1627.0,601.51,1627.000031,601.51004
63,198,1629.0,601.551,1629.000031,601.550598
63,199,1631.0,601.592,1631.0,601.591583
63,200,1633.0,601.627,1633.000031,601.627136
63,201,1635.0,601.657,1635.000031,601.65686
63,202,1637.0,601.683,1637.000031,601.68338
63,203,1639.0,601.711,1639.0,601.711273
63,204,1641.0,601.744,1641.000031,601.74408
63,205,1643.0,601.789,1643.000031,601.788849
63,206,1645.0,601.856,1645.0,601.855682
63,207,1647.0,601.939,1647.000031,601.938599
63,208,1649.0,602.018,1649.000031,602.017639
63,209,1651.0,602.078,1651.000031,602.078094
63,210,1653.0,602.117,1653.0,602.117493
63,211,1655.0,602.147,1655.000031,602.147491
63,212,1657.0,602.179,1657.000031,602.179108
63,213,1659.0,602.215,1659.0,602.215149
63,214,1661.0,602.259,1661.000031,602.258881
63,215,1663.0,602.314,1663.0,602.313965
63,216,1665.0,602.383,1665.000061,602.38327
63,217,1667.0,602.472,1667.0,602.471527
63,218,1669.0,602.575,1669.0,602.575439
63,219,1671.0,602.681,1671.000061,602.680817
63,220,1673.0,602.77,1673.0,602.769989
63,221,1675.0,602.834,1675.0,602.833649
63,222,1677.0,602.879,1677.000061,602.878998
63,223,1679.0,602.921,1679.000061,602.921051
63,224,1681.0,602.959,1681.0,602.95929
63,225,1683.0,602.982,1683.0,602.982422
63,226,1685.0,602.995,1685.000061,602.994781
63,227,1687.0,603.028,1687.0,603.028259
63,228,1689.0,603.12,1689.0,603.12027
63,229,1691.0,603.26,1691.000061,603.260101
63,230,1693.0,603.383,1693.000061,603.383087
63,231,1695.0,603.44,1695.0,603.440369
63,232,1697.0,603.431,1697.0,603.431305
63,233,1699.0,603.397,1699.000061,603.397491
63,234,1701.0,603.374,1701.0,603.374115
63,235,1702.857,603.364,1702.857178,603.363525
63,236,1704.143,603.358,1704.142883,603.357971
64,0,1164.286,603.401,1164.285715,603.401184
64,1,1165.857,603.432,1165.857143,603.432098
64,2,1168.0,603.33,1168.000002,603.330414
64,3,1170.0,603.074,1170.000002,603.073639
64,4,1172.0,602.496,1172.0,602.496429
64,5,1173.857,601.672,1173.857145,601.67215
64,6,1175.143,601.097,1175.14286,601.096924
65,0,1259.857,619.912,1259.857147,619.912476
65,1,1261.143,619.814,1261.14286,619.813965
65,2,1263.0,619.986,1263.0,619.986176
65,3,1265.0,620.468,1265.0,620.467865
65,4,1267.0,620.938,1267.000008,620.937836
65,5,1269.0,621.193,1269.000008,621.192841
65,6,1271.714,621.133,1271.714287,621.13269
65,7,1275.143,620.774,1275.14286,620.774261
65,8,1278.571,620.21,1278.571442,620.210144
65,9,1282.0,619.342,1282.000015,619.341736
65,10,1284.0,618.738,1284.0,618.738342
65,11,1286.0,618.35,1286.0,618.349945
65,12,1288.0,618.238,1288.0,618.238373
65,13,1290.0,618.315,1290.0,618.315399
65,14,1292.0,618.418,1292.0,618.418274
65,15,1294.0,618.495,1294.000015,618.495331
65,16,1296.0,618.57,1296.000015,618.569946
65,17,1298.0,618.706,1298.0,618.705994
65,18,1300.0,618.916,1300.0,618.916351
65,19,1302.0,619.081,1302.0,619.081329
65,20,1304.0,619.059,1304.000015,619.059265
65,21,1306.0,618.854,1306.0,618.853729
65,22,1308.0,618.669,1308.0,618.668549
65,23,1310.0,618.733,1310.000015,618.73291
65,24,1312.0,619.084,1312.0,619.084076
65,25,1314.0,619.599,1314.0,619.598999
65,26,1316.0,620.103,1316.0,620.103485
65,27,1318.0,620.526,1318.000015,620.526306
65,28,1320.0,620.821,1320.000015,620.821411
65,29,1322.0,620.976,1322.0,620.976044
65,30,1324.0,620.954,1324.000015,620.954285
65,31,1326.0,620.763,1326.0,620.762634
65,32,1328.0,620.503,1328.000015,620.502594
65,33,1330.0,620.262,1330.0,620.261688
65,34,1332.0,620.098,1332.000015,620.098114
65,35,1334.0,619.999,1334.0,619.998535
65,36,1336.0,619.947,1336.000015,619.947205
65,37,1338.0,619.934,1338.000015,619.934082
65,38,1340.0,619.743,1340.000015,619.743134
65,39,1342.0,618.98,1342.000015,618.980225
65,40,1344.0,617.875,1344.0,617.875427
65,41,1346.0,616.431,1346.000015,616.430664
65,42,1348.0,614.744,1348.0,614.744202
65,43,1350.0,612.823,1350.000015,612.823303
65,44,1352.0,611.157,1352.000015,611.156708
65,45,1354.0,610.076,1354.000015,610.075928
65,46,1356.0,609.779,1356.000015,609.779297
65,47,1358.0,609.814,1358.0,609.813812
65,48,1360.0,609.743,1360.000015,609.742676
65,49,1362.0,609.553,1362.0,609.55304
65,50,1364.0,609.284,1364.000015,609.283508
65,51,1366.0,608.97,1366.000015,608.970123
65,52,1368.0,608.66,1368.000015,608.660095
65,53,1370.0,608.372,1370.000015,608.371979
65,54,1372.0,608.075,1372.0,608.075012
65,55,1374.0,607.728,1374.000015,607.727722
65,56,1376.0,607.35,1376.000015,607.35025
65,57,1378.0,606.986,1378.000015,606.985687
65,58,1380.0,606.682,1380.0,606.682373
65,59,1382.0,606.449,1382.000015,606.448792
65,60,1384.0,606.249,1384.000015,606.249451
65,61,1386.0,606.07,1386.0,606.069855
65,62,1388.0,605.913,1388.000015,605.913483
65,63,1390.0,605.765,1390.000015,605.76535
65,64,1392.0,605.597,1392.000015,605.596863
65,65,1394.0,605.391,1394.0,605.391235
65,66,1396.0,605.162,1396.000015,605.161591
65,67,1398.0,604.919,1398.000015,604.91864
65,68,1400.0,604.669,1400.0,604.668671
65,69,1402.0,604.417,1402.000015,604.416687
65,70,1404.0,604.196,1404.000015,604.195984
65,71,1406.0,604.036,1406.000031,604.036407
65,72,1408.0,603.968,1408.0,603.968353
65,73,1410.0,603.963,1410.000031,603.962738
65,74,1412.0,603.993,1412.0,603.993164
65,75,1414.0,604.046,1414.000031,604.046356
65,76,1416.0,604.106,1416.0,604.105774
65,77,1418.0,604.166,1418.0,604.165771
65,78,1420.0,604.231,1420.000031,604.231415
65,79,1422.0,604.296,1422.0,604.295807
65,80,1424.0,604.352,1424.000031,604.351929
65,81,1426.0,604.393,1426.0,604.393311
65,82,1428.0,604.425,1428.000031,604.42453
65,83,1430.0,604.463,1430.0,604.46347
65,84,1432.0,604.51,1432.0,604.510162
65,85,1434.0,604.555,1434.000031,604.554993
65,86,1436.0,604.589,1436.0,604.589417
65,87,1438.0,604.614,1438.000031,604.613892
65,88,1440.0,604.634,1440.0,604.634308
65,89,1442.0,604.653,1442.000031,604.652802
65,90,1444.0,604.668,1444.0,604.667847
65,91,1446.0,604.677,1446.0,604.677399
65,92,1448.0,604.682,1448.000031,604.681793
65,93,1450.0,604.684,1450.0,604.684082
65,94,1452.0,604.69,1452.000031,604.690155
65,95,1454.0,604.706,1454.0,604.70575
65,96,1456.0,604.732,1456.000031,604.731781
65,97,1458.0,604.765,1458.0,604.764832
65,98,1460.0,604.798,1460.000031,604.797974
65,99,1462.0,604.827,1462.0,604.826874
65,100,1464.0,604.852,1464.0,604.852478
65,101,1466.0,604.876,1466.000031,604.875946
65,102,1468.0,604.896,1468.0,604.896271
65,103,1470.0,604.91,1470.000031,604.910309
65,104,1472.0,604.917,1472.0,604.916992
65,105,1474.0,604.92,1474.000031,604.919556
65,106,1476.0,604.924,1476.0,604.924469
65,107,1478.0,604.941,1478.0,604.940735
65,108,1480.0,604.973,1480.000031,604.973206
65,109,1482.0,605.018,1482.0,605.017548
65,110,1484.0,605.065,1484.000031,605.064758
65,111,1486.0,605.107,1486.0,605.107269
65,112,1488.0,605.143,1488.000031,605.143188
65,113,1490.0,605.175,1490.0,605.175262
65,114,1492.0,605.206,1492.0,605.205566
65,115,1494.0,605.234,1494.000031,605.23407
65,116,1496.0,605.26,1496.0,605.259613
65,117,1498.0,605.283,1498.000031,605.282898
65,118,1500.0,605.309,1500.000031,605.308899
65,119,1502.0,605.35,1502.000031,605.349915
65,120,1504.0,605.411,1504.0,605.410797
65,121,1506.0,605.473,1506.0,605.473206
65,122,1508.0,605.513,1508.000031,605.513092
65,123,1510.0,605.52,1510.000031,605.519531
65,124,1512.0,605.505,1512.0,605.50531
65,125,1514.0,605.487,1514.000031,605.486755
65,126,1516.0,605.471,1516.000031,605.4711
65,127,1518.0,605.463,1518.0,605.463379
65,128,1520.0,605.471,1520.0,605.470642
65,129,1522.0,605.495,1522.000031,605.494843
65,130,1524.0,605.526,1524.000031,605.526093
65,131,1526.0,605.552,1526.0,605.55188
65,132,1528.0,605.571,1528.000031,605.571289
65,133,1530.0,605.592,1530.000031,605.592224
65,134,1532.0,605.617,1532.0,605.617188
65,135,1534.0,605.642,1534.0,605.641815
65,136,1536.0,605.664,1536.000031,605.664093
65,137,1538.0,605.688,1538.000031,605.687592
65,138,1540.0,605.718,1540.0,605.718445
65,139,1542.0,605.756,1542.000031,605.756073
65,140,1544.0,605.792,1544.000031,605.791565
65,141,1546.0,605.82,1546.0,605.819672
65,142,1548.0,605.845,1548.0,605.845306
65,143,1550.0,605.879,1550.000031,605.878723
65,144,1552.0,605.923,1552.000031,605.923126
65,145,1554.0,605.972,1554.0,605.972443
65,146,1556.0,606.017,1556.000031,606.016724
65,147,1558.0,606.054,1558.000031,606.054291
65,148,1560.0,606.093,1560.0,606.092804
65,149,1562.0,606.139,1562.0,606.138611
65,150,1564.0,606.197,1564.000031,606.197479
65,151,1566.0,606.27,1566.000031,606.270447
65,152,1568.0,606.351,1568.0,606.35144
65,153,1570.0,606.433,1570.000031,606.432556
65,154,1572.0,606.502,1572.000031,606.501862
65,155,1574.0,606.554,1574.0,606.553558
65,156,1576.0,606.593,1576.0,606.592529
65,157,1578.0,606.629,1578.000031,606.628906
65,158,1580.0,606.674,1580.000031,606.673767
65,159,1582.0,606.733,1582.0,606.733368
65,160,1584.0,606.801,1584.000031,606.801331
65,161,1586.0,606.868,1586.000031,606.867523
65,162,1588.0,606.923,1588.000031,606.922791
65,163,1590.0,606.966,1590.0,606.96582
65,164,1592.0,607.003,1592.000031,607.003265
65,165,1594.0,607.042,1594.000031,607.041809
65,166,1596.0,607.085,1596.0,607.084808
65,167,1598.0,607.13,1598.000031,607.130096
65,168,1600.0,607.171,1600.000031,607.170959
65,169,1602.0,607.201,1602.000031,607.201019
65,170,1604.0,607.219,1604.0,607.21933
65,171,1606.0,607.232,1606.000031,607.232025
65,172,1608.0,607.246,1608.000031,607.246216
65,173,1610.0,607.267,1610.0,607.267487
65,174,1612.0,607.301,1612.000031,607.300903
65,175,1614.0,607.35,1614.000031,607.350403
65,176,1616.0,607.415,1616.000031,607.415039
65,177,1618.0,607.487,1618.0,607.486969
65,178,1620.0,607.554,1620.000031,607.554352
65,179,1622.0,607.61,1622.000031,607.610321
65,180,1624.0,607.659,1624.0,607.658875
65,181,1626.0,607.706,1626.000031,607.706024
65,182,1628.0,607.754,1628.000031,607.754456
65,183,1630.0,607.801,1630.000031,607.800903
65,184,1632.0,607.842,1632.0,607.841583
65,185,1634.0,607.878,1634.000031,607.878082
65,186,1636.0,607.914,1636.000031,607.913513
65,187,1638.0,607.949,1638.0,607.948914
65,188,1640.0,607.982,1640.000031,607.982361
65,189,1642.0,608.015,1642.000031,608.014923
65,190,1644.0,608.054,1644.000031,608.054077
65,191,1646.0,608.102,1646.0,608.101807
65,192,1648.0,608.149,1648.000031,608.148956
65,193,1650.0,608.193,1650.000031,608.193268
65,194,1652.0,608.244,1652.0,608.243622
65,195,1654.0,608.315,1654.000031,608.314636
65,196,1656.0,608.406,1656.000031,608.406097
65,197,1658.0,608.498,1658.000031,608.49823
65,198,1660.0,608.58,1660.0,608.579529
65,199,1662.0,608.653,1662.0,608.652985
65,200,1664.0,608.727,1664.0,608.726501
65,201,1666.0,608.803,1666.0,608.802826
65,202,1668.0,608.88,1668.0,608.880005
65,203,1670.0,608.961,1670.000061,608.961487
65,204,1672.0,609.047,1672.000061,609.04715
65,205,1674.0,609.125,1674.0,609.125214
65,206,1676.0,609.184,1676.0,609.184143
65,207,1678.0,609.222,1678.000061,609.222229
65,208,1680.0,609.243,1680.0,609.243195
65,209,1682.0,609.25,1682.0,609.250031
65,210,1684.0,609.244,1684.000061,609.243744
65,211,1686.0,609.228,1686.000061,609.227875
65,212,1688.0,609.213,1688.0,609.213135
65,213,1690.0,609.223,1690.0,609.222809
65,214,1692.0,609.307,1692.000061,609.307037
65,215,1694.0,609.545,1694.0,609.544556
65,216,1696.0,609.882,1696.0,609.881561
65,217,1698.0,610.118,1698.000061,610.117737
65,218,1700.0,610.166,1700.000061,610.165588
65,219,1702.0,610.034,1702.0,610.033752
65,220,1703.571,609.884,1703.571411,609.884308
66,0,1355.857,618.198,1355.857147,618.197754
66,1,1357.143,618.239,1357.142868,618.238739
66,2,1359.0,618.191,1359.000015,618.190521
66,3,1361.0,617.887,1361.000015,617.887207
66,4,1363.0,617.527,1363.000015,617.527161
66,5,1365.0,617.131,1365.0,617.130798
66,6,1367.0,616.725,1367.000015,616.724701
66,7,1369.0,616.367,1369.0,616.366669
66,8,1371.0,616.058,1371.000015,616.058319
66,9,1373.0,615.776,1373.000015,615.77594
66,10,1375.0,615.49,1375.000015,615.489624
66,11,1377.0,615.204,1377.000015,615.203583
66,12,1379.0,614.934,1379.0,614.934143
66,13,1381.0,614.687,1381.000015,614.687286
66,14,1383.0,614.444,1383.000015,614.444305
66,15,1385.0,614.195,1385.000015,614.194763
66,16,1387.0,613.944,1387.0,613.943817
66,17,1389.0,613.69,1389.000015,613.689697
66,18,1391.0,613.442,1391.000015,613.442383
66,19,1393.0,613.218,1393.0,613.217804
66,20,1395.0,613.039,1395.000015,613.038666
66,21,1397.0,612.917,1397.000015,612.917023
66,22,1399.0,612.843,1399.000015,612.842651
66,23,1401.0,612.805,1401.0,612.805176
66,24,1403.0,612.786,1403.000015,612.785736
66,25,1405.0,612.758,1405.000015,612.75766
66,26,1407.0,612.704,1407.000031,612.704315
66,27,1409.0,612.623,1409.0,612.623322
66,28,1411.0,612.528,1411.0,612.528473
66,29,1413.0,612.439,1413.000031,612.438995
66,30,1415.0,612.368,1415.0,612.368408
66,31,1417.0,612.318,1417.000031,612.318481
66,32,1419.0,612.272,1419.0,612.271881
66,33,1421.0,612.205,1421.000031,612.205048
66,34,1423.0,612.118,1423.0,612.118378
66,35,1425.0,612.036,1425.0,612.036224
66,36,1427.0,611.985,1427.000031,611.985016
66,37,1429.0,611.976,1429.0,611.976196
66,38,1431.0,611.994,1431.000031,611.994354
66,39,1433.0,612.021,1433.0,612.02121
66,40,1435.0,612.043,1435.000031,612.043152
66,41,1437.0,612.044,1437.0,612.044312
66,42,1439.0,612.021,1439.0,612.020996
66,43,1441.0,611.986,1441.000031,611.98642
66,44,1443.0,611.957,1443.0,611.957184
66,45,1445.0,611.941,1445.000031,611.940918
66,46,1447.0,611.929,1447.0,611.929474
66,47,1449.0,611.916,1449.000031,611.915588
66,48,1451.0,611.905,1451.0,611.905212
66,49,1453.0,611.908,1453.000031,611.908264
66,50,1455.0,611.924,1455.0,611.924103
66,51,1457.0,611.941,1457.0,611.940857
66,52,1459.0,611.947,1459.000031,611.946564
66,53,1461.0,611.939,1461.0,611.939209
66,54,1463.0,611.928,1463.000031,611.928406
66,55,1465.0,611.924,1465.0,611.924194
66,56,1467.0,611.93,1467.000031,611.930023
66,57,1469.0,611.942,1469.0,611.942474
66,58,1471.0,611.956,1471.0,611.956451
66,59,1473.0,611.969,1473.000031,611.969208
66,60,1475.0,611.98,1475.0,611.979858
66,61,1477.0,611.99,1477.000031,611.989777
66,62,1479.0,612.001,1479.0,612.001007
66,63,1481.0,612.013,1481.000031,612.013092
66,64,1483.0,612.024,1483.0,612.02356
66,65,1485.0,612.031,1485.0,612.030579
66,66,1487.0,612.035,1487.000031,612.034546
66,67,1489.0,612.041,1489.0,612.040833
66,68,1491.0,612.055,1491.000031,612.055328
66,69,1493.0,612.078,1493.000031,612.07843
66,70,1495.0,612.103,1495.000031,612.102966
66,71,1497.0,612.118,1497.0,612.118378
66,72,1499.0,612.119,1499.0,612.119019
66,73,1501.0,612.111,1501.000031,612.110504
66,74,1503.0,612.104,1503.0,612.104065
66,75,1505.0,612.105,1505.000031,612.104584
66,76,1507.0,612.108,1507.000031,612.108398
66,77,1509.0,612.111,1509.000031,612.111359
66,78,1511.0,612.114,1511.0,612.114166
66,79,1513.0,612.121,1513.0,612.120819
66,80,1515.0,612.134,1515.000031,612.13382
66,81,1517.0,612.15,1517.000031,612.150055
66,82,1519.0,612.167,1519.0,612.167236
66,83,1521.0,612.184,1521.000031,612.183563
66,84,1523.0,612.197,1523.000031,612.197388
66,85,1525.0,612.21,1525.0,612.209717
66,86,1527.0,612.223,1527.0,612.222839
66,87,1529.0,612.239,1529.000031,612.238586
66,88,1531.0,612.255,1531.000031,612.25473
66,89,1533.0,612.265,1533.0,612.265198
66,90,1535.0,612.266,1535.000031,612.266296
66,91,1537.0,612.266,1537.000031,612.265656
66,92,1539.0,612.28,1539.0,612.280457
66,93,1541.0,612.324,1541.0,612.32373
66,94,1543.0,612.39,1543.000031,612.389832
66,95,1545.0,612.459,1545.000031,612.458862
66,96,1547.0,612.516,1547.0,612.515778
66,97,1549.0,612.563,1549.000031,612.562775
66,98,1551.0,612.608,1551.000031,612.608124
66,99,1553.0,612.654,1553.0,612.654388
66,100,1555.0,612.698,1555.0,612.698181
66,101,1557.0,612.737,1557.000031,612.736603
66,102,1559.0,612.775,1559.000031,612.775482
66,103,1561.0,612.82,1561.0,612.820404
66,104,1563.0,612.87,1563.000031,612.870422
66,105,1565.0,612.921,1565.000031,612.920715
66,106,1567.0,612.963,1567.0,612.962646
66,107,1569.0,612.991,1569.0,612.990662
66,108,1571.0,613.006,1571.000031,613.006165
66,109,1573.0,613.012,1573.000031,613.011505
66,110,1575.0,613.01,1575.0,613.010376
66,111,1577.0,613.007,1577.000031,613.007416
66,112,1579.0,613.011,1579.000031,613.010681
66,113,1581.0,613.031,1581.000031,613.031311
66,114,1583.0,613.07,1583.0,613.070007
66,115,1585.0,613.119,1585.000031,613.119476
66,116,1587.0,613.173,1587.000031,613.173157
66,117,1589.0,613.224,1589.0,613.224396
66,118,1591.0,613.27,1591.000031,613.269745
66,119,1593.0,613.307,1593.000031,613.307007
66,120,1595.0,613.34,1595.000031,613.340454
66,121,1597.0,613.385,1597.0,613.384918
66,122,1599.0,613.45,1599.000031,613.449982
66,123,1601.0,613.527,1601.000031,613.527252
66,124,1603.0,613.597,1603.0,613.597473
66,125,1605.0,613.642,1605.000031,613.641724
66,126,1607.0,613.657,1607.000031,613.656769
66,127,1609.0,613.66,1609.000031,613.659912
66,128,1611.0,613.674,1611.0,613.673767
66,129,1613.0,613.711,1613.000031,613.711395
66,130,1615.0,613.767,1615.000031,613.766815
66,131,1617.0,613.819,1617.0,613.818756
66,132,1619.0,613.847,1619.000031,613.847137
66,133,1621.0,613.85,1621.000031,613.849915
66,134,1623.0,613.84,1623.000031,613.840332
66,135,1625.0,613.838,1625.0,613.837677
66,136,1627.0,613.857,1627.000031,613.857178
66,137,1629.0,613.904,1629.000031,613.903839
66,138,1631.0,613.971,1631.0,613.971344
66,139,1633.0,614.046,1633.000031,614.045959
66,140,1635.0,614.116,1635.000031,614.115509
66,141,1637.0,614.175,1637.000031,614.175323
66,142,1639.0,614.227,1639.0,614.226593
66,143,1641.0,614.265,1641.000031,614.265472
66,144,1643.0,614.284,1643.000031,614.284332
66,145,1645.0,614.282,1645.0,614.281738
66,146,1647.0,614.268,1647.000031,614.26767
66,147,1649.0,614.258,1649.000031,614.258179
66,148,1651.0,614.264,1651.000031,614.264221
66,149,1653.0,614.282,1653.0,614.281708
66,150,1655.0,614.302,1655.000031,614.301758
66,151,1657.0,614.322,1657.000031,614.321747
66,152,1659.0,614.35,1659.0,614.349854
66,153,1661.0,614.403,1661.000031,614.403076
66,154,1663.0,614.487,1663.0,614.486755
66,155,1665.0,614.594,1665.000061,614.59375
66,156,1667.0,614.711,1667.0,614.711182
66,157,1669.0,614.823,1669.0,614.822937
66,158,1671.0,614.924,1671.000061,614.923981
66,159,1673.0,615.015,1673.0,615.015015
66,160,1675.0,615.096,1675.0,615.096252
66,161,1677.0,615.164,1677.000061,615.164124
66,162,1679.0,615.21,1679.000061,615.210297
66,163,1681.0,615.234,1681.0,615.233887
66,164,1683.0,615.246,1683.0,615.246185
66,165,1685.0,615.258,1685.000061,615.258179
66,166,1687.0,615.274,1687.0,615.273804
66,167,1689.0,615.297,1689.0,615.296936
66,168,1691.0,615.34,1691.000061,615.339905
66,169,1693.0,615.427,1693.000061,615.426605
66,170,1695.0,615.575,1695.0,615.575012
66,171,1697.0,615.741,1697.0,615.741455
66,172,1699.0,615.866,1699.000061,615.866028
66,173,1701.0,615.917,1701.0,615.917419
66,174,1702.857,615.907,1702.857178,615.906891
66,175,1704.143,615.887,1704.142883,615.886658
67,0,1225.857,615.094,1225.857147,615.093689
67,1,1227.143,614.708,1227.14286,614.70755
67,2,1229.0,614.466,1229.0,614.466064
67,3,1231.0,614.76,1231.0,614.759583
67,4,1233.0,615.293,1233.0,615.293396
67,5,1235.0,615.687,1235.0,615.686584
67,6,1237.0,615.755,1237.000008,615.754883
67,7,1239.0,615.263,1239.000008,615.263062
67,8,1241.0,614.674,1241.000008,614.674255
67,9,1242.571,614.279,1242.571434,614.278717
68,0,1241.857,621.152,1241.857147,621.151917
68,1,1243.143,622.003,1243.14286,622.003174
68,2,1245.0,623.15,1245.000008,623.150299
68,3,1247.0,624.178,1247.000008,624.177612
68,4,1249.0,625.075,1249.0,625.075439
68,5,1251.0,625.591,1251.000008,625.590912
68,6,1253.0,625.898,1253.000008,625.898468
68,7,1255.0,625.961,1255.000008,625.961426
68,8,1257.0,625.999,1257.0,625.999481
68,9,1259.0,626.088,1259.000008,626.088318
68,10,1261.0,626.223,1261.000008,626.222565
68,11,1263.0,626.333,1263.0,626.333435
68,12,1265.0,626.349,1265.0,626.348907
68,13,1267.0,626.285,1267.000008,626.284546
68,14,1269.0,626.197,1269.000008,626.197113
68,15,1271.0,626.118,1271.0,626.117767
68,16,1273.0,626.015,1273.000008,626.014832
68,17,1275.0,625.851,1275.000008,625.850983
68,18,1277.0,625.614,1277.0,625.613739
68,19,1279.0,625.385,1279.0,625.385498
68,20,1281.0,625.284,1281.0,625.283875
68,21,1283.0,625.317,1283.0,625.31662
68,22,1285.0,625.403,1285.0,625.403412
68,23,1287.0,625.365,1287.000015,625.365295
68,24,1289.0,625.22,1289.000015,625.21994
68,25,1291.0,625.104,1291.0,625.103516
68,26,1293.0,625.149,1293.0,625.148956
68,27,1295.0,625.345,1295.0,625.345367
68,28,1297.0,625.555,1297.0,625.554565
68,29,1299.0,625.721,1299.0,625.720764
68,30,1301.0,625.806,1301.0,625.806244
68,31,1303.0,625.871,1303.000015,625.87085
68,32,1305.0,625.91,1305.0,625.910065
68,33,1307.0,625.901,1307.0,625.901093
68,34,1309.0,625.832,1309.0,625.832306
68,35,1311.0,625.746,1311.000015,625.746399
68,36,1313.0,625.697,1313.0,625.697205
68,37,1315.0,625.724,1315.0,625.723572
68,38,1317.0,625.848,1317.000015,625.848053
68,39,1319.0,626.025,1319.0,626.025299
68,40,1321.0,626.217,1321.000015,626.217377
68,41,1323.0,626.352,1323.0,626.352356
68,42,1325.0,626.345,1325.000015,626.345398
68,43,1327.0,626.21,1327.000015,626.209656
68,44,1329.0,626.015,1329.0,626.015015
68,45,1331.0,625.835,1331.000015,625.834595
68,46,1333.0,625.723,1333.000015,625.722748
68,47,1335.0,625.68,1335.000015,625.680389
68,48,1337.0,625.65,1337.0,625.649719
68,49,1340.571,625.22,1340.571442,625.220306
68,50,1346.143,624.79,1346.142868,624.790131
68,51,1352.143,624.484,1352.142868,624.484344
68,52,1358.143,624.337,1358.142868,624.337128
68,53,1361.0,624.461,1361.000015,624.460968
68,54,1363.0,624.288,1363.000015,624.288025
68,55,1365.0,623.941,1365.0,623.941498
68,56,1367.0,623.501,1367.000015,623.501251
68,57,1369.0,623.025,1369.0,623.025299
68,58,1371.0,622.566,1371.000015,622.566467
68,59,1373.0,622.174,1373.000015,622.174072
68,60,1375.0,621.816,1375.000015,621.81601
68,61,1377.0,621.519,1377.000015,621.519043
68,62,1379.0,621.267,1379.0,621.266663
68,63,1381.0,621.043,1381.000015,621.043121
68,64,1383.0,620.805,1383.000015,620.805084
68,65,1385.0,620.522,1385.000015,620.521851
68,66,1387.0,620.222,1387.0,620.222137
68,67,1389.0,619.933,1389.000015,619.9328
68,68,1391.0,619.67,1391.000015,619.669708
68,69,1393.0,619.431,1393.0,619.431091
68,70,1395.0,619.219,1395.000015,619.219238
68,71,1397.0,619.044,1397.000015,619.044495
68,72,1399.0,618.9,1399.000015,618.899628
68,73,1401.0,618.774,1401.0,618.77359
68,74,1403.0,618.658,1403.000015,618.658081
68,75,1405.0,618.536,1405.000015,618.535706
68,76,1407.0,618.409,1407.000031,618.408569
68,77,1409.0,618.288,1409.0,618.288391
68,78,1411.0,618.181,1411.0,618.181061
68,79,1413.0,618.084,1413.000031,618.083984
68,80,1415.0,617.996,1415.0,617.995636
68,81,1417.0,617.922,1417.000031,617.922394
68,82,1419.0,617.865,1419.0,617.865082
68,83,1421.0,617.807,1421.000031,617.807434
68,84,1423.0,617.735,1423.0,617.734863
68,85,1425.0,617.656,1425.0,617.655975
68,86,1427.0,617.586,1427.000031,617.586151
68,87,1429.0,617.512,1429.0,617.511658
68,88,1431.0,617.42,1431.000031,617.420288
68,89,1433.0,617.315,1433.0,617.31543
68,90,1435.0,617.205,1435.000031,617.205475
68,91,1437.0,617.105,1437.0,617.105438
68,92,1439.0,617.01,1439.0,617.009583
68,93,1441.0,616.922,1441.000031,616.921692
68,94,1443.0,616.853,1443.0,616.8526
68,95,1445.0,616.803,1445.000031,616.803192
68,96,1447.0,616.771,1447.0,616.770874
68,97,1449.0,616.757,1449.000031,616.757416
68,98,1451.0,616.766,1451.0,616.765991
68,99,1453.0,616.793,1453.000031,616.793091
68,100,1455.0,616.827,1455.0,616.82724
68,101,1457.0,616.861,1457.0,616.861176
68,102,1459.0,616.895,1459.000031,616.894806
68,103,1461.0,616.93,1461.0,616.93042
68,104,1463.0,616.967,1463.000031,616.966888
68,105,1465.0,617.002,1465.0,617.001801
68,106,1467.0,617.03,1467.000031,617.030487
68,107,1469.0,617.045,1469.0,617.045105
68,108,1471.0,617.044,1471.0,617.043915
68,109,1473.0,617.032,1473.000031,617.03241
68,110,1475.0,617.02,1475.0,617.019836
68,111,1477.0,617.014,1477.000031,617.013702
68,112,1479.0,617.013,1479.0,617.012695
68,113,1481.0,617.014,1481.000031,617.014435
68,114,1483.0,617.023,1483.0,617.022858
68,115,1485.0,617.045,1485.0,617.045044
68,116,1487.0,617.081,1487.000031,617.081207
68,117,1489.0,617.122,1489.0,617.122192
68,118,1491.0,617.158,1491.000031,617.157867
68,119,1493.0,617.184,1493.000031,617.183594
68,120,1495.0,617.202,1495.000031,617.201782
68,121,1497.0,617.216,1497.0,617.216492
68,122,1499.0,617.233,1499.0,617.232849
68,123,1501.0,617.261,1501.000031,617.260834
68,124,1503.0,617.309,1503.0,617.309143
68,125,1505.0,617.372,1505.000031,617.371704
68,126,1507.0,617.429,1507.000031,617.428711
68,127,1509.0,617.463,1509.000031,617.463074
68,128,1511.0,617.473,1511.0,617.473053
68,129,1513.0,617.47,1513.0,617.469574
68,130,1515.0,617.472,1515.000031,617.472351
68,131,1517.0,617.496,1517.000031,617.495514
68,132,1519.0,617.538,1519.0,617.53833
68,133,1521.0,617.592,1521.000031,617.592224
68,134,1523.0,617.647,1523.000031,617.647064
68,135,1525.0,617.698,1525.0,617.69751
68,136,1527.0,617.742,1527.0,617.742004
68,137,1529.0,617.777,1529.000031,617.776672
68,138,1531.0,617.798,1531.000031,617.797882
68,139,1533.0,617.81,1533.0,617.810303
68,140,1535.0,617.821,1535.000031,617.820618
68,141,1537.0,617.832,1537.000031,617.831635
68,142,1539.0,617.845,1539.0,617.84549
68,143,1541.0,617.867,1541.0,617.866821
68,144,1543.0,617.896,1543.000031,617.895966
68,145,1545.0,617.928,1545.000031,617.927643
68,146,1547.0,617.958,1547.0,617.957947
68,147,1549.0,617.988,1549.000031,617.988251
68,148,1551.0,618.023,1551.000031,618.023193
68,149,1553.0,618.061,1553.0,618.06131
68,150,1555.0,618.097,1555.0,618.097198
68,151,1557.0,618.13,1557.000031,618.130035
68,152,1559.0,618.166,1559.000031,618.166382
68,153,1561.0,618.215,1561.0,618.215088
68,154,1563.0,618.284,1563.000031,618.2836
68,155,1565.0,618.374,1565.000031,618.373749
68,156,1567.0,618.468,1567.0,618.468414
68,157,1569.0,618.549,1569.0,618.548584
68,158,1571.0,618.599,1571.000031,618.599121
68,159,1573.0,618.622,1573.000031,618.621735
68,160,1575.0,618.631,1575.0,618.631104
68,161,1577.0,618.635,1577.000031,618.63504
68,162,1579.0,618.638,1579.000031,618.637604
68,163,1581.0,618.642,1581.000031,618.642212
68,164,1583.0,618.651,1583.0,618.651489
68,165,1585.0,618.667,1585.000031,618.666718
68,166,1587.0,618.686,1587.000031,618.686279
68,167,1589.0,618.707,1589.0,618.707184
68,168,1591.0,618.726,1591.000031,618.726471
68,169,1593.0,618.744,1593.000031,618.743561
68,170,1595.0,618.761,1595.000031,618.761139
68,171,1597.0,618.784,1597.0,618.784332
68,172,1599.0,618.819,1599.000031,618.819214
68,173,1601.0,618.867,1601.000031,618.866913
68,174,1603.0,618.919,1603.0,618.919312
68,175,1605.0,618.964,1605.000031,618.963654
68,176,1607.0,618.996,1607.000031,618.995941
68,177,1609.0,619.026,1609.000031,619.025848
68,178,1611.0,619.071,1611.0,619.070648
68,179,1613.0,619.144,1613.000031,619.144409
68,180,1615.0,619.239,1615.000031,619.239319
68,181,1617.0,619.332,1617.0,619.332153
68,182,1619.0,619.406,1619.000031,619.405823
68,183,1621.0,619.455,1621.000031,619.454987
68,184,1623.0,619.487,1623.000031,619.486664
68,185,1625.0,619.51,1625.0,619.510162
68,186,1627.0,619.533,1627.000031,619.53299
68,187,1629.0,619.57,1629.000031,619.57016
68,188,1631.0,619.63,1631.0,619.629608
68,189,1633.0,619.704,1633.000031,619.703644
68,190,1635.0,619.778,1635.000031,619.777954
68,191,1637.0,619.842,1637.000031,619.842346
68,192,1639.0,619.9,1639.0,619.899567
68,193,1641.0,619.956,1641.000031,619.955597
68,194,1643.0,620.015,1643.000031,620.015289
68,195,1645.0,620.086,1645.0,620.08551
68,196,1647.0,620.167,1647.000031,620.16687
68,197,1649.0,620.249,1649.000031,620.249023
68,198,1651.0,620.319,1651.000031,620.319
68,199,1653.0,620.371,1653.0,620.371368
68,200,1655.0,620.417,1655.000031,620.416718
68,201,1657.0,620.464,1657.000031,620.464478
68,202,1659.0,620.51,1659.0,620.509521
68,203,1661.0,620.541,1661.000031,620.541199
68,204,1663.0,620.553,1663.0,620.55307
68,205,1665.0,620.553,1665.000061,620.553284
68,206,1667.0,620.557,1667.0,620.556763
68,207,1669.0,620.571,1669.0,620.57074
68,208,1671.0,620.593,1671.000061,620.593475
68,209,1673.0,620.622,1673.0,620.621979
68,210,1675.0,620.655,1675.0,620.654785
68,211,1677.0,620.692,1677.000061,620.69165
68,212,1679.0,620.73,1679.000061,620.729767
68,213,1681.0,620.766,1681.0,620.765778
68,214,1683.0,620.802,1683.0,620.801544
68,215,1685.0,620.845,1685.000061,620.845032
68,216,1687.0,620.903,1687.0,620.902527
68,217,1689.0,620.972,1689.0,620.97226
68,218,1691.0,621.042,1691.000061,621.041992
68,219,1693.0,621.096,1693.000061,621.096466
68,220,1695.0,621.142,1695.0,621.142029
68,221,1697.0,621.24,1697.0,621.239594
68,222,1699.0,621.429,1699.000061,621.429108
68,223,1701.0,621.688,1701.0,621.687836
68,224,1702.857,621.931,1702.857178,621.930695
68,225,1704.143,622.076,1704.142883,622.07605
69,0,1358.857,633.438,1358.857147,633.437561
69,1,1360.143,633.151,1360.142868,633.150879
69,2,1362.0,632.741,1362.0,632.741211
69,3,1364.0,632.34,1364.000015,632.339539
69,4,1366.0,631.966,1366.000015,631.966003
69,5,1368.0,631.61,1368.000015,631.609741
69,6,1370.0,631.194,1370.000015,631.194092
69,7,1372.0,630.703,1372.0,630.702545
69,8,1374.0,630.196,1374.000015,630.195618
69,9,1376.0,629.727,1376.000015,629.726593
69,10,1378.0,629.347,1378.000015,629.346527
69,11,1380.0,629.007,1380.0,629.007019
69,12,1382.0,628.68,1382.000015,628.679993
69,13,1384.0,628.348,1384.000015,628.348206
69,14,1386.0,628.008,1386.0,628.008392
69,15,1388.0,627.686,1388.000015,627.68631
69,16,1390.0,627.388,1390.000015,627.388092
69,17,1392.0,627.12,1392.000015,627.119934
69,18,1394.0,626.897,1394.0,626.897247
69,19,1396.0,626.697,1396.000015,626.697266
69,20,1398.0,626.502,1398.000015,626.502075
69,21,1400.0,626.321,1400.0,626.321136
69,22,1402.0,626.175,1402.000015,626.175079
69,23,1404.0,626.078,1404.000015,626.078308
69,24,1406.0,626.013,1406.000031,626.013184
69,25,1408.0,625.955,1408.0,625.9552
69,26,1410.0,625.883,1410.000031,625.882843
69,27,1412.0,625.785,1412.0,625.78479
69,28,1414.0,625.665,1414.000031,625.664642
69,29,1416.0,625.534,1416.0,625.533997
69,30,1418.0,625.402,1418.0,625.402374
69,31,1420.0,625.271,1420.000031,625.271454
69,32,1422.0,625.145,1422.0,625.144501
69,33,1424.0,625.031,1424.000031,625.031097
69,34,1426.0,624.942,1426.0,624.941803
69,35,1428.0,624.876,1428.000031,624.875641
69,36,1430.0,624.819,1430.0,624.818573
69,37,1432.0,624.762,1432.0,624.762421
69,38,1434.0,624.714,1434.000031,624.71405
69,39,1436.0,624.68,1436.0,624.679993
69,40,1438.0,624.654,1438.000031,624.654083
69,41,1440.0,624.623,1440.0,624.622833
69,42,1442.0,624.58,1442.000031,624.57962
69,43,1444.0,624.534,1444.0,624.534088
69,44,1446.0,624.498,1446.0,624.497711
69,45,1448.0,624.471,1448.000031,624.470886
69,46,1450.0,624.448,1450.0,624.448303
69,47,1452.0,624.421,1452.000031,624.421051
69,48,1454.0,624.387,1454.0,624.386963
69,49,1456.0,624.353,1456.000031,624.353455
69,50,1458.0,624.328,1458.0,624.328064
69,51,1460.0,624.316,1460.000031,624.316406
69,52,1462.0,624.317,1462.0,624.317383
69,53,1464.0,624.323,1464.0,624.322571
69,54,1466.0,624.327,1466.000031,624.32663
69,55,1468.0,624.329,1468.0,624.329041
69,56,1470.0,624.333,1470.000031,624.332672
69,57,1472.0,624.34,1472.0,624.340332
69,58,1474.0,624.351,1474.000031,624.35083
69,59,1476.0,624.36,1476.0,624.360352
69,60,1478.0,624.367,1478.0,624.366547
69,61,1480.0,624.371,1480.000031,624.371368
69,62,1482.0,624.379,1482.0,624.378906
69,63,1484.0,624.396,1484.000031,624.39624
69,64,1486.0,624.43,1486.0,624.429657
69,65,1488.0,624.476,1488.000031,624.475891
69,66,1490.0,624.523,1490.0,624.523285
69,67,1492.0,624.558,1492.0,624.558319
69,68,1494.0,624.575,1494.000031,624.57547
69,69,1496.0,624.582,1496.0,624.582275
69,70,1498.0,624.589,1498.000031,624.589417
69,71,1500.0,624.606,1500.000031,624.60553
69,72,1502.0,624.632,1502.000031,624.631653
69,73,1504.0,624.66,1504.0,624.660278
69,74,1506.0,624.687,1506.0,624.686707
69,75,1508.0,624.715,1508.000031,624.715424
69,76,1510.0,624.754,1510.000031,624.753815
69,77,1512.0,624.798,1512.0,624.797852
69,78,1514.0,624.833,1514.000031,624.83252
69,79,1516.0,624.85,1516.000031,624.849701
69,80,1518.0,624.859,1518.0,624.859009
69,81,1520.0,624.883,1520.0,624.882843
69,82,1522.0,624.939,1522.000031,624.938995
69,83,1524.0,625.026,1524.000031,625.025787
69,84,1526.0,625.127,1526.0,625.127319
69,85,1528.0,625.225,1528.000031,625.22525
69,86,1530.0,625.306,1530.000031,625.305664
69,87,1532.0,625.364,1532.0,625.364075
69,88,1534.0,625.401,1534.0,625.400879
69,89,1536.0,625.42,1536.000031,625.419678
69,90,1538.0,625.428,1538.000031,625.428131
69,91,1540.0,625.436,1540.0,625.43576
69,92,1542.0,625.448,1542.000031,625.448425
69,93,1544.0,625.465,1544.000031,625.465393
69,94,1546.0,625.493,1546.0,625.493256
69,95,1548.0,625.543,1548.0,625.542786
69,96,1550.0,625.61,1550.000031,625.609833
69,97,1552.0,625.68,1552.000031,625.679932
69,98,1554.0,625.736,1554.0,625.735626
69,99,1556.0,625.773,1556.000031,625.773071
69,100,1558.0,625.805,1558.000031,625.804901
69,101,1560.0,625.842,1560.0,625.841553
69,102,1562.0,625.876,1562.0,625.87616
69,103,1564.0,625.899,1564.000031,625.898743
69,104,1566.0,625.905,1566.000031,625.905029
69,105,1568.0,625.899,1568.0,625.898834
69,106,1570.0,625.892,1570.000031,625.891998
69,107,1572.0,625.89,1572.000031,625.890137
69,108,1574.0,625.89,1574.0,625.889862
69,109,1576.0,625.887,1576.0,625.887024
69,110,1578.0,625.88,1578.000031,625.880066
69,111,1580.0,625.874,1580.000031,625.873505
69,112,1582.0,625.874,1582.0,625.874268
69,113,1584.0,625.885,1584.000031,625.885223
69,114,1586.0,625.906,1586.000031,625.905579
69,115,1588.0,625.933,1588.000031,625.932526
69,116,1590.0,625.963,1590.0,625.962891
69,117,1592.0,625.992,1592.000031,625.991516
69,118,1594.0,626.013,1594.000031,626.012695
69,119,1596.0,626.026,1596.0,626.026001
69,120,1598.0,626.038,1598.000031,626.037872
69,121,1600.0,626.055,1600.000031,626.05481
69,122,1602.0,626.078,1602.000031,626.078064
69,123,1604.0,626.104,1604.0,626.103973
69,124,1606.0,626.129,1606.000031,626.129425
69,125,1608.0,626.154,1608.000031,626.153778
69,126,1610.0,626.178,1610.0,626.177734
69,127,1612.0,626.2,1612.000031,626.200317
69,128,1614.0,626.219,1614.000031,626.219482
69,129,1616.0,626.234,1616.000031,626.233582
69,130,1618.0,626.243,1618.0,626.243042
69,131,1620.0,626.249,1620.000031,626.24939
69,132,1622.0,626.253,1622.000031,626.253021
69,133,1624.0,626.255,1624.0,626.255371
69,134,1626.0,626.266,1626.000031,626.265503
69,135,1628.0,626.3,1628.000031,626.29953
69,136,1630.0,626.37,1630.000031,626.369812
69,137,1632.0,626.466,1632.0,626.46582
69,138,1634.0,626.557,1634.000031,626.557251
69,139,1636.0,626.621,1636.000031,626.620514
69,140,1638.0,626.651,1638.0,626.651184
69,141,1640.0,626.666,1640.000031,626.665802
69,142,1642.0,626.682,1642.000031,626.68158
69,143,1644.0,626.709,1644.000031,626.708527
69,144,1646.0,626.75,1646.0,626.749573
69,145,1648.0,626.799,1648.000031,626.798859
69,146,1650.0,626.846,1650.000031,626.846466
69,147,1652.0,626.882,1652.0,626.881958
69,148,1654.0,626.898,1654.000031,626.898376
69,149,1656.0,626.896,1656.000031,626.89624
69,150,1658.0,626.885,1658.000031,626.884583
69,151,1660.0,626.877,1660.0,626.877197
69,152,1662.0,626.886,1662.0,626.885864
69,153,1664.0,626.915,1664.0,626.914673
69,154,1666.0,626.96,1666.0,626.959564
69,155,1668.0,627.015,1668.0,627.014679
69,156,1670.0,627.074,1670.000061,627.073975
69,157,1672.0,627.129,1672.000061,627.12912
69,158,1674.0,627.177,1674.0,627.176758
69,159,1676.0,627.221,1676.0,627.220856
69,160,1678.0,627.264,1678.000061,627.264313
69,161,1680.0,627.303,1680.0,627.303101
69,162,1682.0,627.332,1682.0,627.33197
69,163,1684.0,627.352,1684.000061,627.352173
69,164,1686.0,627.37,1686.000061,627.369507
69,165,1688.0,627.389,1688.0,627.38916
69,166,1690.0,627.417,1690.0,627.417145
69,167,1692.0,627.46,1692.000061,627.459503
69,168,1694.0,627.515,1694.0,627.515167
69,169,1696.0,627.574,1696.0,627.57428
69,170,1698.0,627.624,1698.000061,627.624207
69,171,1700.0,627.658,1700.000061,627.658234
69,172,1702.0,627.679,1702.0,627.678955
69,173,1703.571,627.69,1703.571411,627.690338
70,0,1150.857,619.046,1150.857143,619.04599
70,1,1152.143,619.271,1152.142857,619.270844
70,2,1154.0,619.639,1154.0,619.639465
70,3,1156.0,620.166,1156.0,620.165802
70,4,1158.0,620.755,1158.0,620.754944
70,5,1160.0,621.36,1160.000001,621.359772
70,6,1162.0,621.917,1162.000001,621.916809
70,7,1164.0,622.383,1164.000001,622.382843
70,8,1166.0,622.777,1166.0,622.776733
70,9,1168.0,623.158,1168.000002,623.157501
70,10,1170.0,623.638,1170.000002,623.637665
70,11,1172.0,624.342,1172.0,624.342285
70,12,1174.0,625.104,1174.000002,625.104065
70,13,1176.0,625.823,1176.0,625.82309
70,14,1178.0,626.355,1178.000002,626.355194
70,15,1180.0,626.749,1180.000002,626.748535
70,16,1182.0,627.118,1182.000004,627.117798
70,17,1184.0,627.479,1184.0,627.478668
70,18,1186.0,627.844,1186.000004,627.843567
70,19,1188.0,628.246,1188.0,628.246033
70,20,1190.0,628.663,1190.000004,628.663055
70,21,1192.0,629.083,1192.000004,629.083405
70,22,1194.0,629.517,1194.000004,629.517212
70,23,1196.0,630.029,1196.0,630.028809
70,24,1198.0,630.706,1198.0,630.705872
70,25,1200.0,631.873,1200.000004,631.87265
70,26,1202.0,632.964,1202.000004,632.963501
70,27,1204.0,633.819,1204.0,633.818665
70,28,1206.0,634.173,1206.000004,634.172852
70,29,1208.0,634.256,1208.000004,634.255615
70,30,1210.0,634.53,1210.000004,634.529541
70,31,1212.0,635.048,1212.0,635.048035
70,32,1214.0,635.645,1214.0,635.644897
70,33,1216.0,636.169,1216.0,636.168762
70,34,1218.0,636.535,1218.0,636.535461
70,35,1220.0,636.835,1220.0,636.834839
70,36,1222.0,637.19,1222.000008,637.190125
70,37,1224.0,637.611,1224.000008,637.610718
70,38,1226.0,638.138,1226.0,638.138184
70,39,1228.0,638.847,1228.0,638.846741
70,40,1230.0,639.668,1230.0,639.667969
70,41,1232.0,640.472,1232.000008,640.472168
70,42,1234.0,641.121,1234.0,641.120605
70,43,1236.0,641.51,1236.0,641.510254
70,44,1238.0,641.716,1238.000008,641.715576
70,45,1240.0,641.727,1240.0,641.726562
70,46,1258.714,641.363,1258.714287,641.36322
70,47,1294.143,640.59,1294.142868,640.5896
70,48,1329.571,639.775,1329.571442,639.774719
70,49,1365.0,639.072,1365.0,639.07196
70,50,1367.0,638.822,1367.000015,638.822083
70,51,1369.0,638.658,1369.0,638.657532
70,52,1371.0,638.292,1371.000015,638.292419
70,53,1373.0,637.653,1373.000015,637.653198
70,54,1375.0,636.945,1375.000015,636.94458
70,55,1377.0,636.297,1377.000015,636.296936
70,56,1379.0,635.865,1379.0,635.865356
70,57,1381.0,635.517,1381.000015,635.516907
70,58,1383.0,635.145,1383.000015,635.144958
70,59,1385.0,634.781,1385.000015,634.780518
70,60,1387.0,634.486,1387.0,634.486206
70,61,1389.0,634.265,1389.000015,634.265015
70,62,1391.0,634.091,1391.000015,634.090942
70,63,1393.0,633.911,1393.0,633.911499
70,64,1395.0,633.701,1395.000015,633.701416
70,65,1397.0,633.474,1397.000015,633.47406
70,66,1399.0,633.246,1399.000015,633.245544
70,67,1401.0,633.034,1401.0,633.034058
70,68,1403.0,632.853,1403.000015,632.852844
70,69,1405.0,632.717,1405.000015,632.716736
70,70,1407.0,632.625,1407.000031,632.624634
70,71,1409.0,632.554,1409.0,632.554138
70,72,1411.0,632.48,1411.0,632.480347
70,73,1413.0,632.388,1413.000031,632.388
70,74,1415.0,632.281,1415.0,632.28064
70,75,1417.0,632.167,1417.000031,632.166809
70,76,1419.0,632.053,1419.0,632.052917
70,77,1421.0,631.95,1421.000031,631.950134
70,78,1423.0,631.864,1423.0,631.864319
70,79,1425.0,631.799,1425.0,631.798798
70,80,1427.0,631.756,1427.000031,631.756287
70,81,1429.0,631.731,1429.0,631.73053
70,82,1431.0,631.706,1431.000031,631.705841
70,83,1433.0,631.66,1433.0,631.660339
70,84,1435.0,631.578,1435.000031,631.578003
70,85,1437.0,631.458,1437.0,631.457672
70,86,1439.0,631.318,1439.0,631.317566
70,87,1441.0,631.19,1441.000031,631.190216
70,88,1443.0,631.096,1443.0,631.095825
70,89,1445.0,631.04,1445.000031,631.039795
70,90,1447.0,631.003,1447.0,631.002655
70,91,1449.0,630.959,1449.000031,630.959167
70,92,1451.0,630.893,1451.0,630.893463
70,93,1453.0,630.813,1453.000031,630.812866
70,94,1455.0,630.74,1455.0,630.739502
70,95,1457.0,630.69,1457.0,630.689636
70,96,1459.0,630.665,1459.000031,630.664673
70,97,1461.0,630.655,1461.0,630.654938
70,98,1463.0,630.652,1463.000031,630.6521
70,99,1465.0,630.655,1465.0,630.655212
70,100,1467.0,630.664,1467.000031,630.663818
70,101,1469.0,630.671,1469.0,630.671204
70,102,1471.0,630.673,1471.0,630.672668
70,103,1473.0,630.666,1473.000031,630.665619
70,104,1475.0,630.648,1475.0,630.647552
70,105,1477.0,630.623,1477.000031,630.622742
70,106,1479.0,630.599,1479.0,630.599213
70,107,1481.0,630.581,1481.000031,630.581207
70,108,1483.0,630.567,1483.0,630.567352
70,109,1485.0,630.551,1485.0,630.550934
70,110,1487.0,630.53,1487.000031,630.529999
70,111,1489.0,630.51,1489.0,630.509705
70,112,1491.0,630.496,1491.000031,630.495728
70,113,1493.0,630.49,1493.000031,630.489746
70,114,1495.0,630.487,1495.000031,630.487335
70,115,1497.0,630.486,1497.0,630.485748
70,116,1499.0,630.481,1499.0,630.480957
70,117,1501.0,630.467,1501.000031,630.467346
70,118,1503.0,630.448,1503.0,630.448212
70,119,1505.0,630.43,1505.000031,630.429688
70,120,1507.0,630.421,1507.000031,630.421173
70,121,1509.0,630.43,1509.000031,630.430237
70,122,1511.0,630.445,1511.0,630.445282
70,123,1513.0,630.456,1513.0,630.456238
70,124,1515.0,630.47,1515.000031,630.470276
70,125,1517.0,630.502,1517.000031,630.501923
70,126,1519.0,630.55,1519.0,630.55011
70,127,1521.0,630.576,1521.000031,630.575745
70,128,1523.0,630.516,1523.000031,630.516388
70,129,1525.0,630.379,1525.0,630.379486
70,130,1527.0,630.219,1527.0,630.218719
70,131,1529.0,630.086,1529.000031,630.086273
70,132,1531.0,630.008,1531.000031,630.00824
70,133,1533.0,629.955,1533.0,629.954956
70,134,1535.0,629.92,1535.000031,629.919769
70,135,1537.0,629.918,1537.000031,629.918274
70,136,1539.0,629.963,1539.0,629.96344
70,137,1541.0,630.051,1541.0,630.050507
70,138,1543.0,630.145,1543.000031,630.14502
70,139,1545.0,630.206,1545.000031,630.206116
70,140,1547.0,630.219,1547.0,630.218811
70,141,1549.0,630.203,1549.000031,630.203339
70,142,1551.0,630.201,1551.000031,630.200684
70,143,1553.0,630.243,1553.0,630.243225
70,144,1555.0,630.335,1555.0,630.335358
70,145,1557.0,630.445,1557.000031,630.445068
70,146,1559.0,630.546,1559.000031,630.545593
70,147,1561.0,630.622,1561.0,630.621857
70,148,1563.0,630.684,1563.000031,630.684448
70,149,1565.0,630.754,1565.000031,630.753937
70,150,1567.0,630.827,1567.0,630.826508
70,151,1569.0,630.883,1569.0,630.882782
70,152,1571.0,630.912,1571.000031,630.911835
70,153,1573.0,630.927,1573.000031,630.927277
70,154,1575.0,630.957,1575.0,630.957092
70,155,1577.0,631.011,1577.000031,631.010864
70,156,1579.0,631.07,1579.000031,631.069855
70,157,1581.0,631.111,1581.000031,631.111023
70,158,1583.0,631.13,1583.0,631.129669
70,159,1585.0,631.137,1585.000031,631.137268
70,160,1587.0,631.146,1587.000031,631.145538
70,161,1589.0,631.155,1589.0,631.154602
70,162,1591.0,631.161,1591.000031,631.161346
70,163,1593.0,631.171,1593.000031,631.170532
70,164,1595.0,631.194,1595.000031,631.194183
70,165,1597.0,631.245,1597.0,631.245392
70,166,1599.0,631.324,1599.000031,631.323517
70,167,1601.0,631.412,1601.000031,631.412445
70,168,1603.0,631.494,1603.0,631.494446
70,169,1605.0,631.561,1605.000031,631.56076
70,170,1607.0,631.614,1607.000031,631.613831
70,171,1609.0,631.664,1609.000031,631.664001
70,172,1611.0,631.718,1611.0,631.717773
70,173,1613.0,631.779,1613.000031,631.779236
70,174,1615.0,631.845,1615.000031,631.845093
70,175,1617.0,631.904,1617.0,631.904297
70,176,1619.0,631.949,1619.000031,631.949341
70,177,1621.0,631.981,1621.000031,631.981354
70,178,1623.0,632.008,1623.000031,632.007629
70,179,1625.0,632.035,1625.0,632.035217
70,180,1627.0,632.072,1627.000031,632.071716
70,181,1629.0,632.128,1629.000031,632.128479
70,182,1631.0,632.205,1631.0,632.205322
70,183,1633.0,632.284,1633.000031,632.284119
70,184,1635.0,632.346,1635.000031,632.345825
70,185,1637.0,632.387,1637.000031,632.386658
70,186,1639.0,632.424,1639.0,632.423523
70,187,1641.0,632.469,1641.000031,632.468689
70,188,1643.0,632.523,1643.000031,632.522888
70,189,1645.0,632.585,1645.0,632.585205
70,190,1647.0,632.656,1647.000031,632.655579
70,191,1649.0,632.73,1649.000031,632.730408
70,192,1651.0,632.798,1651.000031,632.798462
70,193,1653.0,632.846,1653.0,632.845581
70,194,1655.0,632.868,1655.000031,632.867676
70,195,1657.0,632.872,1657.000031,632.871765
70,196,1659.0,632.87,1659.0,632.869873
70,197,1661.0,632.877,1661.000031,632.87738
70,198,1663.0,632.904,1663.0,632.904297
70,199,1665.0,632.948,1665.000061,632.948364
70,200,1667.0,632.998,1667.0,632.997559
70,201,1669.0,633.042,1669.0,633.042358
70,202,1671.0,633.081,1671.000061,633.080933
70,203,1673.0,633.118,1673.0,633.118225
70,204,1675.0,633.161,1675.0,633.160522
70,205,1677.0,633.208,1677.000061,633.208069
70,206,1679.0,633.253,1679.000061,633.253357
70,207,1681.0,633.289,1681.0,633.28894
70,208,1683.0,633.315,1683.0,633.315247
70,209,1685.0,633.337,1685.000061,633.33728
70,210,1687.0,633.359,1687.0,633.358826
70,211,1689.0,633.379,1689.0,633.378662
70,212,1691.0,633.396,1691.000061,633.39563
70,213,1693.0,633.412,1693.000061,633.412231
70,214,1695.0,633.425,1695.0,633.425476
70,215,1697.0,633.422,1697.0,633.422363
70,216,1699.0,633.397,1699.000061,633.397034
70,217,1701.0,633.36,1701.0,633.359741
70,218,1702.857,633.329,1702.857178,633.328552
70,219,1704.143,633.313,1704.142883,633.313293
71,0,1150.857,628.648,1150.857143,628.648041
71,1,1152.143,628.803,1152.142857,628.803101
71,2,1154.0,629.061,1154.0,629.060974
71,3,1156.0,629.479,1156.0,629.478668
71,4,1158.0,630.017,1158.0,630.01712
71,5,1160.0,630.633,1160.000001,630.63266
71,6,1162.0,631.266,1162.000001,631.2659
71,7,1164.0,631.839,1164.000001,631.839294
71,8,1166.0,632.387,1166.0,632.386902
71,9,1168.0,632.867,1168.000002,632.866638
71,10,1170.0,633.287,1170.000002,633.286865
71,11,1172.0,633.651,1172.0,633.650635
71,12,1174.0,634.03,1174.000002,634.030396
71,13,1176.0,634.448,1176.0,634.44812
71,14,1178.0,634.901,1178.000002,634.901245
71,15,1180.0,635.38,1180.000002,635.380249
71,16,1182.0,635.844,1182.000004,635.844482
71,17,1184.0,636.344,1184.0,636.344238
71,18,1186.0,636.842,1186.000004,636.841675
71,19,1188.0,637.333,1188.0,637.333374
71,20,1190.0,637.75,1190.000004,637.750427
71,21,1192.0,638.065,1192.000004,638.065308
71,22,1194.0,638.28,1194.000004,638.280273
71,23,1196.0,638.473,1196.0,638.47345
71,24,1198.0,638.87,1198.0,638.869507
71,25,1200.0,639.498,1200.000004,639.498047
71,26,1202.0,640.188,1202.000004,640.187561
71,27,1204.0,640.881,1204.0,640.88147
71,28,1206.0,641.369,1206.000004,641.369202
71,29,1208.0,641.763,1208.000004,641.763184
71,30,1210.0,642.167,1210.000004,642.167053
71,31,1212.0,642.608,1212.0,642.608032
71,32,1214.0,643.174,1214.0,643.173584
71,33,1216.0,643.805,1216.0,643.804626
71,34,1218.0,644.344,1218.0,644.344238
71,35,1220.0,644.693,1220.0,644.693298
71,36,1222.0,644.904,1222.000008,644.904358
71,37,1224.0,645.075,1224.000008,645.075439
71,38,1226.0,645.334,1226.0,645.333618
71,39,1266.571,645.576,1266.571434,645.5755
71,40,1307.143,645.673,1307.142868,645.672607
71,41,1347.714,645.557,1347.714294,645.556946
71,42,1369.0,645.216,1369.0,645.215637
71,43,1371.0,644.82,1371.000015,644.820312
71,44,1373.0,644.373,1373.000015,644.373291
71,45,1375.0,643.821,1375.000015,643.820679
71,46,1377.0,643.263,1377.000015,643.263123
71,47,1379.0,642.766,1379.0,642.766235
71,48,1381.0,642.415,1381.000015,642.414978
71,49,1383.0,642.166,1383.000015,642.166382
71,50,1385.0,641.918,1385.000015,641.917542
71,51,1387.0,641.66,1387.0,641.659973
71,52,1389.0,641.427,1389.000015,641.426514
71,53,1391.0,641.233,1391.000015,641.233398
71,54,1393.0,641.062,1393.0,641.062378
71,55,1395.0,640.853,1395.000015,640.852905
71,56,1397.0,640.598,1397.000015,640.598389
71,57,1399.0,640.333,1399.000015,640.33313
71,58,1401.0,640.089,1401.0,640.089478
71,59,1403.0,639.868,1403.000015,639.867615
71,60,1405.0,639.657,1405.000015,639.656738
71,61,1407.0,639.471,1407.000031,639.470886
71,62,1409.0,639.33,1409.0,639.3302
71,63,1411.0,639.237,1411.0,639.237305
71,64,1413.0,639.156,1413.000031,639.155579
71,65,1415.0,639.063,1415.0,639.062927
71,66,1417.0,638.953,1417.000031,638.95282
71,67,1419.0,638.835,1419.0,638.834778
71,68,1421.0,638.731,1421.000031,638.731384
71,69,1423.0,638.655,1423.0,638.655457
71,70,1425.0,638.608,1425.0,638.608154
71,71,1427.0,638.578,1427.000031,638.577698
71,72,1429.0,638.543,1429.0,638.543274
71,73,1431.0,638.504,1431.000031,638.503662
71,74,1433.0,638.459,1433.0,638.45929
71,75,1435.0,638.391,1435.000031,638.391418
71,76,1437.0,638.273,1437.0,638.272766
71,77,1439.0,638.107,1439.0,638.107178
71,78,1441.0,637.941,1441.000031,637.94104
71,79,1443.0,637.825,1443.0,637.824707
71,80,1445.0,637.775,1445.000031,637.775024
71,81,1447.0,637.763,1447.0,637.762695
71,82,1449.0,637.757,1449.000031,637.756897
71,83,1451.0,637.752,1451.0,637.751892
71,84,1453.0,637.747,1453.000031,637.746887
71,85,1455.0,637.729,1455.0,637.729309
71,86,1457.0,637.68,1457.0,637.679749
71,87,1459.0,637.595,1459.000031,637.595276
71,88,1461.0,637.49,1461.0,637.489502
71,89,1463.0,637.382,1463.000031,637.382446
71,90,1465.0,637.292,1465.0,637.291809
71,91,1467.0,637.221,1467.000031,637.221252
71,92,1469.0,637.191,1469.0,637.191284
71,93,1471.0,637.22,1471.0,637.220337
71,94,1473.0,637.3,1473.000031,637.299683
71,95,1475.0,637.392,1475.0,637.391968
71,96,1477.0,637.456,1477.000031,637.455688
71,97,1479.0,637.478,1479.0,637.478333
71,98,1481.0,637.479,1481.000031,637.479248
71,99,1483.0,637.473,1483.0,637.473328
71,100,1485.0,637.449,1485.0,637.449158
71,101,1487.0,637.397,1487.000031,637.396606
71,102,1489.0,637.324,1489.0,637.32428
71,103,1491.0,637.258,1491.000031,637.258484
71,104,1493.0,637.224,1493.000031,637.223511
71,105,1495.0,637.216,1495.000031,637.216187
71,106,1497.0,637.219,1497.0,637.219055
71,107,1499.0,637.217,1499.0,637.216614
71,108,1501.0,637.2,1501.000031,637.200378
71,109,1503.0,637.181,1503.0,637.181213
71,110,1505.0,637.176,1505.000031,637.175598
71,111,1507.0,637.187,1507.000031,637.187317
71,112,1509.0,637.214,1509.000031,637.213684
71,113,1511.0,637.244,1511.0,637.243652
71,114,1513.0,637.273,1513.0,637.273071
71,115,1515.0,637.305,1515.000031,637.305359
71,116,1517.0,637.34,1517.000031,637.339722
71,117,1519.0,637.378,1519.0,637.37793
71,118,1521.0,637.417,1521.000031,637.416809
71,119,1523.0,637.447,1523.000031,637.447388
71,120,1525.0,637.466,1525.0,637.46582
71,121,1527.0,637.475,1527.0,637.47522
71,122,1529.0,637.485,1529.000031,637.48468
71,123,1531.0,637.501,1531.000031,637.500671
71,124,1533.0,637.52,1533.0,637.519836
71,125,1535.0,637.537,1535.000031,637.536682
71,126,1537.0,637.554,1537.000031,637.553528
71,127,1539.0,637.582,1539.0,637.582031
71,128,1541.0,637.632,1541.0,637.632019
71,129,1543.0,637.702,1543.000031,637.701721
71,130,1545.0,637.777,1545.000031,637.777283
71,131,1547.0,637.85,1547.0,637.849976
71,132,1549.0,637.929,1549.000031,637.928833
71,133,1551.0,638.02,1551.000031,638.020386
71,134,1553.0,638.121,1553.0,638.120667
71,135,1555.0,638.223,1555.0,638.222717
71,136,1557.0,638.318,1557.000031,638.317749
71,137,1559.0,638.408,1559.000031,638.40802
71,138,1561.0,638.494,1561.0,638.494263
71,139,1563.0,638.569,1563.000031,638.569031
71,140,1565.0,638.636,1565.000031,638.635864
71,141,1567.0,638.688,1567.0,638.687988
71,142,1569.0,638.718,1569.0,638.718262
71,143,1571.0,638.724,1571.000031,638.724487
71,144,1573.0,638.712,1573.000031,638.712036
71,145,1575.0,638.696,1575.0,638.696045
71,146,1577.0,638.685,1577.000031,638.684937
71,147,1579.0,638.675,1579.000031,638.674866
71,148,1581.0,638.665,1581.000031,638.665039
71,149,1583.0,638.66,1583.0,638.6604
71,150,1585.0,638.666,1585.000031,638.666382
71,151,1587.0,638.687,1587.000031,638.686951
71,152,1589.0,638.721,1589.0,638.721069
71,153,1591.0,638.765,1591.000031,638.764832
71,154,1593.0,638.813,1593.000031,638.813049
71,155,1595.0,638.857,1595.000031,638.856812
71,156,1597.0,638.892,1597.0,638.892151
71,157,1599.0,638.923,1599.000031,638.923157
71,158,1601.0,638.958,1601.000031,638.95813
71,159,1603.0,639.003,1603.0,639.003113
71,160,1605.0,639.056,1605.000031,639.056213
71,161,1607.0,639.11,1607.000031,639.109924
71,162,1609.0,639.154,1609.000031,639.154175
71,163,1611.0,639.184,1611.0,639.183533
71,164,1613.0,639.202,1613.000031,639.201599
71,165,1615.0,639.214,1615.000031,639.214111
71,166,1617.0,639.224,1617.0,639.224426
71,167,1619.0,639.236,1619.000031,639.236023
71,168,1621.0,639.258,1621.000031,639.258484
71,169,1623.0,639.309,1623.000031,639.308655
71,170,1625.0,639.415,1625.0,639.414917
71,171,1627.0,639.597,1627.000031,639.597168
71,172,1629.0,639.82,1629.000031,639.819824
71,173,1631.0,640.034,1631.0,640.033813
71,174,1633.0,640.177,1633.000031,640.176636
71,175,1635.0,640.245,1635.000031,640.244507
71,176,1637.0,640.262,1637.000031,640.262451
71,177,1639.0,640.258,1639.0,640.257507
71,178,1641.0,640.237,1641.000031,640.236511
71,179,1643.0,640.189,1643.000031,640.18866
71,180,1645.0,640.109,1645.0,640.108948
71,181,1647.0,640.007,1647.000031,640.00708
71,182,1649.0,639.904,1649.000031,639.903992
71,183,1651.0,639.822,1651.000031,639.821594
71,184,1653.0,639.767,1653.0,639.767212
71,185,1655.0,639.742,1655.000031,639.741821
71,186,1657.0,639.752,1657.000031,639.751892
71,187,1659.0,639.802,1659.0,639.802368
71,188,1661.0,639.888,1661.000031,639.888489
71,189,1663.0,639.998,1663.0,639.998413
71,190,1665.0,640.12,1665.000061,640.119873
71,191,1667.0,640.237,1667.0,640.237183
71,192,1669.0,640.328,1669.0,640.327637
71,193,1671.0,640.372,1671.000061,640.372253
71,194,1672.857,640.828,1672.857178,640.828003
71,195,1674.429,641.275,1674.428589,641.275391
71,196,1675.714,641.736,1675.714294,641.736023
71,197,1676.714,642.223,1676.714294,642.222839
71,198,1677.714,642.278,1677.714355,642.277893
71,199,1678.714,642.344,1678.714294,642.343994
71,200,1679.714,642.423,1679.714294,642.422668
71,201,1680.714,642.505,1680.714294,642.5047
71,202,1681.714,642.583,1681.714294,642.582764
71,203,1682.714,642.653,1682.714294,642.653259
71,204,1683.714,642.715,1683.714294,642.71521
71,205,1684.714,642.776,1684.714355,642.775635
71,206,1685.714,642.838,1685.714294,642.837524
71,207,1686.714,642.9,1686.714294,642.899536
71,208,1687.714,642.958,1687.714294,642.95813
71,209,1688.714,643.006,1688.714294,643.005676
71,210,1689.714,643.029,1689.714294,643.029419
71,211,1690.714,643.017,1690.714294,643.016968
71,212,1691.714,642.967,1691.714355,642.967285
71,213,1692.714,642.893,1692.714294,642.893188
71,214,1693.714,642.815,1693.714294,642.81543
71,215,1694.714,642.753,1694.714294,642.752808
71,216,1695.714,642.709,1695.714294,642.709473
71,217,1696.714,642.676,1696.714294,642.676392
71,218,1697.714,642.654,1697.714294,642.654297
71,219,1698.714,642.646,1698.714355,642.646179
71,220,1699.714,642.661,1699.714294,642.660522
71,221,1700.714,642.695,1700.714294,642.695496
71,222,1701.714,642.742,1701.714294,642.742188
71,223,1702.714,642.789,1702.714294,642.788879
71,224,1703.714,642.822,1703.714294,642.82196
71,225,1704.429,643.468,1704.428589,643.467773
72,0,1150.857,639.087,1150.857143,639.08728
72,1,1152.143,639.396,1152.142857,639.395508
72,2,1154.0,639.805,1154.0,639.804749
72,3,1156.0,640.25,1156.0,640.250183
72,4,1158.0,640.607,1158.0,640.606873
72,5,1160.0,640.949,1160.000001,640.948914
72,6,1162.0,641.283,1162.000001,641.283386
72,7,1164.0,641.599,1164.000001,641.599121
72,8,1166.0,641.926,1166.0,641.925598
72,9,1168.0,642.265,1168.000002,642.265137
72,10,1170.0,642.621,1170.000002,642.620911
72,11,1172.0,642.987,1172.0,642.986511
72,12,1174.0,643.333,1174.000002,643.332703
72,13,1176.0,643.662,1176.0,643.661926
72,14,1178.0,644.001,1178.000002,644.000793
72,15,1180.0,644.379,1180.000002,644.378845
72,16,1182.0,644.85,1182.000004,644.849792
72,17,1184.0,645.355,1184.0,645.354797
72,18,1186.0,645.828,1186.000004,645.828064
72,19,1188.0,646.223,1188.0,646.222961
72,20,1190.0,646.505,1190.000004,646.505371
72,21,1192.0,646.702,1192.000004,646.702209
72,22,1194.0,646.813,1194.000004,646.812683
72,23,1196.0,646.886,1196.0,646.886047
72,24,1198.0,647.017,1198.0,647.017273
72,25,1200.0,647.094,1200.000004,647.093811
72,26,1202.0,647.001,1202.000004,647.000916
72,27,1204.0,646.894,1204.0,646.893921
72,28,1206.0,646.746,1206.000004,646.746094
72,29,1213.714,646.726,1213.714291,646.725586
72,30,1221.429,646.901,1221.428574,646.901123
72,31,1229.143,647.14,1229.14286,647.140198
72,32,1234.0,647.545,1234.0,647.544617
72,33,1236.0,648.0,1236.0,648.000488
72,34,1238.286,648.58,1238.285721,648.580078
72,35,1240.571,649.278,1240.571434,649.278015
72,36,1242.714,650.029,1242.714279,650.02887
72,37,1244.143,650.551,1244.142853,650.55127
73,0,1373.857,658.559,1373.857162,658.558899
73,1,1375.143,658.379,1375.142868,658.379272
73,2,1377.0,658.152,1377.000015,658.151794
73,3,1379.0,657.962,1379.0,657.961609
73,4,1381.0,657.828,1381.000015,657.828369
73,5,1383.0,657.759,1383.000015,657.758667
73,6,1385.0,657.715,1385.000015,657.714661
73,7,1387.0,657.573,1387.0,657.573303
73,8,1389.0,657.335,1389.000015,657.334961
73,9,1391.0,657.01,1391.000015,657.010315
73,10,1393.0,656.723,1393.0,656.722839
73,11,1395.0,656.618,1395.000015,656.617554
73,12,1397.0,656.633,1397.000015,656.632935
73,13,1399.0,656.661,1399.000015,656.661255
73,14,1401.0,656.653,1401.0,656.653381
73,15,1403.0,656.629,1403.000015,656.629456
73,16,1405.0,656.623,1405.000015,656.622681
73,17,1407.0,656.613,1407.000031,656.612976
73,18,1409.0,656.537,1409.0,656.537476
73,19,1411.0,656.368,1411.0,656.36792
73,20,1413.0,656.104,1413.000031,656.104187
73,21,1415.0,655.704,1415.0,655.704346
73,22,1417.0,655.231,1417.000031,655.230896
73,23,1419.0,654.783,1419.0,654.78302
73,24,1421.0,654.407,1421.000031,654.406616
73,25,1423.0,654.147,1423.0,654.146545
73,26,1425.0,653.903,1425.0,653.903381
73,27,1427.0,653.678,1427.000031,653.678223
73,28,1429.0,653.543,1429.0,653.543335
73,29,1431.0,653.526,1431.000031,653.526428
73,30,1433.0,653.577,1433.0,653.576599
73,31,1435.0,653.677,1435.000031,653.67749
73,32,1437.0,653.856,1437.0,653.85614
73,33,1439.0,654.144,1439.0,654.143738
73,34,1441.0,654.484,1441.000031,654.484436
73,35,1443.0,654.754,1443.0,654.754211
73,36,1445.0,654.876,1445.000031,654.876343
73,37,1447.0,654.842,1447.0,654.841797
73,38,1449.0,654.677,1449.000031,654.677429
73,39,1451.0,654.393,1451.0,654.392883
73,40,1453.0,654.02,1453.000031,654.019592
73,41,1455.0,653.656,1455.0,653.656128
73,42,1457.0,653.461,1457.0,653.460693
73,43,1459.0,653.459,1459.000031,653.458862
73,44,1461.0,653.584,1461.0,653.583862
73,45,1463.0,653.7,1463.000031,653.699829
73,46,1465.0,653.734,1465.0,653.733826
73,47,1467.0,653.73,1467.000031,653.729736
73,48,1469.0,653.711,1469.0,653.710571
73,49,1471.0,653.676,1471.0,653.676392
73,50,1473.0,653.613,1473.000031,653.613159
73,51,1475.0,653.524,1475.0,653.524475
73,52,1477.0,653.437,1477.000031,653.436523
73,53,1479.0,653.356,1479.0,653.355713
73,54,1481.0,653.287,1481.000031,653.286926
73,55,1483.0,653.223,1483.0,653.223389
73,56,1485.0,653.165,1485.0,653.164673
73,57,1487.0,653.112,1487.000031,653.112122
73,58,1489.0,653.069,1489.0,653.069397
73,59,1491.0,653.049,1491.000031,653.048706
73,60,1493.0,653.064,1493.000031,653.064148
73,61,1495.0,653.113,1495.000031,653.113159
73,62,1497.0,653.176,1497.0,653.175781
73,63,1499.0,653.248,1499.0,653.247925
73,64,1501.0,653.336,1501.000031,653.336121
73,65,1503.0,653.386,1503.0,653.385986
73,66,1505.0,653.33,1505.000031,653.329834
73,67,1507.0,653.173,1507.000031,653.173218
73,68,1509.0,652.98,1509.000031,652.980042
73,69,1511.0,652.853,1511.0,652.8526
73,70,1513.0,652.833,1513.0,652.832947
73,71,1515.0,652.864,1515.000031,652.864197
73,72,1517.0,652.878,1517.000031,652.877625
73,73,1519.0,652.854,1519.0,652.854004
73,74,1521.0,652.802,1521.000031,652.801819
73,75,1523.0,652.754,1523.000031,652.753723
73,76,1525.0,652.731,1525.0,652.730835
73,77,1527.0,652.716,1527.0,652.715576
73,78,1529.0,652.694,1529.000031,652.694275
73,79,1531.0,652.673,1531.000031,652.672791
73,80,1533.0,652.666,1533.0,652.666199
73,81,1535.0,652.685,1535.000031,652.684937
73,82,1537.0,652.721,1537.000031,652.720703
73,83,1539.0,652.751,1539.0,652.750549
73,84,1541.0,652.758,1541.0,652.757507
73,85,1543.0,652.742,1543.000031,652.74176
73,86,1545.0,652.722,1545.000031,652.721619
73,87,1547.0,652.712,1547.0,652.711548
73,88,1549.0,652.704,1549.000031,652.703613
73,89,1551.0,652.696,1551.000031,652.695679
73,90,1553.0,652.687,1553.0,652.686829
73,91,1555.0,652.671,1555.0,652.670837
73,92,1557.0,652.648,1557.000031,652.647888
73,93,1559.0,652.627,1559.000031,652.627319
73,94,1561.0,652.626,1561.0,652.625671
73,95,1563.0,652.648,1563.000031,652.648499
73,96,1565.0,652.681,1565.000031,652.680969
73,97,1567.0,652.709,1567.0,652.709351
73,98,1569.0,652.733,1569.0,652.732971
73,99,1571.0,652.754,1571.000031,652.754089
73,100,1573.0,652.771,1573.000031,652.770508
73,101,1575.0,652.782,1575.0,652.781738
73,102,1577.0,652.794,1577.000031,652.794373
73,103,1579.0,652.816,1579.000031,652.815796
73,104,1581.0,652.851,1581.000031,652.850708
73,105,1583.0,652.902,1583.0,652.902344
73,106,1585.0,652.971,1585.000031,652.971008
73,107,1587.0,653.056,1587.000031,653.056274
73,108,1589.0,653.149,1589.0,653.149231
73,109,1591.0,653.236,1591.000031,653.236389
73,110,1593.0,653.311,1593.000031,653.310913
73,111,1595.0,653.363,1595.000031,653.362793
73,112,1597.0,653.387,1597.0,653.387146
73,113,1599.0,653.392,1599.000031,653.391785
73,114,1601.0,653.388,1601.000031,653.388367
73,115,1603.0,653.388,1603.0,653.387939
73,116,1605.0,653.387,1605.000031,653.386719
73,117,1607.0,653.375,1607.000031,653.374756
73,118,1609.0,653.362,1609.000031,653.362427
73,119,1611.0,653.371,1611.0,653.37146
73,120,1613.0,653.399,1613.000031,653.399231
73,121,1615.0,653.429,1615.000031,653.428589
73,122,1617.0,653.447,1617.0,653.446899
73,123,1619.0,653.455,1619.000031,653.454651
73,124,1621.0,653.468,1621.000031,653.467773
73,125,1623.0,653.486,1623.000031,653.486084
73,126,1625.0,653.5,1625.0,653.499878
73,127,1627.0,653.512,1627.000031,653.51178
73,128,1629.0,653.538,1629.000031,653.53833
73,129,1631.0,653.594,1631.0,653.594299
73,130,1633.0,653.675,1633.000031,653.675232
73,131,1635.0,653.758,1635.000031,653.758362
73,132,1637.0,653.815,1637.000031,653.814819
73,133,1639.0,653.831,1639.0,653.831482
73,134,1641.0,653.818,1641.000031,653.818359
73,135,1643.0,653.799,1643.000031,653.798889
73,136,1645.0,653.797,1645.0,653.797485
73,137,1647.0,653.833,1647.000031,653.83252
73,138,1649.0,653.899,1649.000031,653.899414
73,139,1651.0,653.974,1651.000031,653.974121
73,140,1653.0,654.034,1653.0,654.033997
73,141,1655.0,654.069,1655.000031,654.068726
73,142,1657.0,654.084,1657.000031,654.08374
73,143,1659.0,654.094,1659.0,654.093811
73,144,1661.0,654.114,1661.000031,654.114075
73,145,1663.0,654.153,1663.0,654.153137
73,146,1665.0,654.221,1665.000061,654.221008
73,147,1667.0,654.318,1667.0,654.317688
73,148,1669.0,654.416,1669.0,654.415588
73,149,1671.0,654.5,1671.000061,654.499634
73,150,1673.0,654.559,1673.0,654.558716
73,151,1675.0,654.594,1675.0,654.593567
73,152,1677.0,654.625,1677.000061,654.625
73,153,1679.0,654.665,1679.000061,654.664734
73,154,1681.0,654.729,1681.0,654.728821
73,155,1683.0,654.82,1683.0,654.820374
73,156,1685.0,654.926,1685.000061,654.926086
73,157,1687.0,655.022,1687.0,655.02179
73,158,1689.0,655.09,1689.0,655.090454
73,159,1691.0,655.133,1691.000061,655.13324
73,160,1693.0,655.155,1693.000061,655.155212
73,161,1695.0,655.157,1695.0,655.156982
73,162,1697.0,655.137,1697.0,655.137329
73,163,1699.0,655.1,1699.000061,655.099915
73,164,1701.0,655.062,1701.0,655.062073
73,165,1702.857,655.037,1702.857178,655.037231
73,166,1704.143,655.028,1704.142883,655.028137
74,0,1167.857,653.402,1167.857143,653.401855
74,1,1169.143,653.556,1169.142859,653.555908
74,2,1171.0,654.062,1171.000002,654.062317
74,3,1173.0,654.823,1173.000002,654.822693
74,4,1175.0,655.621,1175.000002,655.620911
74,5,1177.0,656.345,1177.000002,656.344971
74,6,1179.0,656.584,1179.000002,656.584229
74,7,1181.0,656.69,1181.000002,656.689941
74,8,1183.0,656.711,1183.000004,656.71051
74,9,1185.0,656.653,1185.0,656.65271
74,10,1187.0,656.567,1187.0,656.566833
74,11,1189.0,656.452,1189.0,656.452271
74,12,1191.0,656.29,1191.0,656.290466
74,13,1193.0,656.037,1193.000004,656.036926
74,14,1195.0,655.721,1195.0,655.720764
74,15,1198.714,654.746,1198.714287,654.746155
74,16,1204.143,653.25,1204.142857,653.249512
74,17,1209.571,651.788,1209.57143,651.787598
74,18,1215.0,650.313,1215.0,650.312622
74,19,1217.0,650.16,1217.000008,650.1604
74,20,1218.857,649.972,1218.857147,649.971985
74,21,1220.143,649.887,1220.14286,649.886841
75,0,1378.857,669.931,1378.857162,669.930847
75,1,1380.143,669.926,1380.142868,669.925598
75,2,1382.0,669.766,1382.000015,669.766052
75,3,1384.0,669.388,1384.000015,669.388123
75,4,1386.0,668.905,1386.0,668.905457
75,5,1388.0,668.445,1388.000015,668.445007
75,6,1390.0,668.081,1390.000015,668.080688
75,7,1392.0,667.791,1392.000015,667.790649
75,8,1394.0,667.539,1394.0,667.538513
75,9,1396.0,667.329,1396.000015,667.329346
75,10,1398.0,667.164,1398.000015,667.164062
75,11,1400.0,666.994,1400.0,666.994141
75,12,1402.0,666.818,1402.000015,666.817993
75,13,1404.0,666.66,1404.000015,666.659851
75,14,1406.0,666.533,1406.000031,666.532898
75,15,1408.0,666.42,1408.0,666.419922
75,16,1410.0,666.287,1410.000031,666.286987
75,17,1412.0,666.125,1412.0,666.125488
75,18,1414.0,665.95,1414.000031,665.950317
75,19,1416.0,665.782,1416.0,665.781616
75,20,1418.0,665.642,1418.0,665.642029
75,21,1420.0,665.538,1420.000031,665.537659
75,22,1422.0,665.462,1422.0,665.46167
75,23,1424.0,665.402,1424.000031,665.401611
75,24,1426.0,665.338,1426.0,665.337524
75,25,1428.0,665.264,1428.000031,665.263977
75,26,1430.0,665.191,1430.0,665.191345
75,27,1432.0,665.128,1432.0,665.128418
75,28,1434.0,665.076,1434.000031,665.076355
75,29,1436.0,665.026,1436.0,665.026062
75,30,1438.0,664.975,1438.000031,664.974915
75,31,1440.0,664.935,1440.0,664.935486
75,32,1442.0,664.917,1442.000031,664.916992
75,33,1444.0,664.903,1444.0,664.902771
75,34,1446.0,664.846,1446.0,664.846436
75,35,1448.0,664.716,1448.000031,664.715759
75,36,1450.0,664.534,1450.0,664.534363
75,37,1452.0,664.351,1452.000031,664.351074
75,38,1454.0,664.214,1454.0,664.214172
75,39,1456.0,664.137,1456.000031,664.137024
75,40,1458.0,664.129,1458.0,664.129211
75,41,1460.0,664.171,1460.000031,664.171448
75,42,1462.0,664.222,1462.0,664.22229
75,43,1464.0,664.251,1464.0,664.250977
75,44,1466.0,664.244,1466.000031,664.243591
75,45,1468.0,664.22,1468.0,664.220459
75,46,1470.0,664.199,1470.000031,664.198853
75,47,1472.0,664.185,1472.0,664.185364
75,48,1474.0,664.178,1474.000031,664.178101
75,49,1476.0,664.156,1476.0,664.156067
75,50,1478.0,664.106,1478.0,664.105835
75,51,1480.0,664.032,1480.000031,664.03241
75,52,1482.0,663.962,1482.0,663.96228
75,53,1484.0,663.919,1484.000031,663.91864
75,54,1486.0,663.891,1486.0,663.891174
75,55,1488.0,663.867,1488.000031,663.866577
75,56,1490.0,663.846,1490.0,663.845642
75,57,1492.0,663.834,1492.0,663.834045
75,58,1494.0,663.833,1494.000031,663.833069
75,59,1496.0,663.838,1496.0,663.838318
75,60,1498.0,663.843,1498.000031,663.842834
75,61,1500.0,663.838,1500.000031,663.837891
75,62,1502.0,663.817,1502.000031,663.817383
75,63,1504.0,663.787,1504.0,663.787048
75,64,1506.0,663.756,1506.0,663.755798
75,65,1508.0,663.729,1508.000031,663.729492
75,66,1510.0,663.721,1510.000031,663.721191
75,67,1512.0,663.735,1512.0,663.734558
75,68,1514.0,663.769,1514.000031,663.768799
75,69,1516.0,663.82,1516.000031,663.820435
75,70,1518.0,663.869,1518.0,663.869019
75,71,1520.0,663.898,1520.0,663.897522
75,72,1522.0,663.903,1522.000031,663.903076
75,73,1524.0,663.893,1524.000031,663.892517
75,74,1526.0,663.88,1526.0,663.879883
75,75,1528.0,663.879,1528.000031,663.878845
75,76,1530.0,663.888,1530.000031,663.888184
75,77,1532.0,663.904,1532.0,663.903931
75,78,1534.0,663.924,1534.0,663.923584
75,79,1536.0,663.941,1536.000031,663.941223
75,80,1538.0,663.958,1538.000031,663.957886
75,81,1540.0,663.978,1540.0,663.978333
75,82,1542.0,664.005,1542.000031,664.0047
75,83,1544.0,664.033,1544.000031,664.033142
75,84,1546.0,664.055,1546.0,664.054932
75,85,1548.0,664.066,1548.0,664.066406
75,86,1550.0,664.071,1550.000031,664.071228
75,87,1552.0,664.075,1552.000031,664.074829
75,88,1554.0,664.079,1554.0,664.078857
75,89,1556.0,664.082,1556.000031,664.082275
75,90,1558.0,664.085,1558.000031,664.085205
75,91,1560.0,664.088,1560.0,664.088257
75,92,1562.0,664.093,1562.0,664.092651
75,93,1564.0,664.1,1564.000031,664.09967
75,94,1566.0,664.11,1566.000031,664.10968
75,95,1568.0,664.122,1568.0,664.122253
75,96,1570.0,664.141,1570.000031,664.140808
75,97,1572.0,664.168,1572.000031,664.167542
75,98,1574.0,664.199,1574.0,664.198669
75,99,1576.0,664.228,1576.0,664.228149
75,100,1578.0,664.254,1578.000031,664.254211
75,101,1580.0,664.284,1580.000031,664.28418
75,102,1582.0,664.324,1582.0,664.324463
75,103,1584.0,664.37,1584.000031,664.370178
75,104,1586.0,664.412,1586.000031,664.412476
75,105,1588.0,664.459,1588.000031,664.458801
75,106,1590.0,664.526,1590.0,664.525513
75,107,1592.0,664.605,1592.000031,664.605469
75,108,1594.0,664.679,1594.000031,664.678772
75,109,1596.0,664.719,1596.0,664.718933
75,110,1598.0,664.727,1598.000031,664.727295
75,111,1600.0,664.724,1600.000031,664.724487
75,112,1602.0,664.726,1602.000031,664.725769
75,113,1604.0,664.735,1604.0,664.734619
75,114,1606.0,664.746,1606.000031,664.746155
75,115,1608.0,664.755,1608.000031,664.754639
75,116,1610.0,664.757,1610.0,664.757202
75,117,1612.0,664.755,1612.000031,664.75531
75,118,1614.0,664.751,1614.000031,664.751343
75,119,1616.0,664.746,1616.000031,664.746094
75,120,1618.0,664.742,1618.0,664.741516
75,121,1620.0,664.744,1620.000031,664.744263
75,122,1622.0,664.763,1622.000031,664.763306
75,123,1624.0,664.8,1624.0,664.800171
75,124,1626.0,664.848,1626.000031,664.848145
75,125,1628.0,664.901,1628.000031,664.900574
75,126,1630.0,664.954,1630.000031,664.954163
75,127,1632.0,665.005,1632.0,665.004944
75,128,1634.0,665.048,1634.000031,665.047852
75,129,1636.0,665.078,1636.000031,665.077637
75,130,1638.0,665.098,1638.0,665.098083
75,131,1640.0,665.117,1640.000031,665.117188
75,132,1642.0,665.135,1642.000031,665.134766
75,133,1644.0,665.146,1644.000031,665.146118
75,134,1646.0,665.149,1646.0,665.148743
75,135,1648.0,665.145,1648.000031,665.145203
75,136,1650.0,665.143,1650.000031,665.14325
75,137,1652.0,665.152,1652.0,665.151978
75,138,1654.0,665.178,1654.000031,665.177612
75,139,1656.0,665.22,1656.000031,665.219849
75,140,1658.0,665.275,1658.000031,665.274841
75,141,1660.0,665.346,1660.0,665.346008
75,142,1662.0,665.452,1662.0,665.451782
75,143,1664.0,665.572,1664.0,665.572021
75,144,1666.0,665.673,1666.0,665.67334
75,145,1668.0,665.735,1668.0,665.734924
75,146,1670.0,665.752,1670.000061,665.752441
75,147,1672.0,665.763,1672.000061,665.763184
75,148,1674.0,665.791,1674.0,665.791077
75,149,1676.0,665.836,1676.0,665.836121
75,150,1678.0,665.891,1678.000061,665.890808
75,151,1680.0,665.941,1680.0,665.941162
75,152,1682.0,665.971,1682.0,665.971436
75,153,1683.714,666.487,1683.714355,666.486877
75,154,1685.143,667.0,1685.142883,666.999695
75,155,1686.286,667.519,1686.285706,667.51947
75,156,1687.286,667.548,1687.285767,667.547974
75,157,1688.286,667.584,1688.285706,667.583679
75,158,1689.286,667.629,1689.285706,667.629272
75,159,1690.286,667.689,1690.285706,667.688782
75,160,1691.286,667.767,1691.285767,667.766968
75,161,1692.286,667.868,1692.285767,667.868286
75,162,1693.286,667.959,1693.285706,667.958801
75,163,1694.286,668.029,1694.285767,668.029297
75,164,1695.286,668.069,1695.285706,668.068909
75,165,1696.286,668.103,1696.285706,668.103027
75,166,1697.286,668.129,1697.285706,668.129333
75,167,1698.286,668.147,1698.285767,668.147278
75,168,1699.286,668.158,1699.285767,668.15802
75,169,1700.286,668.164,1700.285706,668.164062
75,170,1701.286,668.168,1701.285767,668.167542
75,171,1702.286,668.17,1702.285706,668.169739
75,172,1703.286,668.171,1703.285706,668.171326
75,173,1704.143,668.842,1704.142883,668.842102
75,174,1704.714,669.512,1704.714294,669.512451
76,0,1150.857,662.928,1150.857143,662.928101
76,1,1152.143,663.084,1152.142857,663.084473
76,2,1154.0,663.32,1154.0,663.319763
76,3,1156.0,663.585,1156.0,663.5849
76,4,1158.0,663.817,1158.0,663.816772
76,5,1160.0,664.014,1160.000001,664.014099
76,6,1162.0,664.227,1162.000001,664.227417
76,7,1164.0,664.513,1164.000001,664.513489
76,8,1166.0,664.895,1166.0,664.895142
76,9,1168.0,665.327,1168.000002,665.327026
76,10,1170.0,665.741,1170.000002,665.741455
76,11,1172.0,666.116,1172.0,666.115662
76,12,1174.0,666.439,1174.000002,666.43927
76,13,1176.0,666.736,1176.0,666.735657
76,14,1178.0,667.0,1178.000002,667.000183
76,15,1180.0,667.216,1180.000002,667.215881
76,16,1182.0,667.404,1182.000004,667.404297
76,17,1184.0,667.581,1184.0,667.581055
76,18,1186.0,667.79,1186.000004,667.789795
76,19,1188.0,668.057,1188.0,668.056702
76,20,1189.857,668.325,1189.857147,668.325317
76,21,1191.143,668.527,1191.14286,668.527466
77,0,1192.857,659.75,1192.857147,659.749573
77,1,1194.143,659.946,1194.14286,659.945984
77,2,1201.429,661.034,1201.428574,661.033875
77,3,1214.286,662.977,1214.285721,662.977417
77,4,1227.143,665.099,1227.14286,665.098755
77,5,1240.0,667.355,1240.0,667.355164
77,6,1242.0,668.044,1242.0,668.043518
77,7,1244.286,669.155,1244.285721,669.155029
77,8,1246.714,670.157,1246.714287,670.15741
77,9,1248.571,671.019,1248.571426,671.019104
78,0,1375.857,681.537,1375.857162,681.537354
78,1,1377.143,681.479,1377.142868,681.478516
78,2,1379.0,681.389,1379.0,681.389343
78,3,1381.0,681.283,1381.000015,681.283142
78,4,1383.0,681.173,1383.000015,681.173279
78,5,1385.0,681.051,1385.000015,681.050903
78,6,1387.0,680.902,1387.0,680.901855
78,7,1389.0,680.702,1389.000015,680.701721
78,8,1391.0,680.455,1391.000015,680.454895
78,9,1393.0,680.185,1393.0,680.184998
78,10,1395.0,679.897,1395.000015,679.897095
78,11,1397.0,679.612,1397.000015,679.612366
78,12,1399.0,679.362,1399.000015,679.361511
78,13,1401.0,679.162,1401.0,679.161743
78,14,1403.0,679.024,1403.000015,679.023621
78,15,1405.0,678.908,1405.000015,678.90802
78,16,1407.0,678.785,1407.000031,678.784546
78,17,1409.0,678.654,1409.0,678.653748
78,18,1411.0,678.525,1411.0,678.525146
78,19,1413.0,678.41,1413.000031,678.409668
78,20,1415.0,678.302,1415.0,678.301514
78,21,1417.0,678.2,1417.000031,678.200134
78,22,1419.0,678.109,1419.0,678.10907
78,23,1421.0,678.022,1421.000031,678.021729
78,24,1423.0,677.938,1423.0,677.937561
78,25,1425.0,677.857,1425.0,677.857178
78,26,1427.0,677.776,1427.000031,677.776489
78,27,1429.0,677.697,1429.0,677.697205
78,28,1431.0,677.627,1431.000031,677.626831
78,29,1433.0,677.568,1433.0,677.568237
78,30,1435.0,677.513,1435.000031,677.513489
78,31,1437.0,677.44,1437.0,677.440063
78,32,1439.0,677.337,1439.0,677.336731
78,33,1441.0,677.217,1441.000031,677.21698
78,34,1443.0,677.105,1443.0,677.105164
78,35,1445.0,677.024,1445.000031,677.024353
78,36,1447.0,676.973,1447.0,676.972656
78,37,1449.0,676.936,1449.000031,676.935669
78,38,1451.0,676.894,1451.0,676.894226
78,39,1453.0,676.828,1453.000031,676.827515
78,40,1455.0,676.736,1455.0,676.736328
78,41,1457.0,676.641,1457.0,676.640991
78,42,1459.0,676.566,1459.000031,676.565613
78,43,1461.0,676.52,1461.0,676.520447
78,44,1463.0,676.493,1463.000031,676.493347
78,45,1465.0,676.471,1465.0,676.47052
78,46,1467.0,676.445,1467.000031,676.444702
78,47,1469.0,676.413,1469.0,676.412537
78,48,1471.0,676.378,1471.0,676.378052
78,49,1473.0,676.354,1473.000031,676.354065
78,50,1475.0,676.355,1475.0,676.354614
78,51,1477.0,676.377,1477.000031,676.376709
78,52,1479.0,676.392,1479.0,676.391724
78,53,1481.0,676.372,1481.000031,676.371948
78,54,1483.0,676.318,1483.0,676.318054
78,55,1485.0,676.257,1485.0,676.257141
78,56,1487.0,676.219,1487.000031,676.219299
78,57,1489.0,676.209,1489.0,676.208984
78,58,1491.0,676.21,1491.000031,676.210327
78,59,1493.0,676.209,1493.000031,676.208679
78,60,1495.0,676.202,1495.000031,676.201721
78,61,1497.0,676.193,1497.0,676.192871
78,62,1499.0,676.184,1499.0,676.184143
78,63,1501.0,676.178,1501.000031,676.177551
78,64,1503.0,676.175,1503.0,676.174561
78,65,1505.0,676.17,1505.000031,676.170349
78,66,1507.0,676.162,1507.000031,676.161865
78,67,1509.0,676.157,1509.000031,676.156555
78,68,1511.0,676.159,1511.0,676.159363
78,69,1513.0,676.163,1513.0,676.163147
78,70,1515.0,676.154,1515.000031,676.154236
78,71,1517.0,676.131,1517.000031,676.130798
78,72,1519.0,676.106,1519.0,676.106262
78,73,1521.0,676.099,1521.000031,676.098938
78,74,1523.0,676.111,1523.000031,676.110962
78,75,1525.0,676.134,1525.0,676.134399
78,76,1527.0,676.164,1527.0,676.164307
78,77,1529.0,676.195,1529.000031,676.194763
78,78,1531.0,676.22,1531.000031,676.220093
78,79,1533.0,676.235,1533.0,676.235413
78,80,1535.0,676.241,1535.000031,676.240967
78,81,1537.0,676.242,1537.000031,676.242004
78,82,1539.0,676.243,1539.0,676.243408
78,83,1541.0,676.249,1541.0,676.248718
78,84,1543.0,676.26,1543.000031,676.259705
78,85,1545.0,676.276,1545.000031,676.276001
78,86,1547.0,676.292,1547.0,676.29248
78,87,1549.0,676.302,1549.000031,676.301636
78,88,1551.0,676.298,1551.000031,676.29834
78,89,1553.0,676.283,1553.0,676.283386
78,90,1555.0,676.263,1555.0,676.262817
78,91,1557.0,676.244,1557.000031,676.243591
78,92,1559.0,676.231,1559.000031,676.231201
78,93,1561.0,676.23,1561.0,676.230042
78,94,1563.0,676.242,1563.000031,676.24231
78,95,1565.0,676.268,1565.000031,676.268127
78,96,1567.0,676.304,1567.0,676.303955
78,97,1569.0,676.342,1569.0,676.342041
78,98,1571.0,676.377,1571.000031,676.376587
78,99,1573.0,676.408,1573.000031,676.407715
78,100,1575.0,676.438,1575.0,676.438354
78,101,1577.0,676.468,1577.000031,676.468323
78,102,1579.0,676.494,1579.000031,676.49353
78,103,1581.0,676.51,1581.000031,676.509583
78,104,1583.0,676.518,1583.0,676.518311
78,105,1585.0,676.525,1585.000031,676.52478
78,106,1587.0,676.537,1587.000031,676.536743
78,107,1589.0,676.566,1589.0,676.565613
78,108,1591.0,676.612,1591.000031,676.612488
78,109,1593.0,676.668,1593.000031,676.667725
78,110,1595.0,676.721,1595.000031,676.720947
78,111,1597.0,676.769,1597.0,676.769409
78,112,1599.0,676.815,1599.000031,676.814819
78,113,1601.0,676.852,1601.000031,676.851746
78,114,1603.0,676.873,1603.0,676.872864
78,115,1605.0,676.881,1605.000031,676.881287
78,116,1607.0,676.89,1607.000031,676.889526
78,117,1609.0,676.905,1609.000031,676.905396
78,118,1611.0,676.926,1611.0,676.926392
78,119,1613.0,676.946,1613.000031,676.945923
78,120,1615.0,676.961,1615.000031,676.961487
78,121,1617.0,676.973,1617.0,676.973145
78,122,1619.0,676.982,1619.000031,676.981628
78,123,1621.0,676.988,1621.000031,676.987549
78,124,1623.0,676.99,1623.000031,676.990051
78,125,1625.0,676.987,1625.0,676.986511
78,126,1627.0,676.975,1627.000031,676.975403
78,127,1629.0,676.964,1629.000031,676.963623
78,128,1631.0,676.97,1631.0,676.969971
78,129,1633.0,677.007,1633.000031,677.006958
78,130,1635.0,677.067,1635.000031,677.067444
78,131,1637.0,677.131,1637.000031,677.130798
78,132,1639.0,677.177,1639.0,677.176514
78,133,1641.0,677.205,1641.000031,677.204651
78,134,1643.0,677.239,1643.000031,677.238831
78,135,1645.0,677.312,1645.0,677.311951
78,136,1647.0,677.439,1647.000031,677.43866
78,137,1649.0,677.588,1649.000031,677.588135
78,138,1651.0,677.714,1651.000031,677.714172
78,139,1653.0,677.784,1653.0,677.78418
78,140,1655.0,677.812,1655.000031,677.811707
78,141,1657.0,677.832,1657.000031,677.831604
78,142,1659.0,677.861,1659.0,677.861145
78,143,1661.0,677.894,1661.000031,677.894104
78,144,1663.0,677.918,1663.0,677.918457
78,145,1665.0,677.93,1665.000061,677.930176
78,146,1667.0,677.931,1667.0,677.931335
78,147,1669.0,677.924,1669.0,677.923828
78,148,1671.0,677.91,1671.000061,677.9104
78,149,1673.0,677.898,1673.0,677.898376
78,150,1675.0,677.902,1675.0,677.9021
78,151,1677.0,677.938,1677.000061,677.937988
78,152,1679.0,678.006,1679.000061,678.00647
78,153,1681.0,678.092,1681.0,678.091675
78,154,1683.0,678.172,1683.0,678.171936
78,155,1685.0,678.235,1685.000061,678.235046
78,156,1687.0,678.289,1687.0,678.288513
78,157,1689.0,678.344,1689.0,678.343811
78,158,1691.0,678.403,1691.000061,678.402527
78,159,1693.0,678.46,1693.000061,678.460205
78,160,1695.0,678.51,1695.0,678.509583
78,161,1697.0,678.547,1697.0,678.546814
78,162,1699.0,678.572,1699.000061,678.571838
78,163,1701.0,678.585,1701.0,678.584595
78,164,1702.857,678.59,1702.857178,678.589783
78,165,1704.143,678.592,1704.142883,678.591553
79,0,1150.857,674.33,1150.857143,674.329895
79,1,1152.143,674.48,1152.142857,674.480103
79,2,1154.0,674.697,1154.0,674.696594
79,3,1156.0,674.957,1156.0,674.956787
79,4,1158.0,675.219,1158.0,675.218628
79,5,1160.0,675.479,1160.000001,675.479004
79,6,1162.0,675.739,1162.000001,675.738647
79,7,1164.0,676.004,1164.000001,676.004395
79,8,1166.0,676.292,1166.0,676.292419
79,9,1168.0,676.592,1168.000002,676.592041
79,10,1170.0,676.883,1170.000002,676.882812
79,11,1172.0,677.15,1172.0,677.150146
79,12,1174.0,677.415,1174.000002,677.415283
79,13,1176.0,677.693,1176.0,677.692566
79,14,1178.0,677.97,1178.000002,677.969727
79,15,1180.0,678.221,1180.000002,678.221436
79,16,1182.0,678.456,1182.000004,678.456177
79,17,1184.0,678.697,1184.0,678.697083
79,18,1186.0,678.956,1186.000004,678.956055
79,19,1188.0,679.232,1188.0,679.232178
79,20,1190.0,679.499,1190.000004,679.49884
79,21,1192.0,679.732,1192.000004,679.731812
79,22,1194.0,679.914,1194.000004,679.913879
79,23,1196.0,680.041,1196.0,680.040588
79,24,1202.0,680.693,1202.0,680.693115
79,25,1212.0,681.863,1212.000004,681.862671
79,26,1223.0,683.149,1223.000008,683.14856
79,27,1235.0,684.561,1235.000008,684.560852
79,28,1239.0,684.9,1239.000008,684.900208
79,29,1243.0,685.286,1243.0,685.286072
79,30,1245.0,685.466,1245.000008,685.466492
79,31,1247.0,685.679,1247.000008,685.678894
79,32,1249.0,685.911,1249.0,685.910828
79,33,1289.571,685.928,1289.571426,685.928345
79,34,1330.143,685.93,1330.142868,685.92981
79,35,1370.714,685.841,1370.714294,685.840759
79,36,1392.0,685.781,1392.000015,685.78064
79,37,1394.0,685.692,1394.0,685.691772
79,38,1396.0,685.53,1396.000015,685.530457
79,39,1398.0,685.325,1398.000015,685.325317
79,40,1400.0,685.113,1400.0,685.112549
79,41,1402.0,684.949,1402.000015,684.949036
79,42,1404.0,684.836,1404.000015,684.835876
79,43,1406.0,684.746,1406.000031,684.745911
79,44,1408.0,684.658,1408.0,684.657654
79,45,1410.0,684.556,1410.000031,684.556213
79,46,1412.0,684.446,1412.0,684.445801
79,47,1414.0,684.344,1414.000031,684.343628
79,48,1416.0,684.264,1416.0,684.26416
79,49,1418.0,684.212,1418.0,684.211792
79,50,1420.0,684.169,1420.000031,684.169373
79,51,1422.0,684.11,1422.0,684.109985
79,52,1424.0,684.027,1424.000031,684.027039
79,53,1426.0,683.927,1426.0,683.927368
79,54,1428.0,683.811,1428.000031,683.810913
79,55,1430.0,683.674,1430.0,683.673889
79,56,1432.0,683.535,1432.0,683.535034
79,57,1434.0,683.431,1434.000031,683.430603
79,58,1436.0,683.36,1436.0,683.360107
79,59,1438.0,683.275,1438.000031,683.275085
79,60,1440.0,683.132,1440.0,683.131592
79,61,1442.0,682.983,1442.000031,682.982605
79,62,1444.0,682.875,1444.0,682.875488
79,63,1446.0,682.841,1446.0,682.840759
79,64,1448.0,682.822,1448.000031,682.821838
79,65,1450.0,682.773,1450.0,682.773438
79,66,1452.0,682.734,1452.000031,682.733643
79,67,1454.0,682.725,1454.0,682.725342
79,68,1456.0,682.741,1456.000031,682.740662
79,69,1458.0,682.746,1458.0,682.746399
79,70,1460.0,682.719,1460.000031,682.718689
79,71,1462.0,682.664,1462.0,682.664368
79,72,1464.0,682.608,1464.0,682.608093
79,73,1466.0,682.57,1466.000031,682.570435
79,74,1468.0,682.556,1468.0,682.556458
79,75,1470.0,682.56,1470.000031,682.559937
79,76,1472.0,682.559,1472.0,682.558716
79,77,1474.0,682.544,1474.000031,682.54364
79,78,1476.0,682.509,1476.0,682.508972
79,79,1478.0,682.458,1478.0,682.457581
79,80,1480.0,682.414,1480.000031,682.414307
79,81,1482.0,682.396,1482.0,682.395813
79,82,1484.0,682.402,1484.000031,682.402222
79,83,1486.0,682.41,1486.0,682.410278
79,84,1488.0,682.394,1488.000031,682.394348
79,85,1490.0,682.359,1490.0,682.359497
79,86,1492.0,682.322,1492.0,682.322021
79,87,1494.0,682.295,1494.000031,682.295349
79,88,1496.0,682.29,1496.0,682.289673
79,89,1498.0,682.304,1498.000031,682.303772
79,90,1500.0,682.33,1500.000031,682.329834
79,91,1502.0,682.355,1502.000031,682.354614
79,92,1504.0,682.37,1504.0,682.369629
79,93,1506.0,682.38,1506.0,682.380249
79,94,1508.0,682.385,1508.000031,682.384705
79,95,1510.0,682.381,1510.000031,682.380859
79,96,1512.0,682.376,1512.0,682.37561
79,97,1514.0,682.372,1514.000031,682.372498
79,98,1516.0,682.366,1516.000031,682.36554
79,99,1518.0,682.343,1518.0,682.343201
79,100,1520.0,682.307,1520.0,682.306519
79,101,1522.0,682.273,1522.000031,682.27301
79,102,1524.0,682.259,1524.000031,682.259155
79,103,1526.0,682.265,1526.0,682.26532
79,104,1528.0,682.284,1528.000031,682.283691
79,105,1530.0,682.311,1530.000031,682.311279
79,106,1532.0,682.343,1532.0,682.343445
79,107,1534.0,682.363,1534.0,682.363403
79,108,1536.0,682.357,1536.000031,682.357422
79,109,1538.0,682.325,1538.000031,682.324951
79,110,1540.0,682.279,1540.0,682.279297
79,111,1542.0,682.24,1542.000031,682.240479
79,112,1544.0,682.215,1544.000031,682.215393
79,113,1546.0,682.2,1546.0,682.199829
79,114,1548.0,682.189,1548.0,682.189148
79,115,1550.0,682.183,1550.000031,682.182861
79,116,1552.0,682.182,1552.000031,682.181702
79,117,1554.0,682.19,1554.0,682.189636
79,118,1556.0,682.216,1556.000031,682.216064
79,119,1558.0,682.267,1558.000031,682.267334
79,120,1560.0,682.334,1560.0,682.33429
79,121,1562.0,682.401,1562.0,682.400818
79,122,1564.0,682.46,1564.000031,682.459778
79,123,1566.0,682.514,1566.000031,682.514221
79,124,1568.0,682.569,1568.0,682.568787
79,125,1570.0,682.622,1570.000031,682.621643
79,126,1572.0,682.668,1572.000031,682.668152
79,127,1574.0,682.705,1574.0,682.705139
79,128,1576.0,682.729,1576.0,682.72876
79,129,1578.0,682.736,1578.000031,682.736328
79,130,1580.0,682.731,1580.000031,682.730896
79,131,1582.0,682.72,1582.0,682.720215
79,132,1584.0,682.71,1584.000031,682.709656
79,133,1586.0,682.693,1586.000031,682.693054
79,134,1588.0,682.659,1588.000031,682.658997
79,135,1590.0,682.599,1590.0,682.598999
79,136,1592.0,682.524,1592.000031,682.524475
79,137,1594.0,682.464,1594.000031,682.464172
79,138,1596.0,682.451,1596.0,682.4505
79,139,1598.0,682.493,1598.000031,682.492554
79,140,1600.0,682.562,1600.000031,682.562256
79,141,1602.0,682.636,1602.000031,682.636414
79,142,1604.0,682.705,1604.0,682.704651
79,143,1606.0,682.769,1606.000031,682.769165
79,144,1608.0,682.828,1608.000031,682.827698
79,145,1610.0,682.874,1610.0,682.874084
79,146,1612.0,682.909,1612.000031,682.90863
79,147,1614.0,682.938,1614.000031,682.937805
79,148,1616.0,682.964,1616.000031,682.964417
79,149,1618.0,682.985,1618.0,682.984863
79,150,1620.0,682.998,1620.000031,682.997925
79,151,1622.0,683.008,1622.000031,683.007568
79,152,1624.0,683.02,1624.0,683.019714
79,153,1626.0,683.036,1626.000031,683.035828
79,154,1628.0,683.06,1628.000031,683.059875
79,155,1630.0,683.098,1630.000031,683.0979
79,156,1632.0,683.153,1632.0,683.153381
79,157,1634.0,683.225,1634.000031,683.225037
79,158,1636.0,683.297,1636.000031,683.296997
79,159,1638.0,683.349,1638.0,683.348938
79,160,1640.0,683.374,1640.000031,683.373596
79,161,1642.0,683.381,1642.000031,683.38092
79,162,1644.0,683.403,1644.000031,683.403076
79,163,1646.0,683.46,1646.0,683.460388
79,164,1648.0,683.531,1648.000031,683.531128
79,165,1650.0,683.59,1650.000031,683.589539
79,166,1652.0,683.618,1652.0,683.61792
79,167,1654.0,683.63,1654.000031,683.63031
79,168,1656.0,683.653,1656.000031,683.65271
79,169,1658.0,683.69,1658.000031,683.690125
79,170,1660.0,683.731,1660.0,683.731384
79,171,1662.0,683.764,1662.0,683.763855
79,172,1664.0,683.783,1664.0,683.782532
79,173,1666.0,683.786,1666.0,683.786072
79,174,1668.0,683.774,1668.0,683.773865
79,175,1670.0,683.75,1670.000061,683.749634
79,176,1672.0,683.729,1672.000061,683.729187
79,177,1674.0,683.725,1674.0,683.724731
79,178,1676.0,683.735,1676.0,683.735474
79,179,1678.0,683.745,1678.000061,683.744751
79,180,1680.0,683.731,1680.0,683.73053
79,181,1682.0,683.686,1682.0,683.686218
79,182,1684.0,683.614,1684.000061,683.613892
79,183,1686.0,683.515,1686.000061,683.514832
79,184,1688.0,683.413,1688.0,683.412842
79,185,1690.0,683.33,1690.0,683.330322
79,186,1692.0,683.289,1692.000061,683.28949
79,187,1694.0,683.296,1694.0,683.296265
79,188,1696.0,683.333,1696.0,683.332886
79,189,1698.0,683.375,1698.000061,683.375183
79,190,1700.0,683.407,1700.000061,683.406616
79,191,1702.0,683.42,1702.0,683.419861
79,192,1703.571,683.422,1703.571411,683.422119
80,0,1150.857,680.311,1150.857143,680.31134
80,1,1152.143,680.42,1152.142857,680.420227
80,2,1154.0,680.581,1154.0,680.58136
80,3,1156.0,680.772,1156.0,680.772339
80,4,1158.0,680.943,1158.0,680.942749
80,5,1160.0,681.094,1160.000001,681.09436
80,6,1162.0,681.255,1162.000001,681.254761
80,7,1164.0,681.446,1164.000001,681.446472
80,8,1166.0,681.689,1166.0,681.689209
80,9,1168.0,681.965,1168.000002,681.964783
80,10,1170.0,682.233,1170.000002,682.232788
80,11,1172.0,682.478,1172.0,682.478149
80,12,1174.0,682.739,1174.000002,682.738953
80,13,1176.0,683.078,1176.0,683.077515
80,14,1178.0,683.437,1178.000002,683.437439
80,15,1180.0,683.774,1180.000002,683.773621
80,16,1182.0,684.056,1182.000004,684.055969
80,17,1184.0,684.349,1184.0,684.348572
80,18,1186.0,684.657,1186.000004,684.65686
80,19,1188.0,684.953,1188.0,684.953308
80,20,1190.0,685.19,1190.000004,685.19043
80,21,1192.0,685.394,1192.000004,685.393616
80,22,1194.0,685.6,1194.000004,685.600037
80,23,1196.0,685.799,1196.0,685.799194
80,24,1197.571,685.937,1197.57143,685.937012
81,0,1378.857,693.04,1378.857162,693.039795
81,1,1380.143,693.085,1380.142868,693.085266
81,2,1382.0,693.096,1382.000015,693.096252
81,3,1384.0,693.02,1384.000015,693.02002
81,4,1386.0,692.898,1386.0,692.89801
81,5,1388.0,692.781,1388.000015,692.780884
81,6,1390.0,692.687,1390.000015,692.686646
81,7,1392.0,692.597,1392.000015,692.597046
81,8,1394.0,692.488,1394.0,692.487976
81,9,1396.0,692.36,1396.000015,692.359802
81,10,1398.0,692.235,1398.000015,692.234863
81,11,1400.0,692.138,1400.0,692.138306
81,12,1402.0,692.066,1402.000015,692.065979
81,13,1404.0,691.996,1404.000015,691.995911
81,14,1406.0,691.905,1406.000031,691.904541
81,15,1408.0,691.771,1408.0,691.770569
81,16,1410.0,691.592,1410.000031,691.59198
81,17,1412.0,691.399,1412.0,691.39856
81,18,1414.0,691.218,1414.000031,691.218445
81,19,1416.0,691.076,1416.0,691.075928
81,20,1418.0,690.969,1418.0,690.969421
81,21,1420.0,690.887,1420.000031,690.886597
81,22,1422.0,690.816,1422.0,690.815979
81,23,1424.0,690.741,1424.000031,690.740906
81,24,1426.0,690.643,1426.0,690.643433
81,25,1428.0,690.524,1428.000031,690.52417
81,26,1430.0,690.399,1430.0,690.399353
81,27,1432.0,690.286,1432.0,690.286255
81,28,1434.0,690.193,1434.000031,690.192932
81,29,1436.0,690.113,1436.0,690.112793
81,30,1438.0,690.044,1438.000031,690.044312
81,31,1440.0,689.99,1440.0,689.989502
81,32,1442.0,689.95,1442.000031,689.950256
81,33,1444.0,689.923,1444.0,689.923035
81,34,1446.0,689.902,1446.0,689.902344
81,35,1448.0,689.886,1448.000031,689.885925
81,36,1450.0,689.869,1450.0,689.869385
81,37,1452.0,689.842,1452.000031,689.841736
81,38,1454.0,689.792,1454.0,689.791626
81,39,1456.0,689.72,1456.000031,689.719788
81,40,1458.0,689.64,1458.0,689.639587
81,41,1460.0,689.567,1460.000031,689.566895
81,42,1462.0,689.511,1462.0,689.511414
81,43,1464.0,689.472,1464.0,689.471863
81,44,1466.0,689.438,1466.000031,689.437927
81,45,1468.0,689.395,1468.0,689.39502
81,46,1470.0,689.335,1470.000031,689.335205
81,47,1472.0,689.266,1472.0,689.266479
81,48,1474.0,689.207,1474.000031,689.206787
81,49,1476.0,689.166,1476.0,689.166321
81,50,1478.0,689.135,1478.0,689.135437
81,51,1480.0,689.095,1480.000031,689.094849
81,52,1482.0,689.036,1482.0,689.036133
81,53,1484.0,688.968,1484.000031,688.967651
81,54,1486.0,688.905,1486.0,688.905334
81,55,1488.0,688.864,1488.000031,688.863525
81,56,1490.0,688.843,1490.0,688.842896
81,57,1492.0,688.835,1492.0,688.835144
81,58,1494.0,688.836,1494.000031,688.836426
81,59,1496.0,688.848,1496.0,688.847717
81,60,1498.0,688.871,1498.000031,688.870911
81,61,1500.0,688.9,1500.000031,688.899841
81,62,1502.0,688.921,1502.000031,688.921082
81,63,1504.0,688.929,1504.0,688.929199
81,64,1506.0,688.928,1506.0,688.928101
81,65,1508.0,688.923,1508.000031,688.922729
81,66,1510.0,688.912,1510.000031,688.912231
81,67,1512.0,688.893,1512.0,688.89325
81,68,1514.0,688.868,1514.000031,688.867981
81,69,1516.0,688.849,1516.000031,688.848511
81,70,1518.0,688.847,1518.0,688.846741
81,71,1520.0,688.865,1520.0,688.864624
81,72,1522.0,688.895,1522.000031,688.895447
81,73,1524.0,688.927,1524.000031,688.926514
81,74,1526.0,688.947,1526.0,688.947266
81,75,1528.0,688.954,1528.000031,688.953613
81,76,1530.0,688.943,1530.000031,688.942932
81,77,1532.0,688.92,1532.0,688.919983
81,78,1534.0,688.897,1534.0,688.897217
81,79,1536.0,688.886,1536.000031,688.88623
81,80,1538.0,688.893,1538.000031,688.893311
81,81,1540.0,688.917,1540.0,688.916626
81,82,1542.0,688.949,1542.000031,688.948669
81,83,1544.0,688.977,1544.000031,688.977051
81,84,1546.0,688.993,1546.0,688.992859
81,85,1548.0,688.993,1548.0,688.993225
81,86,1550.0,688.984,1550.000031,688.984192
81,87,1552.0,688.975,1552.000031,688.974915
81,88,1554.0,688.968,1554.0,688.967712
81,89,1556.0,688.961,1556.000031,688.96106
81,90,1558.0,688.956,1558.000031,688.955688
81,91,1560.0,688.955,1560.0,688.954529
81,92,1562.0,688.961,1562.0,688.960632
81,93,1564.0,688.979,1564.000031,688.978516
81,94,1566.0,689.01,1566.000031,689.010315
81,95,1568.0,689.051,1568.0,689.051331
81,96,1570.0,689.093,1570.000031,689.093384
81,97,1572.0,689.128,1572.000031,689.128296
81,98,1574.0,689.153,1574.0,689.153015
81,99,1576.0,689.166,1576.0,689.166321
81,100,1578.0,689.167,1578.000031,689.167236
81,101,1580.0,689.162,1580.000031,689.162048
81,102,1582.0,689.164,1582.0,689.164124
81,103,1584.0,689.184,1584.000031,689.184387
81,104,1586.0,689.219,1586.000031,689.218872
81,105,1588.0,689.249,1588.000031,689.24884
81,106,1590.0,689.259,1590.0,689.259094
81,107,1592.0,689.254,1592.000031,689.253845
81,108,1594.0,689.246,1594.000031,689.245972
81,109,1596.0,689.246,1596.0,689.246216
81,110,1598.0,689.256,1598.000031,689.255554
81,111,1600.0,689.268,1600.000031,689.268311
81,112,1602.0,689.283,1602.000031,689.282593
81,113,1604.0,689.302,1604.0,689.302185
81,114,1606.0,689.33,1606.000031,689.329773
81,115,1608.0,689.361,1608.000031,689.360962
81,116,1610.0,689.39,1610.0,689.389587
81,117,1612.0,689.408,1612.000031,689.408203
81,118,1614.0,689.418,1614.000031,689.418091
81,119,1616.0,689.436,1616.000031,689.435974
81,120,1618.0,689.476,1618.0,689.476013
81,121,1620.0,689.536,1620.000031,689.535645
81,122,1622.0,689.6,1622.000031,689.599976
81,123,1624.0,689.654,1624.0,689.653503
81,124,1626.0,689.694,1626.000031,689.694153
81,125,1628.0,689.733,1628.000031,689.733398
81,126,1630.0,689.779,1630.000031,689.778748
81,127,1632.0,689.826,1632.0,689.826111
81,128,1634.0,689.869,1634.000031,689.868835
81,129,1636.0,689.902,1636.000031,689.902283
81,130,1638.0,689.928,1638.0,689.927612
81,131,1640.0,689.949,1640.000031,689.948914
81,132,1642.0,689.968,1642.000031,689.96814
81,133,1644.0,689.987,1644.000031,689.987061
81,134,1646.0,690.009,1646.0,690.009399
81,135,1648.0,690.037,1648.000031,690.036804
81,136,1650.0,690.068,1650.000031,690.067505
81,137,1652.0,690.097,1652.0,690.096863
81,138,1654.0,690.124,1654.000031,690.123596
81,139,1656.0,690.153,1656.000031,690.15271
81,140,1658.0,690.189,1658.000031,690.189026
81,141,1660.0,690.234,1660.0,690.234131
81,142,1662.0,690.284,1662.0,690.283508
81,143,1664.0,690.33,1664.0,690.329773
81,144,1666.0,690.37,1666.0,690.369629
81,145,1668.0,690.402,1668.0,690.402222
81,146,1670.0,690.429,1670.000061,690.42926
81,147,1672.0,690.454,1672.000061,690.453979
81,148,1674.0,690.477,1674.0,690.477051
81,149,1676.0,690.5,1676.0,690.499695
81,150,1678.0,690.524,1678.000061,690.524414
81,151,1680.0,690.555,1680.0,690.555054
81,152,1682.0,690.595,1682.0,690.59491
81,153,1684.0,690.643,1684.000061,690.643372
81,154,1686.0,690.699,1686.000061,690.69873
81,155,1688.0,690.76,1688.0,690.759949
81,156,1690.0,690.824,1690.0,690.82428
81,157,1692.0,690.886,1692.000061,690.886047
81,158,1694.0,690.938,1694.0,690.937683
81,159,1696.0,690.973,1696.0,690.973389
81,160,1698.0,690.994,1698.000061,690.994324
81,161,1700.0,691.005,1700.000061,691.004578
81,162,1702.0,691.009,1702.0,691.008667
81,163,1703.571,691.01,1703.571411,691.010376
82,0,1150.857,686.711,1150.857143,686.71051
82,1,1152.143,686.819,1152.142857,686.819214
82,2,1154.0,686.99,1154.0,686.990051
82,3,1156.0,687.212,1156.0,687.211975
82,4,1158.0,687.444,1158.0,687.443848
82,5,1160.0,687.67,1160.000001,687.669983
82,6,1162.0,687.887,1162.000001,687.886536
82,7,1164.0,688.099,1164.000001,688.098877
82,8,1166.0,688.329,1166.0,688.329285
82,9,1168.0,688.567,1168.000002,688.566833
82,10,1170.0,688.797,1170.000002,688.797485
82,11,1172.0,689.009,1172.0,689.008728
82,12,1174.0,689.232,1174.000002,689.232239
82,13,1176.0,689.49,1176.0,689.489685
82,14,1178.0,689.776,1178.000002,689.775635
82,15,1180.0,690.077,1180.000002,690.077393
82,16,1182.0,690.36,1182.000004,690.359924
82,17,1184.0,690.605,1184.0,690.605469
82,18,1186.0,690.818,1186.000004,690.817566
82,19,1188.0,691.01,1188.0,691.010376
82,20,1190.0,691.225,1190.000004,691.225098
82,21,1192.0,691.462,1192.000004,691.461853
82,22,1194.0,691.686,1194.000004,691.68634
82,23,1196.0,691.884,1196.0,691.884033
82,24,1198.0,692.08,1198.0,692.07959
82,25,1200.0,692.294,1200.000004,692.294434
82,26,1202.0,692.537,1202.000004,692.536926
82,27,1204.0,692.825,1204.0,692.824951
82,28,1206.0,693.086,1206.000004,693.085754
82,29,1208.0,693.304,1208.000004,693.303955
82,30,1210.0,693.473,1210.000004,693.473083
82,31,1212.0,693.65,1212.0,693.649658
82,32,1214.0,693.915,1214.0,693.915039
82,33,1216.0,694.229,1216.0,694.229126
82,34,1218.0,694.493,1218.0,694.493042
82,35,1220.0,694.646,1220.0,694.646362
82,36,1222.0,694.718,1222.000008,694.717957
82,37,1224.0,694.803,1224.000008,694.802917
82,38,1226.0,694.959,1226.0,694.95874
82,39,1228.0,695.176,1228.0,695.175781
82,40,1230.0,695.387,1230.0,695.387146
82,41,1232.0,695.536,1232.000008,695.535522
82,42,1234.0,695.626,1234.0,695.626038
82,43,1236.0,695.718,1236.0,695.717957
82,44,1238.0,695.85,1238.000008,695.85022
82,45,1240.0,696.005,1240.0,696.0047
82,46,1242.0,696.153,1242.0,696.152832
82,47,1244.0,696.279,1244.000008,696.278687
82,48,1246.0,696.404,1246.000008,696.404175
82,49,1248.0,696.549,1248.000008,696.5495
82,50,1250.0,696.712,1250.0,696.71228
82,51,1252.0,696.89,1252.000008,696.890015
82,52,1254.0,697.07,1254.000008,697.069763
82,53,1273.714,697.405,1273.714287,697.405212
82,54,1311.143,697.821,1311.142868,697.820923
82,55,1348.571,698.125,1348.571442,698.125488
82,56,1386.0,698.382,1386.0,698.381592
82,57,1388.0,698.259,1388.000015,698.258789
82,58,1390.0,698.229,1390.000015,698.228577
82,59,1392.0,698.226,1392.000015,698.225769
82,60,1394.0,698.213,1394.0,698.213196
82,61,1396.0,698.159,1396.000015,698.159058
82,62,1398.0,698.061,1398.000015,698.061279
82,63,1400.0,697.94,1400.0,697.93988
82,64,1402.0,697.8,1402.000015,697.800476
82,65,1404.0,697.625,1404.000015,697.624878
82,66,1406.0,697.419,1406.000031,697.418884
82,67,1408.0,697.217,1408.0,697.216797
82,68,1410.0,697.064,1410.000031,697.064453
82,69,1412.0,696.992,1412.0,696.991638
82,70,1414.0,696.953,1414.000031,696.952881
82,71,1416.0,696.893,1416.0,696.893127
82,72,1418.0,696.787,1418.0,696.787476
82,73,1420.0,696.656,1420.000031,696.655579
82,74,1422.0,696.539,1422.0,696.539185
82,75,1424.0,696.458,1424.000031,696.458069
82,76,1426.0,696.405,1426.0,696.405029
82,77,1428.0,696.352,1428.000031,696.351501
82,78,1430.0,696.276,1430.0,696.276428
82,79,1432.0,696.191,1432.0,696.190552
82,80,1434.0,696.105,1434.000031,696.104614
82,81,1436.0,696.024,1436.0,696.024414
82,82,1438.0,695.951,1438.000031,695.950928
82,83,1440.0,695.882,1440.0,695.881592
82,84,1442.0,695.82,1442.000031,695.820374
82,85,1444.0,695.774,1444.0,695.77356
82,86,1446.0,695.744,1446.0,695.74353
82,87,1448.0,695.728,1448.000031,695.727661
82,88,1450.0,695.722,1450.0,695.721802
82,89,1452.0,695.722,1452.000031,695.722351
82,90,1454.0,695.726,1454.0,695.726074
82,91,1456.0,695.726,1456.000031,695.725586
82,92,1458.0,695.71,1458.0,695.710144
82,93,1460.0,695.68,1460.000031,695.679932
82,94,1462.0,695.644,1462.0,695.644287
82,95,1464.0,695.603,1464.0,695.602783
82,96,1466.0,695.553,1466.000031,695.552979
82,97,1468.0,695.488,1468.0,695.488403
82,98,1470.0,695.411,1470.000031,695.411499
82,99,1472.0,695.34,1472.0,695.340027
82,100,1474.0,695.273,1474.000031,695.273499
82,101,1476.0,695.211,1476.0,695.210571
82,102,1478.0,695.155,1478.0,695.154663
82,103,1480.0,695.108,1480.000031,695.108154
82,104,1482.0,695.078,1482.0,695.078491
82,105,1484.0,695.061,1484.000031,695.061096
82,106,1486.0,695.046,1486.0,695.046265
82,107,1488.0,695.028,1488.000031,695.02832
82,108,1490.0,695.0,1490.0,694.999573
82,109,1492.0,694.958,1492.0,694.958374
82,110,1494.0,694.913,1494.000031,694.91272
82,111,1496.0,694.88,1496.0,694.879639
82,112,1498.0,694.874,1498.000031,694.874329
82,113,1500.0,694.882,1500.000031,694.881714
82,114,1502.0,694.868,1502.000031,694.868347
82,115,1504.0,694.827,1504.0,694.827393
82,116,1506.0,694.773,1506.0,694.773376
82,117,1508.0,694.732,1508.000031,694.73175
82,118,1510.0,694.714,1510.000031,694.713684
82,119,1512.0,694.71,1512.0,694.709717
82,120,1514.0,694.714,1514.000031,694.714111
82,121,1516.0,694.73,1516.000031,694.730469
82,122,1518.0,694.76,1518.0,694.760071
82,123,1520.0,694.798,1520.0,694.798035
82,124,1522.0,694.834,1522.000031,694.833984
82,125,1524.0,694.858,1524.000031,694.858154
82,126,1526.0,694.863,1526.0,694.862671
82,127,1528.0,694.848,1528.000031,694.848328
82,128,1530.0,694.822,1530.000031,694.821716
82,129,1532.0,694.795,1532.0,694.7948
82,130,1534.0,694.784,1534.0,694.78363
82,131,1536.0,694.798,1536.000031,694.797607
82,132,1538.0,694.83,1538.000031,694.829956
82,133,1540.0,694.865,1540.0,694.865356
82,134,1542.0,694.889,1542.000031,694.888672
82,135,1544.0,694.892,1544.000031,694.891846
82,136,1546.0,694.874,1546.0,694.874084
82,137,1548.0,694.837,1548.0,694.837341
82,138,1550.0,694.792,1550.000031,694.791809
82,139,1552.0,694.754,1552.000031,694.754456
82,140,1554.0,694.736,1554.0,694.736267
82,141,1556.0,694.735,1556.000031,694.734802
82,142,1558.0,694.737,1558.000031,694.737427
82,143,1560.0,694.734,1560.0,694.734314
82,144,1562.0,694.731,1562.0,694.730957
82,145,1564.0,694.744,1564.000031,694.743958
82,146,1566.0,694.784,1566.000031,694.784363
82,147,1568.0,694.846,1568.0,694.846008
82,148,1570.0,694.914,1570.000031,694.913513
82,149,1572.0,694.972,1572.000031,694.97168
82,150,1574.0,695.016,1574.0,695.015625
82,151,1576.0,695.048,1576.0,695.047668
82,152,1578.0,695.069,1578.000031,695.068542
82,153,1580.0,695.076,1580.000031,695.075867
82,154,1582.0,695.068,1582.0,695.067993
82,155,1584.0,695.053,1584.000031,695.052856
82,156,1586.0,695.043,1586.000031,695.043335
82,157,1588.0,695.043,1588.000031,695.042847
82,158,1590.0,695.044,1590.0,695.043762
82,159,1592.0,695.037,1592.000031,695.03656
82,160,1594.0,695.024,1594.000031,695.024414
82,161,1596.0,695.023,1596.0,695.023193
82,162,1598.0,695.036,1598.000031,695.036499
82,163,1600.0,695.052,1600.000031,695.051941
82,164,1602.0,695.066,1602.000031,695.065979
82,165,1604.0,695.089,1604.0,695.089294
82,166,1606.0,695.135,1606.000031,695.135437
82,167,1608.0,695.2,1608.000031,695.199646
82,168,1610.0,695.261,1610.0,695.261108
82,169,1612.0,695.309,1612.000031,695.309082
82,170,1614.0,695.35,1614.000031,695.349548
82,171,1616.0,695.393,1616.000031,695.393127
82,172,1618.0,695.446,1618.0,695.446167
82,173,1620.0,695.502,1620.000031,695.502075
82,174,1622.0,695.552,1622.000031,695.552063
82,175,1624.0,695.599,1624.0,695.598694
82,176,1626.0,695.649,1626.000031,695.64856
82,177,1628.0,695.71,1628.000031,695.709534
82,178,1630.0,695.777,1630.000031,695.777344
82,179,1632.0,695.836,1632.0,695.835876
82,180,1634.0,695.876,1634.000031,695.875977
82,181,1636.0,695.9,1636.000031,695.899597
82,182,1638.0,695.915,1638.0,695.915039
82,183,1640.0,695.927,1640.000031,695.927185
82,184,1642.0,695.935,1642.000031,695.93512
82,185,1644.0,695.938,1644.000031,695.937927
82,186,1646.0,695.938,1646.0,695.937561
82,187,1648.0,695.94,1648.000031,695.939575
82,188,1650.0,695.948,1650.000031,695.948242
82,189,1652.0,695.962,1652.0,695.962036
82,190,1654.0,695.975,1654.000031,695.975281
82,191,1656.0,695.989,1656.000031,695.988708
82,192,1658.0,696.009,1658.000031,696.009216
82,193,1660.0,696.038,1660.0,696.037659
82,194,1662.0,696.066,1662.0,696.066162
82,195,1664.0,696.087,1664.0,696.086609
82,196,1666.0,696.098,1666.0,696.098267
82,197,1668.0,696.104,1668.0,696.103943
82,198,1670.0,696.1,1670.000061,696.100159
82,199,1672.0,696.082,1672.000061,696.081604
82,200,1674.0,696.052,1674.0,696.052307
82,201,1676.0,696.021,1676.0,696.020935
82,202,1678.0,695.991,1678.000061,695.991333
82,203,1680.0,695.962,1680.0,695.962341
82,204,1682.0,695.936,1682.0,695.936218
82,205,1684.0,695.922,1684.000061,695.921875
82,206,1686.0,695.924,1686.000061,695.924438
82,207,1688.0,695.937,1688.0,695.936707
82,208,1690.0,695.948,1690.0,695.947876
82,209,1692.0,695.95,1692.000061,695.949585
82,210,1694.0,695.942,1694.0,695.941528
82,211,1696.0,695.929,1696.0,695.929382
82,212,1698.0,695.918,1698.000061,695.917969
82,213,1700.0,695.911,1700.000061,695.910583
82,214,1702.0,695.907,1702.0,695.906738
82,215,1703.571,695.905,1703.571411,695.904663
83,0,1150.857,692.79,1150.857143,692.789795
83,1,1152.143,692.898,1152.142857,692.897827
83,2,1154.0,693.073,1154.0,693.073059
83,3,1156.0,693.293,1156.0,693.292908
83,4,1158.0,693.509,1158.0,693.508972
83,5,1160.0,693.707,1160.000001,693.706665
83,6,1162.0,693.888,1162.000001,693.887756
83,7,1164.0,694.079,1164.000001,694.079407
83,8,1166.0,694.326,1166.0,694.326233
83,9,1168.0,694.606,1168.000002,694.605591
83,10,1170.0,694.888,1170.000002,694.887634
83,11,1172.0,695.13,1172.0,695.129883
83,12,1174.0,695.324,1174.000002,695.32428
83,13,1176.0,695.497,1176.0,695.497314
83,14,1178.0,695.657,1178.000002,695.657227
83,15,1180.0,695.805,1180.000002,695.805115
83,16,1182.0,695.954,1182.000004,695.954285
83,17,1184.0,696.13,1184.0,696.130066
83,18,1186.0,696.334,1186.000004,696.334351
83,19,1188.0,696.531,1188.0,696.530762
83,20,1190.0,696.693,1190.000004,696.692627
83,21,1192.0,696.813,1192.000004,696.813477
83,22,1194.0,696.921,1194.000004,696.920654
83,23,1196.0,697.042,1196.0,697.041931
83,24,1198.0,697.208,1198.0,697.208374
83,25,1200.0,697.431,1200.000004,697.431335
83,26,1202.571,697.874,1202.57143,697.873779
83,27,1205.143,698.331,1205.14286,698.330627
83,28,1207.714,698.706,1207.714291,698.705688
83,29,1210.0,698.886,1210.000004,698.885986
83,30,1212.0,698.863,1212.0,698.862671
83,31,1214.286,698.948,1214.285713,698.948486
83,32,1216.857,699.168,1216.857147,699.167847
83,33,1221.429,699.621,1221.428574,699.62085
83,34,1228.0,700.312,1228.000008,700.312195
83,35,1234.0,700.746,1234.000008,700.745605
83,36,1240.0,701.207,1240.0,701.206848
83,37,1242.0,701.268,1242.0,701.268127
83,38,1244.0,701.478,1244.000008,701.477783
83,39,1246.0,701.783,1246.000008,701.783264
83,40,1248.0,702.072,1248.000008,702.072388
83,41,1250.0,702.23,1250.0,702.22998
83,42,1252.0,702.238,1252.000008,702.237671
83,43,1289.714,703.186,1289.714294,703.186096
83,44,1327.429,704.124,1327.428589,704.123779
83,45,1365.143,705.062,1365.142868,705.062256
83,46,1385.0,705.5,1385.000015,705.500183
83,47,1387.0,705.435,1387.0,705.434509
83,48,1389.0,705.331,1389.000015,705.330994
83,49,1391.0,705.188,1391.000015,705.188232
83,50,1393.0,705.023,1393.0,705.022949
83,51,1395.0,704.864,1395.000015,704.863586
83,52,1397.0,704.728,1397.000015,704.728088
83,53,1399.0,704.615,1399.000015,704.615417
83,54,1401.0,704.523,1401.0,704.522827
83,55,1403.0,704.443,1403.000015,704.442932
83,56,1405.0,704.365,1405.000015,704.365295
83,57,1407.0,704.287,1407.000031,704.286926
83,58,1409.0,704.21,1409.0,704.209717
83,59,1411.0,704.132,1411.0,704.132141
83,60,1413.0,704.05,1413.000031,704.049927
83,61,1415.0,703.965,1415.0,703.965454
83,62,1417.0,703.888,1417.000031,703.887573
83,63,1419.0,703.815,1419.0,703.815063
83,64,1421.0,703.728,1421.000031,703.727722
83,65,1423.0,703.616,1423.0,703.615845
83,66,1425.0,703.497,1425.0,703.496826
83,67,1427.0,703.395,1427.000031,703.395081
83,68,1429.0,703.327,1429.0,703.327393
83,69,1431.0,703.28,1431.000031,703.280151
83,70,1433.0,703.241,1433.0,703.24054
83,71,1435.0,703.204,1435.000031,703.203674
83,72,1437.0,703.159,1437.0,703.159241
83,73,1439.0,703.093,1439.0,703.093262
83,74,1441.0,703.0,1441.000031,703.000244
83,75,1443.0,702.889,1443.0,702.889404
83,76,1445.0,702.783,1445.000031,702.782959
83,77,1447.0,702.699,1447.0,702.699341
83,78,1449.0,702.643,1449.000031,702.642517
83,79,1451.0,702.601,1451.0,702.601318
83,80,1453.0,702.553,1453.000031,702.553284
83,81,1455.0,702.487,1455.0,702.487366
83,82,1457.0,702.415,1457.0,702.4151
83,83,1459.0,702.361,1459.000031,702.360962
83,84,1461.0,702.34,1461.0,702.339844
83,85,1463.0,702.343,1463.000031,702.343262
83,86,1465.0,702.352,1465.0,702.352051
83,87,1467.0,702.347,1467.000031,702.34729
83,88,1469.0,702.315,1469.0,702.315002
83,89,1471.0,702.255,1471.0,702.255371
83,90,1473.0,702.189,1473.000031,702.18927
83,91,1475.0,702.14,1475.0,702.140076
83,92,1477.0,702.12,1477.000031,702.119629
83,93,1479.0,702.117,1479.0,702.116516
83,94,1481.0,702.107,1481.000031,702.107178
83,95,1483.0,702.078,1483.0,702.078003
83,96,1485.0,702.027,1485.0,702.026672
83,97,1487.0,701.965,1487.000031,701.964539
83,98,1489.0,701.91,1489.0,701.909851
83,99,1491.0,701.878,1491.000031,701.878235
83,100,1493.0,701.877,1493.000031,701.877441
83,101,1495.0,701.9,1495.000031,701.899963
83,102,1497.0,701.927,1497.0,701.927429
83,103,1499.0,701.936,1499.0,701.936279
83,104,1501.0,701.905,1501.000031,701.904907
83,105,1503.0,701.838,1503.0,701.838135
83,106,1505.0,701.761,1505.000031,701.760681
83,107,1507.0,701.689,1507.000031,701.689087
83,108,1509.0,701.632,1509.000031,701.632263
83,109,1511.0,701.595,1511.0,701.594788
83,110,1513.0,701.576,1513.0,701.575867
83,111,1515.0,701.565,1515.000031,701.56488
83,112,1517.0,701.542,1517.000031,701.541931
83,113,1519.0,701.499,1519.0,701.499207
83,114,1521.0,701.451,1521.000031,701.450989
83,115,1523.0,701.42,1523.000031,701.419739
83,116,1525.0,701.41,1525.0,701.40979
83,117,1527.0,701.413,1527.0,701.413147
83,118,1529.0,701.422,1529.000031,701.42157
83,119,1531.0,701.428,1531.000031,701.427734
83,120,1533.0,701.427,1533.0,701.426514
83,121,1535.0,701.418,1535.000031,701.417847
83,122,1537.0,701.407,1537.000031,701.407043
83,123,1539.0,701.4,1539.0,701.400269
83,124,1541.0,701.398,1541.0,701.397827
83,125,1543.0,701.398,1543.000031,701.39801
83,126,1545.0,701.403,1545.000031,701.402832
83,127,1547.0,701.416,1547.0,701.416016
83,128,1549.0,701.44,1549.000031,701.44043
83,129,1551.0,701.471,1551.000031,701.470642
83,130,1553.0,701.497,1553.0,701.496582
83,131,1555.0,701.514,1555.0,701.513855
83,132,1557.0,701.525,1557.000031,701.524719
83,133,1559.0,701.535,1559.000031,701.535034
83,134,1561.0,701.55,1561.0,701.550171
83,135,1563.0,701.573,1563.000031,701.572876
83,136,1565.0,701.605,1565.000031,701.60498
83,137,1567.0,701.642,1567.0,701.64209
83,138,1569.0,701.675,1569.0,701.675415
83,139,1571.0,701.699,1571.000031,701.698792
83,140,1573.0,701.714,1573.000031,701.713501
83,141,1575.0,701.729,1575.0,701.72876
83,142,1577.0,701.753,1577.000031,701.752686
83,143,1579.0,701.786,1579.000031,701.786255
83,144,1581.0,701.826,1581.000031,701.825989
83,145,1583.0,701.868,1583.0,701.868225
83,146,1585.0,701.901,1585.000031,701.900574
83,147,1587.0,701.907,1587.000031,701.907288
83,148,1589.0,701.883,1589.0,701.882935
83,149,1591.0,701.838,1591.000031,701.837646
83,150,1593.0,701.794,1593.000031,701.79425
83,151,1595.0,701.769,1595.000031,701.769409
83,152,1597.0,701.764,1597.0,701.763611
83,153,1599.0,701.771,1599.000031,701.77063
83,154,1601.0,701.789,1601.000031,701.789368
83,155,1603.0,701.821,1603.0,701.820801
83,156,1605.0,701.859,1605.000031,701.858704
83,157,1607.0,701.892,1607.000031,701.891602
83,158,1609.0,701.911,1609.000031,701.910828
83,159,1611.0,701.922,1611.0,701.921509
83,160,1613.0,701.942,1613.000031,701.942139
83,161,1615.0,701.983,1615.000031,701.982788
83,162,1617.0,702.039,1617.0,702.039185
83,163,1619.0,702.098,1619.000031,702.097717
83,164,1621.0,702.145,1621.000031,702.144592
83,165,1623.0,702.179,1623.000031,702.178528
83,166,1625.0,702.208,1625.0,702.208252
83,167,1627.0,702.245,1627.000031,702.244751
83,168,1629.0,702.294,1629.000031,702.293884
83,169,1631.0,702.347,1631.0,702.347168
83,170,1633.0,702.389,1633.000031,702.389404
83,171,1635.0,702.413,1635.000031,702.41333
83,172,1637.0,702.422,1637.000031,702.422302
83,173,1639.0,702.427,1639.0,702.427002
83,174,1641.0,702.435,1641.000031,702.435486
83,175,1643.0,702.451,1643.000031,702.450745
83,176,1645.0,702.478,1645.0,702.4776
83,177,1647.0,702.517,1647.000031,702.516724
83,178,1649.0,702.563,1649.000031,702.56311
83,179,1651.0,702.611,1651.000031,702.610535
83,180,1653.0,702.653,1653.0,702.653015
83,181,1655.0,702.688,1655.000031,702.687805
83,182,1657.0,702.712,1657.000031,702.712402
83,183,1659.0,702.727,1659.0,702.726807
83,184,1661.0,702.737,1661.000031,702.736816
83,185,1663.0,702.749,1663.0,702.749084
83,186,1665.0,702.767,1665.000061,702.766541
83,187,1667.0,702.787,1667.0,702.787292
83,188,1669.0,702.806,1669.0,702.806335
83,189,1671.0,702.82,1671.000061,702.82019
83,190,1673.0,702.828,1673.0,702.828369
83,191,1675.0,702.834,1675.0,702.833679
83,192,1677.0,702.84,1677.000061,702.839905
83,193,1679.0,702.851,1679.000061,702.850525
83,194,1681.0,702.872,1681.0,702.872375
83,195,1683.0,702.916,1683.0,702.916443
83,196,1685.0,702.985,1685.000061,702.984558
83,197,1687.0,703.061,1687.0,703.061157
83,198,1689.0,703.124,1689.0,703.123718
83,199,1691.0,703.162,1691.000061,703.162048
83,200,1693.0,703.185,1693.000061,703.185486
83,201,1695.0,703.207,1695.0,703.206909
83,202,1697.0,703.229,1697.0,703.228821
83,203,1699.0,703.247,1699.000061,703.246948
83,204,1701.0,703.258,1701.0,703.257874
83,205,1702.857,703.263,1702.857178,703.263123
83,206,1704.143,703.265,1704.142883,703.265259
84,0,1150.857,699.276,1150.857143,699.275513
84,1,1152.143,699.405,1152.142857,699.404602
84,2,1154.0,699.594,1154.0,699.594421
84,3,1156.0,699.812,1156.0,699.811768
84,4,1158.0,700.015,1158.0,700.014526
84,5,1160.0,700.214,1160.000001,700.213806
84,6,1162.0,700.435,1162.000001,700.434937
84,7,1164.0,700.66,1164.000001,700.660217
84,8,1166.0,700.871,1166.0,700.870605
84,9,1168.0,701.057,1168.000002,701.056641
84,10,1170.0,701.25,1170.000002,701.249878
84,11,1172.0,701.465,1172.0,701.4646
84,12,1174.0,701.679,1174.000002,701.679199
84,13,1176.0,701.877,1176.0,701.877075
84,14,1178.0,702.043,1178.000002,702.043152
84,15,1180.0,702.196,1180.000002,702.195801
84,16,1182.0,702.365,1182.000004,702.364929
84,17,1184.0,702.557,1184.0,702.557495
84,18,1186.0,702.77,1186.000004,702.769775
84,19,1188.0,702.98,1188.0,702.979675
84,20,1190.0,703.169,1190.000004,703.168701
84,21,1192.0,703.353,1192.000004,703.353394
84,22,1194.0,703.532,1194.000004,703.531921
84,23,1196.0,703.699,1196.0,703.69873
84,24,1198.0,703.855,1198.0,703.854614
84,25,1200.0,704.061,1200.000004,704.060547
84,26,1202.0,704.354,1202.000004,704.354187
84,27,1204.0,704.675,1204.0,704.674988
84,28,1206.0,704.95,1206.000004,704.950256
84,29,1208.0,705.109,1208.000004,705.109009
84,30,1210.0,705.216,1210.000004,705.216309
84,31,1212.0,705.336,1212.0,705.336487
84,32,1214.0,705.488,1214.0,705.488464
84,33,1216.0,705.653,1216.0,705.65332
84,34,1218.0,705.81,1218.0,705.81012
84,35,1220.0,705.939,1220.0,705.939392
84,36,1222.0,706.038,1222.000008,706.037842
84,37,1224.0,706.126,1224.000008,706.126099
84,38,1226.0,706.257,1226.0,706.256836
84,39,1228.0,706.504,1228.0,706.50354
84,40,1230.0,706.833,1230.0,706.832947
84,41,1232.0,707.165,1232.000008,707.165161
84,42,1234.0,707.42,1234.0,707.419556
84,43,1236.0,707.568,1236.0,707.568054
84,44,1238.0,707.674,1238.000008,707.674438
84,45,1240.0,707.784,1240.0,707.783569
84,46,1242.0,707.91,1242.0,707.910461
84,47,1244.0,708.049,1244.000008,708.048706
84,48,1246.0,708.173,1246.000008,708.172913
84,49,1248.0,708.267,1248.000008,708.266907
84,50,1250.0,708.338,1250.0,708.337585
84,51,1252.0,708.416,1252.000008,708.41571
84,52,1254.0,708.53,1254.000008,708.530212
84,53,1256.0,708.66,1256.0,708.660278
84,54,1275.857,709.21,1275.857147,709.209534
84,55,1313.571,710.03,1313.571442,710.030029
84,56,1351.286,710.72,1351.285721,710.720093
84,57,1389.0,711.334,1389.000015,711.334473
84,58,1391.0,711.057,1391.000015,711.05658
84,59,1393.0,710.853,1393.0,710.8526
84,60,1395.0,710.695,1395.000015,710.694519
84,61,1397.0,710.608,1397.000015,710.607605
84,62,1399.0,710.587,1399.000015,710.587158
84,63,1401.0,710.598,1401.0,710.598022
84,64,1403.0,710.585,1403.000015,710.584656
84,65,1405.0,710.516,1405.000015,710.515991
84,66,1407.0,710.404,1407.000031,710.403931
84,67,1409.0,710.277,1409.0,710.277222
84,68,1411.0,710.164,1411.0,710.164062
84,69,1413.0,710.08,1413.000031,710.0802
84,70,1415.0,710.022,1415.0,710.021973
84,71,1417.0,709.975,1417.000031,709.975037
84,72,1419.0,709.929,1419.0,709.928589
84,73,1421.0,709.879,1421.000031,709.878906
84,74,1423.0,709.828,1423.0,709.827759
84,75,1425.0,709.78,1425.0,709.779602
84,76,1427.0,709.74,1427.000031,709.739502
84,77,1429.0,709.717,1429.0,709.71698
84,78,1431.0,709.71,1431.000031,709.709717
84,79,1433.0,709.707,1433.0,709.707031
84,80,1435.0,709.695,1435.000031,709.694885
84,81,1437.0,709.659,1437.0,709.659119
84,82,1439.0,709.582,1439.0,709.581604
84,83,1441.0,709.458,1441.000031,709.458496
84,84,1443.0,709.314,1443.0,709.314392
84,85,1445.0,709.177,1445.000031,709.176575
84,86,1447.0,709.07,1447.0,709.070435
84,87,1449.0,708.996,1449.000031,708.995911
84,88,1451.0,708.927,1451.0,708.926819
84,89,1453.0,708.845,1453.000031,708.844666
84,90,1455.0,708.757,1455.0,708.756592
84,91,1457.0,708.678,1457.0,708.677551
84,92,1459.0,708.62,1459.000031,708.620422
84,93,1461.0,708.569,1461.0,708.568909
84,94,1463.0,708.501,1463.000031,708.500916
84,95,1465.0,708.423,1465.0,708.422974
84,96,1467.0,708.358,1467.000031,708.357727
84,97,1469.0,708.321,1469.0,708.320923
84,98,1471.0,708.304,1471.0,708.304138
84,99,1473.0,708.303,1473.000031,708.303162
84,100,1475.0,708.312,1475.0,708.311951
84,101,1477.0,708.313,1477.000031,708.312988
84,102,1479.0,708.295,1479.0,708.294922
84,103,1481.0,708.262,1481.000031,708.261841
84,104,1483.0,708.231,1483.0,708.230896
84,105,1485.0,708.216,1485.0,708.215637
84,106,1487.0,708.21,1487.000031,708.209839
84,107,1489.0,708.206,1489.0,708.206116
84,108,1491.0,708.2,1491.000031,708.200439
84,109,1493.0,708.185,1493.000031,708.184509
84,110,1495.0,708.154,1495.000031,708.153564
84,111,1497.0,708.121,1497.0,708.121094
84,112,1499.0,708.104,1499.0,708.104065
84,113,1501.0,708.104,1501.000031,708.10437
84,114,1503.0,708.1,1503.0,708.099976
84,115,1505.0,708.083,1505.000031,708.082703
84,116,1507.0,708.065,1507.000031,708.065002
84,117,1509.0,708.045,1509.000031,708.04541
84,118,1511.0,708.023,1511.0,708.022705
84,119,1513.0,707.994,1513.0,707.993774
84,120,1515.0,707.967,1515.000031,707.967346
84,121,1517.0,707.967,1517.000031,707.966675
84,122,1519.0,707.99,1519.0,707.990417
84,123,1521.0,708.025,1521.000031,708.024841
84,124,1523.0,708.054,1523.000031,708.054321
84,125,1525.0,708.061,1525.0,708.060608
84,126,1527.0,708.037,1527.0,708.037354
84,127,1529.0,707.993,1529.000031,707.99292
84,128,1531.0,707.948,1531.000031,707.948364
84,129,1533.0,707.917,1533.0,707.917053
84,130,1535.0,707.898,1535.000031,707.897949
84,131,1537.0,707.889,1537.000031,707.888977
84,132,1539.0,707.893,1539.0,707.892944
84,133,1541.0,707.912,1541.0,707.912476
84,134,1543.0,707.936,1543.000031,707.935791
84,135,1545.0,707.942,1545.000031,707.942078
84,136,1547.0,707.919,1547.0,707.918701
84,137,1549.0,707.87,1549.000031,707.869934
84,138,1551.0,707.815,1551.000031,707.815247
84,139,1553.0,707.773,1553.0,707.772583
84,140,1555.0,707.749,1555.0,707.749451
84,141,1557.0,707.75,1557.000031,707.749634
84,142,1559.0,707.769,1559.000031,707.768555
84,143,1561.0,707.795,1561.0,707.794617
84,144,1563.0,707.813,1563.000031,707.812866
84,145,1565.0,707.812,1565.000031,707.812378
84,146,1567.0,707.802,1567.0,707.801819
84,147,1569.0,707.804,1569.0,707.803833
84,148,1571.0,707.835,1571.000031,707.835449
84,149,1573.0,707.901,1573.000031,707.901184
84,150,1575.0,707.987,1575.0,707.986633
84,151,1577.0,708.071,1577.000031,708.071472
84,152,1579.0,708.145,1579.000031,708.145325
84,153,1581.0,708.206,1581.000031,708.205566
84,154,1583.0,708.249,1583.0,708.248962
84,155,1585.0,708.276,1585.000031,708.27594
84,156,1587.0,708.294,1587.000031,708.294434
84,157,1589.0,708.309,1589.0,708.308655
84,158,1591.0,708.323,1591.000031,708.32312
84,159,1593.0,708.335,1593.000031,708.334534
84,160,1595.0,708.335,1595.000031,708.334595
84,161,1597.0,708.329,1597.0,708.329163
84,162,1599.0,708.326,1599.000031,708.326172
84,163,1601.0,708.325,1601.000031,708.324951
84,164,1603.0,708.323,1603.0,708.323425
84,165,1605.0,708.32,1605.000031,708.319885
84,166,1607.0,708.316,1607.000031,708.316101
84,167,1609.0,708.318,1609.000031,708.317505
84,168,1611.0,708.33,1611.0,708.330139
84,169,1613.0,708.359,1613.000031,708.358826
84,170,1615.0,708.403,1615.000031,708.403442
84,171,1617.0,708.457,1617.0,708.457214
84,172,1619.0,708.506,1619.000031,708.505798
84,173,1621.0,708.531,1621.000031,708.531006
84,174,1623.0,708.526,1623.000031,708.525513
84,175,1625.0,708.501,1625.0,708.501465
84,176,1627.0,708.483,1627.000031,708.483215
84,177,1629.0,708.49,1629.000031,708.490356
84,178,1631.0,708.521,1631.0,708.520691
84,179,1633.0,708.559,1633.000031,708.559082
84,180,1635.0,708.59,1635.000031,708.589539
84,181,1637.0,708.604,1637.000031,708.603699
84,182,1639.0,708.604,1639.0,708.604065
84,183,1641.0,708.598,1641.000031,708.597656
84,184,1643.0,708.598,1643.000031,708.598145
84,185,1645.0,708.621,1645.0,708.621216
84,186,1647.0,708.667,1647.000031,708.667297
84,187,1649.0,708.722,1649.000031,708.72229
84,188,1651.0,708.77,1651.000031,708.769836
84,189,1653.0,708.8,1653.0,708.800171
84,190,1655.0,708.82,1655.000031,708.81958
84,191,1657.0,708.843,1657.000031,708.842773
84,192,1659.0,708.874,1659.0,708.874268
84,193,1661.0,708.906,1661.000031,708.906494
84,194,1663.0,708.927,1663.0,708.926758
84,195,1665.0,708.924,1665.000061,708.924194
84,196,1667.0,708.898,1667.0,708.897949
84,197,1669.0,708.852,1669.0,708.851868
84,198,1671.0,708.795,1671.000061,708.795044
84,199,1673.0,708.744,1673.0,708.74353
84,200,1675.0,708.721,1675.0,708.720703
84,201,1677.0,708.751,1677.000061,708.750671
84,202,1679.0,708.831,1679.000061,708.830566
84,203,1681.0,708.932,1681.0,708.931946
84,204,1683.0,709.027,1683.0,709.026917
84,205,1685.0,709.098,1685.000061,709.097656
84,206,1687.0,709.14,1687.0,709.139771
84,207,1689.0,709.159,1689.0,709.158691
84,208,1691.0,709.158,1691.000061,709.157837
84,209,1693.0,709.15,1693.000061,709.149536
84,210,1695.0,709.145,1695.0,709.145386
84,211,1697.0,709.144,1697.0,709.144409
84,212,1699.0,709.142,1699.000061,709.142395
84,213,1701.0,709.137,1701.0,709.137451
84,214,1702.857,709.132,1702.857178,709.131897
84,215,1704.143,709.129,1704.142883,709.128845
85,0,1150.857,705.746,1150.857143,705.746338
85,1,1152.143,705.884,1152.142857,705.884155
85,2,1154.0,706.076,1154.0,706.075806
85,3,1156.0,706.281,1156.0,706.280884
85,4,1158.0,706.447,1158.0,706.447083
85,5,1160.0,706.576,1160.000001,706.576172
85,6,1162.0,706.709,1162.000001,706.709351
85,7,1164.0,706.889,1164.000001,706.888611
85,8,1166.0,707.144,1166.0,707.144226
85,9,1168.0,707.436,1168.000002,707.435608
85,10,1170.0,707.7,1170.000002,707.699524
85,11,1172.0,707.894,1172.0,707.894104
85,12,1174.0,708.017,1174.000002,708.016541
85,13,1176.0,708.104,1176.0,708.104492
85,14,1178.0,708.179,1178.000002,708.17865
85,15,1180.0,708.271,1180.000002,708.270691
85,16,1182.0,708.415,1182.000004,708.414612
85,17,1184.0,708.603,1184.0,708.602966
85,18,1186.0,708.81,1186.000004,708.809937
85,19,1188.0,708.995,1188.0,708.995361
85,20,1190.0,709.139,1190.000004,709.138977
85,21,1192.0,709.244,1192.000004,709.243713
85,22,1194.0,709.321,1194.000004,709.320557
85,23,1196.0,709.416,1196.0,709.415833
85,24,1198.0,709.628,1198.0,709.627686
85,25,1200.0,710.036,1200.000004,710.035828
85,26,1202.0,710.592,1202.000004,710.592407
85,27,1204.0,711.203,1204.0,711.203491
85,28,1206.0,711.679,1206.000004,711.679321
85,29,1208.0,711.907,1208.000004,711.907104
85,30,1210.0,711.962,1210.000004,711.962219
85,31,1214.857,712.259,1214.857147,712.259216
85,32,1219.714,712.566,1219.714287,712.56604
85,33,1224.571,712.928,1224.571426,712.927917
85,34,1228.0,713.129,1228.0,713.128845
85,35,1230.0,713.101,1230.0,713.100708
85,36,1232.0,712.973,1232.000008,712.972595
85,37,1234.0,712.74,1234.0,712.740051
85,38,1237.286,712.508,1237.285713,712.508179
85,39,1241.857,712.584,1241.857147,712.584473
85,40,1246.429,712.777,1246.428574,712.777283
85,41,1251.0,713.176,1251.000008,713.175842
85,42,1253.0,713.396,1253.000008,713.395813
85,43,1291.571,714.76,1291.571442,714.760498
85,44,1330.143,716.053,1330.142853,716.052612
85,45,1368.714,717.256,1368.714294,717.255859
85,46,1389.0,717.783,1389.000015,717.783142
85,47,1391.0,717.695,1391.000015,717.695496
85,48,1393.0,717.612,1393.0,717.612061
85,49,1395.0,717.52,1395.000015,717.520081
85,50,1397.0,717.415,1397.000015,717.415405
85,51,1399.0,717.302,1399.000015,717.301697
85,52,1401.0,717.192,1401.0,717.192444
85,53,1403.0,717.099,1403.000015,717.09906
85,54,1405.0,717.015,1405.000015,717.015015
85,55,1407.0,716.933,1407.000031,716.932556
85,56,1409.0,716.862,1409.0,716.861816
85,57,1411.0,716.804,1411.0,716.803772
85,58,1413.0,716.74,1413.000031,716.739746
85,59,1415.0,716.653,1415.0,716.653259
85,60,1417.0,716.55,1417.000031,716.549744
85,61,1419.0,716.449,1419.0,716.448853
85,62,1421.0,716.372,1421.000031,716.372314
85,63,1423.0,716.315,1423.0,716.315002
85,64,1425.0,716.264,1425.0,716.264465
85,65,1427.0,716.221,1427.000031,716.220642
85,66,1429.0,716.188,1429.0,716.187744
85,67,1431.0,716.164,1431.000031,716.164185
85,68,1433.0,716.139,1433.0,716.13855
85,69,1435.0,716.095,1435.000031,716.095337
85,70,1437.0,716.019,1437.0,716.018921
85,71,1439.0,715.913,1439.0,715.913452
85,72,1441.0,715.798,1441.000031,715.797974
85,73,1443.0,715.693,1443.0,715.692871
85,74,1445.0,715.616,1445.000031,715.616394
85,75,1447.0,715.561,1447.0,715.561462
85,76,1449.0,715.508,1449.000031,715.50769
85,77,1451.0,715.434,1451.0,715.434265
85,78,1453.0,715.326,1453.000031,715.325806
85,79,1455.0,715.2,1455.0,715.199951
85,80,1457.0,715.086,1457.0,715.08551
85,81,1459.0,715.006,1459.000031,715.005676
85,82,1461.0,714.966,1461.0,714.965637
85,83,1463.0,714.946,1463.000031,714.946045
85,84,1465.0,714.927,1465.0,714.927063
85,85,1467.0,714.901,1467.000031,714.901489
85,86,1469.0,714.87,1469.0,714.869507
85,87,1471.0,714.838,1471.0,714.837524
85,88,1473.0,714.814,1473.000031,714.814209
85,89,1475.0,714.8,1475.0,714.800232
85,90,1477.0,714.789,1477.000031,714.788635
85,91,1479.0,714.768,1479.0,714.768433
85,92,1481.0,714.735,1481.000031,714.735046
85,93,1483.0,714.693,1483.0,714.69342
85,94,1485.0,714.654,1485.0,714.654053
85,95,1487.0,714.624,1487.000031,714.623535
85,96,1489.0,714.601,1489.0,714.600891
85,97,1491.0,714.583,1491.000031,714.582642
85,98,1493.0,714.57,1493.000031,714.569946
85,99,1495.0,714.565,1495.000031,714.565491
85,100,1497.0,714.571,1497.0,714.571411
85,101,1499.0,714.585,1499.0,714.585449
85,102,1501.0,714.599,1501.000031,714.599121
85,103,1503.0,714.611,1503.0,714.610596
85,104,1505.0,714.62,1505.000031,714.620239
85,105,1507.0,714.626,1507.000031,714.625916
85,106,1509.0,714.624,1509.000031,714.623535
85,107,1511.0,714.602,1511.0,714.601929
85,108,1513.0,714.554,1513.0,714.553711
85,109,1515.0,714.477,1515.000031,714.477173
85,110,1517.0,714.384,1517.000031,714.383728
85,111,1519.0,714.298,1519.0,714.298218
85,112,1521.0,714.241,1521.000031,714.240967
85,113,1523.0,714.219,1523.000031,714.219177
85,114,1525.0,714.222,1525.0,714.221558
85,115,1527.0,714.229,1527.0,714.229248
85,116,1529.0,714.229,1529.000031,714.228943
85,117,1531.0,714.215,1531.000031,714.214905
85,118,1533.0,714.188,1533.0,714.188354
85,119,1535.0,714.158,1535.000031,714.158081
85,120,1537.0,714.135,1537.000031,714.134949
85,121,1539.0,714.124,1539.0,714.12384
85,122,1541.0,714.123,1541.0,714.122742
85,123,1543.0,714.128,1543.000031,714.128479
85,124,1545.0,714.141,1545.000031,714.141052
85,125,1547.0,714.161,1547.0,714.160645
85,126,1549.0,714.184,1549.000031,714.183533
85,127,1551.0,714.203,1551.000031,714.203491
85,128,1553.0,714.218,1553.0,714.218079
85,129,1555.0,714.228,1555.0,714.228149
85,130,1557.0,714.235,1557.000031,714.235352
85,131,1559.0,714.242,1559.000031,714.241577
85,132,1561.0,714.249,1561.0,714.249084
85,133,1563.0,714.26,1563.000031,714.260193
85,134,1565.0,714.277,1565.000031,714.27655
85,135,1567.0,714.296,1567.0,714.296448
85,136,1569.0,714.316,1569.0,714.316101
85,137,1571.0,714.332,1571.000031,714.331909
85,138,1573.0,714.342,1573.000031,714.342346
85,139,1575.0,714.348,1575.0,714.347961
85,140,1577.0,714.35,1577.000031,714.350464
85,141,1579.0,714.354,1579.000031,714.353882
85,142,1581.0,714.363,1581.000031,714.363403
85,143,1583.0,714.381,1583.0,714.381104
85,144,1585.0,714.403,1585.000031,714.40332
85,145,1587.0,714.424,1587.000031,714.424377
85,146,1589.0,714.441,1589.0,714.440918
85,147,1591.0,714.454,1591.000031,714.454102
85,148,1593.0,714.466,1593.000031,714.465637
85,149,1595.0,714.477,1595.000031,714.477051
85,150,1597.0,714.488,1597.0,714.487671
85,151,1599.0,714.492,1599.000031,714.491821
85,152,1601.0,714.487,1601.000031,714.486877
85,153,1603.0,714.479,1603.0,714.47876
85,154,1605.0,714.475,1605.000031,714.475098
85,155,1607.0,714.482,1607.000031,714.481812
85,156,1609.0,714.495,1609.000031,714.4953
85,157,1611.0,714.508,1611.0,714.508118
85,158,1613.0,714.52,1613.000031,714.519775
85,159,1615.0,714.531,1615.000031,714.531006
85,160,1617.0,714.541,1617.0,714.540588
85,161,1619.0,714.55,1619.000031,714.549622
85,162,1621.0,714.563,1621.000031,714.562744
85,163,1623.0,714.584,1623.000031,714.584045
85,164,1625.0,714.613,1625.0,714.613281
85,165,1627.0,714.643,1627.000031,714.642761
85,166,1629.0,714.665,1629.000031,714.664917
85,167,1631.0,714.683,1631.0,714.682617
85,168,1633.0,714.703,1633.000031,714.703125
85,169,1635.0,714.731,1635.000031,714.731079
85,170,1637.0,714.764,1637.000031,714.764404
85,171,1639.0,714.797,1639.0,714.797241
85,172,1641.0,714.831,1641.000031,714.831482
85,173,1643.0,714.876,1643.000031,714.87616
85,174,1645.0,714.937,1645.0,714.937073
85,175,1647.0,715.009,1647.000031,715.009155
85,176,1649.0,715.076,1649.000031,715.076294
85,177,1651.0,715.125,1651.000031,715.124817
85,178,1653.0,715.152,1653.0,715.151978
85,179,1655.0,715.166,1655.000031,715.165955
85,180,1657.0,715.177,1657.000031,715.177368
85,181,1659.0,715.189,1659.0,715.189209
85,182,1661.0,715.196,1661.000031,715.196411
85,183,1663.0,715.196,1663.0,715.19574
85,184,1665.0,715.19,1665.000061,715.190308
85,185,1667.0,715.187,1667.0,715.187134
85,186,1669.0,715.193,1669.0,715.193298
85,187,1671.0,715.208,1671.000061,715.20813
85,188,1673.0,715.23,1673.0,715.229553
85,189,1675.0,715.26,1675.0,715.260376
85,190,1677.0,715.307,1677.000061,715.306702
85,191,1679.0,715.371,1679.000061,715.370972
85,192,1681.0,715.449,1681.0,715.448853
85,193,1683.0,715.529,1683.0,715.528687
85,194,1685.0,715.601,1685.000061,715.600586
85,195,1687.0,715.662,1687.0,715.662109
85,196,1689.0,715.717,1689.0,715.716553
85,197,1691.0,715.767,1691.000061,715.766602
85,198,1693.0,715.81,1693.000061,715.810425
85,199,1695.0,715.844,1695.0,715.843811
85,200,1697.0,715.863,1697.0,715.862976
85,201,1699.0,715.869,1699.000061,715.869446
85,202,1701.0,715.869,1701.0,715.868835
85,203,1702.857,715.866,1702.857178,715.866272
85,204,1704.143,715.865,1704.142883,715.864868
86,0,1150.857,711.548,1150.857143,711.547546
86,1,1152.143,711.672,1152.142857,711.672058
86,2,1154.0,711.85,1154.0,711.84967
86,3,1156.0,712.044,1156.0,712.044434
86,4,1158.0,712.218,1158.0,712.218323
86,5,1160.0,712.386,1160.000001,712.386475
86,6,1162.0,712.559,1162.000001,712.559082
86,7,1164.0,712.745,1164.000001,712.7453
86,8,1166.0,712.953,1166.0,712.953125
86,9,1168.0,713.2,1168.000002,713.199951
86,10,1170.0,713.471,1170.000002,713.470825
86,11,1172.0,713.719,1172.0,713.719116
86,12,1174.0,713.912,1174.000002,713.912231
86,13,1176.0,714.046,1176.0,714.046326
86,14,1178.0,714.162,1178.000002,714.16217
86,15,1180.0,714.299,1180.000002,714.298706
86,16,1182.0,714.467,1182.000004,714.467224
86,17,1184.0,714.652,1184.0,714.651794
86,18,1186.0,714.838,1186.000004,714.838135
86,19,1188.0,715.011,1188.0,715.011108
86,20,1190.0,715.176,1190.000004,715.176392
86,21,1192.0,715.339,1192.000004,715.338745
86,22,1194.0,715.488,1194.000004,715.487671
86,23,1196.0,715.61,1196.0,715.610474
86,24,1198.0,715.711,1198.0,715.71051
86,25,1200.0,715.862,1200.000004,715.862061
86,26,1202.0,716.136,1202.000004,716.13623
86,27,1204.0,716.456,1204.0,716.455811
86,28,1206.0,716.755,1206.000004,716.755066
86,29,1208.0,716.937,1208.000004,716.93689
86,30,1210.0,717.032,1210.000004,717.032166
86,31,1212.0,717.114,1212.0,717.114014
86,32,1214.0,717.196,1214.0,717.19635
86,33,1216.0,717.284,1216.0,717.28418
86,34,1218.0,717.398,1218.0,717.397522
86,35,1220.0,717.555,1220.0,717.555481
86,36,1222.0,717.752,1222.000008,717.75238
86,37,1224.0,717.945,1224.000008,717.944824
86,38,1226.0,718.09,1226.0,718.089844
86,39,1228.0,718.197,1228.0,718.197388
86,40,1230.0,718.306,1230.0,718.306396
86,41,1232.0,718.428,1232.000008,718.427734
86,42,1234.0,718.569,1234.0,718.568909
86,43,1236.0,718.742,1236.0,718.741638
86,44,1238.0,718.957,1238.000008,718.956848
86,45,1240.0,719.191,1240.0,719.191101
86,46,1242.0,719.392,1242.0,719.39209
86,47,1244.0,719.532,1244.000008,719.532471
86,48,1246.0,719.65,1246.000008,719.649658
86,49,1248.0,719.778,1248.000008,719.777527
86,50,1250.0,719.9,1250.0,719.899719
86,51,1252.0,719.985,1252.000008,719.984619
86,52,1254.0,720.013,1254.000008,720.013123
86,53,1256.0,720.01,1256.0,720.010376
86,54,1276.0,720.421,1276.000008,720.420715
86,55,1314.0,721.351,1314.0,721.351379
86,56,1352.0,722.29,1352.000015,722.290039
86,57,1390.0,723.195,1390.000015,723.194641
86,58,1392.0,723.224,1392.000015,723.224182
86,59,1394.0,723.173,1394.0,723.173157
86,60,1396.0,723.123,1396.000015,723.123474
86,61,1398.0,723.066,1398.000015,723.065979
86,62,1400.0,722.991,1400.0,722.990845
86,63,1402.0,722.906,1402.000015,722.90564
86,64,1404.0,722.819,1404.000015,722.81897
86,65,1406.0,722.725,1406.000031,722.724792
86,66,1408.0,722.62,1408.0,722.620483
86,67,1410.0,722.509,1410.000031,722.508789
86,68,1412.0,722.394,1412.0,722.394104
86,69,1414.0,722.281,1414.000031,722.281311
86,70,1416.0,722.176,1416.0,722.176331
86,71,1418.0,722.085,1418.0,722.085083
86,72,1420.0,722.013,1420.000031,722.013062
86,73,1422.0,721.954,1422.0,721.954102
86,74,1424.0,721.89,1424.000031,721.889709
86,75,1426.0,721.81,1426.0,721.810364
86,76,1428.0,721.719,1428.000031,721.71936
86,77,1430.0,721.632,1430.0,721.632019
86,78,1432.0,721.567,1432.0,721.566956
86,79,1434.0,721.522,1434.000031,721.521667
86,80,1436.0,721.462,1436.0,721.46167
86,81,1438.0,721.362,1438.000031,721.361755
86,82,1440.0,721.242,1440.0,721.241638
86,83,1442.0,721.142,1442.000031,721.141785
86,84,1444.0,721.09,1444.0,721.089722
86,85,1446.0,721.069,1446.0,721.068542
86,86,1448.0,721.047,1448.000031,721.046753
86,87,1450.0,721.014,1450.0,721.013977
86,88,1452.0,720.973,1452.000031,720.973206
86,89,1454.0,720.931,1454.0,720.930786
86,90,1456.0,720.892,1456.000031,720.891785
86,91,1458.0,720.863,1458.0,720.862549
86,92,1460.0,720.845,1460.000031,720.845276
86,93,1462.0,720.835,1462.0,720.835144
86,94,1464.0,720.826,1464.0,720.826416
86,95,1466.0,720.818,1466.000031,720.81842
86,96,1468.0,720.812,1468.0,720.812378
86,97,1470.0,720.806,1470.000031,720.806335
86,98,1472.0,720.797,1472.0,720.797424
86,99,1474.0,720.789,1474.000031,720.788696
86,100,1476.0,720.786,1476.0,720.786316
86,101,1478.0,720.79,1478.0,720.790466
86,102,1480.0,720.792,1480.000031,720.791992
86,103,1482.0,720.779,1482.0,720.779358
86,104,1484.0,720.753,1484.000031,720.752808
86,105,1486.0,720.728,1486.0,720.728088
86,106,1488.0,720.719,1488.000031,720.71936
86,107,1490.0,720.729,1490.0,720.729309
86,108,1492.0,720.75,1492.0,720.749939
86,109,1494.0,720.77,1494.000031,720.770325
86,110,1496.0,720.779,1496.0,720.779297
86,111,1498.0,720.762,1498.000031,720.762146
86,112,1500.0,720.701,1500.000031,720.701172
86,113,1502.0,720.591,1502.000031,720.591431
86,114,1504.0,720.454,1504.0,720.454468
86,115,1506.0,720.32,1506.0,720.319702
86,116,1508.0,720.218,1508.000031,720.218323
86,117,1510.0,720.167,1510.000031,720.166931
86,118,1512.0,720.166,1512.0,720.166077
86,119,1514.0,720.191,1514.000031,720.191101
86,120,1516.0,720.218,1516.000031,720.218384
86,121,1518.0,720.229,1518.0,720.229187
86,122,1520.0,720.22,1520.0,720.220276
86,123,1522.0,720.203,1522.000031,720.203369
86,124,1524.0,720.182,1524.000031,720.181885
86,125,1526.0,720.16,1526.0,720.15979
86,126,1528.0,720.145,1528.000031,720.144531
86,127,1530.0,720.141,1530.000031,720.140991
86,128,1532.0,720.148,1532.0,720.148132
86,129,1534.0,720.16,1534.0,720.160095
86,130,1536.0,720.169,1536.000031,720.169373
86,131,1538.0,720.175,1538.000031,720.174683
86,132,1540.0,720.18,1540.0,720.179871
86,133,1542.0,720.19,1542.000031,720.189697
86,134,1544.0,720.205,1544.000031,720.205017
86,135,1546.0,720.224,1546.0,720.223938
86,136,1548.0,720.24,1548.0,720.240356
86,137,1550.0,720.248,1550.000031,720.248413
86,138,1552.0,720.249,1552.000031,720.24884
86,139,1554.0,720.247,1554.0,720.247437
86,140,1556.0,720.253,1556.000031,720.252563
86,141,1558.0,720.265,1558.000031,720.264709
86,142,1560.0,720.275,1560.0,720.275208
86,143,1562.0,720.279,1562.0,720.279053
86,144,1564.0,720.28,1564.000031,720.279602
86,145,1566.0,720.284,1566.000031,720.284424
86,146,1568.0,720.298,1568.0,720.298035
86,147,1570.0,720.317,1570.000031,720.317444
86,148,1572.0,720.337,1572.000031,720.33728
86,149,1574.0,720.355,1574.0,720.355286
86,150,1576.0,720.372,1576.0,720.371643
86,151,1578.0,720.387,1578.000031,720.386658
86,152,1580.0,720.402,1580.000031,720.4021
86,153,1582.0,720.423,1582.0,720.422546
86,154,1584.0,720.451,1584.000031,720.451477
86,155,1586.0,720.484,1586.000031,720.484497
86,156,1588.0,720.512,1588.000031,720.511658
86,157,1590.0,720.527,1590.0,720.526611
86,158,1592.0,720.527,1592.000031,720.527405
86,159,1594.0,720.514,1594.000031,720.514282
86,160,1596.0,720.49,1596.0,720.48999
86,161,1598.0,720.46,1598.000031,720.459717
86,162,1600.0,720.429,1600.000031,720.428894
86,163,1602.0,720.402,1602.000031,720.401611
86,164,1604.0,720.383,1604.0,720.38269
86,165,1606.0,720.378,1606.000031,720.378052
86,166,1608.0,720.386,1608.000031,720.386169
86,167,1610.0,720.4,1610.0,720.399658
86,168,1612.0,720.418,1612.000031,720.418335
86,169,1614.0,720.449,1614.000031,720.449158
86,170,1616.0,720.491,1616.000031,720.490601
86,171,1618.0,720.532,1618.0,720.531677
86,172,1620.0,720.559,1620.000031,720.55896
86,173,1622.0,720.573,1622.000031,720.572937
86,174,1624.0,720.59,1624.0,720.5896
86,175,1626.0,720.619,1626.000031,720.618774
86,176,1628.0,720.66,1628.000031,720.660034
86,177,1630.0,720.707,1630.000031,720.706787
86,178,1632.0,720.75,1632.0,720.750366
86,179,1634.0,720.784,1634.000031,720.784119
86,180,1636.0,720.808,1636.000031,720.807983
86,181,1638.0,720.827,1638.0,720.827271
86,182,1640.0,720.848,1640.000031,720.847656
86,183,1642.0,720.874,1642.000031,720.873962
86,184,1644.0,720.907,1644.000031,720.907104
86,185,1646.0,720.941,1646.0,720.941406
86,186,1648.0,720.97,1648.000031,720.969604
86,187,1650.0,720.99,1650.000031,720.990417
86,188,1652.0,721.013,1652.0,721.012878
86,189,1654.0,721.046,1654.000031,721.045959
86,190,1656.0,721.088,1656.000031,721.088135
86,191,1658.0,721.13,1658.000031,721.129517
86,192,1660.0,721.165,1660.0,721.164856
86,193,1662.0,721.202,1662.0,721.201904
86,194,1664.0,721.245,1664.0,721.245178
86,195,1666.0,721.294,1666.0,721.294189
86,196,1668.0,721.349,1668.0,721.349121
86,197,1670.0,721.41,1670.000061,721.409912
86,198,1672.0,721.469,1672.000061,721.469421
86,199,1674.0,721.515,1674.0,721.515137
86,200,1676.0,721.528,1676.0,721.527954
86,201,1678.0,721.497,1678.000061,721.497131
86,202,1680.0,721.438,1680.0,721.437622
86,203,1682.0,721.377,1682.0,721.37738
86,204,1684.0,721.352,1684.000061,721.351746
86,205,1686.0,721.381,1686.000061,721.38092
86,206,1688.0,721.44,1688.0,721.439636
86,207,1690.0,721.492,1690.0,721.492432
86,208,1692.0,721.521,1692.000061,721.521484
86,209,1694.0,721.529,1694.0,721.528931
86,210,1696.0,721.533,1696.0,721.533447
86,211,1698.0,721.541,1698.000061,721.541077
86,212,1700.0,721.55,1700.000061,721.550354
86,213,1702.0,721.56,1702.0,721.559814
86,214,1703.571,721.568,1703.571411,721.568176
87,0,1150.857,717.566,1150.857143,717.566162
87,1,1152.143,717.708,1152.142857,717.708008
87,2,1154.0,717.896,1154.0,717.895935
87,3,1156.0,718.086,1156.0,718.08551
87,4,1158.0,718.233,1158.0,718.232727
87,5,1160.0,718.363,1160.000001,718.362915
87,6,1162.0,718.499,1162.000001,718.498596
87,7,1164.0,718.664,1164.000001,718.664368
87,8,1166.0,718.886,1166.0,718.886292
87,9,1168.0,719.167,1168.000002,719.166931
87,10,1170.0,719.445,1170.000002,719.445068
87,11,1172.0,719.673,1172.0,719.673218
87,12,1174.0,719.832,1174.000002,719.83197
87,13,1176.0,719.955,1176.0,719.955139
87,14,1178.0,720.092,1178.000002,720.092041
87,15,1180.0,720.251,1180.000002,720.251038
87,16,1182.0,720.418,1182.000004,720.418152
87,17,1184.0,720.57,1184.0,720.56958
87,18,1186.0,720.699,1186.000004,720.699463
87,19,1188.0,720.814,1188.0,720.814026
87,20,1190.0,720.94,1190.000004,720.940308
87,21,1192.0,721.106,1192.000004,721.105774
87,22,1194.0,721.307,1194.000004,721.307129
87,23,1196.0,721.508,1196.0,721.508362
87,24,1198.0,721.699,1198.0,721.698914
87,25,1200.0,721.911,1200.000004,721.911194
87,26,1202.0,722.154,1202.000004,722.154114
87,27,1204.0,722.401,1204.0,722.400696
87,28,1206.0,722.59,1206.000004,722.590454
87,29,1208.0,722.675,1208.000004,722.674744
87,30,1210.0,722.684,1210.000004,722.683716
87,31,1212.0,722.661,1212.0,722.661011
87,32,1214.0,722.626,1214.0,722.626038
87,33,1216.0,722.599,1216.0,722.598511
87,34,1218.0,722.67,1218.0,722.669556
87,35,1220.0,722.867,1220.0,722.867126
87,36,1222.0,723.126,1222.000008,723.12561
87,37,1224.0,723.403,1224.000008,723.403137
87,38,1226.0,723.621,1226.0,723.621399
87,39,1228.0,723.832,1228.0,723.832336
87,40,1230.0,724.049,1230.0,724.049194
87,41,1232.0,724.21,1232.000008,724.210205
87,42,1234.0,724.264,1234.0,724.264282
87,43,1236.0,724.256,1236.0,724.255554
87,44,1238.0,724.343,1238.000008,724.343201
87,45,1240.0,724.505,1240.0,724.505127
87,46,1242.0,724.73,1242.0,724.729736
87,47,1244.0,724.917,1244.000008,724.916565
87,48,1246.0,725.029,1246.000008,725.029053
87,49,1248.0,725.127,1248.000008,725.127441
87,50,1250.0,725.218,1250.0,725.218384
87,51,1252.0,725.309,1252.000008,725.309265
87,52,1254.0,725.423,1254.000008,725.422974
87,53,1256.0,725.585,1256.0,725.585144
87,54,1258.0,725.821,1258.000008,725.821106
87,55,1278.286,726.435,1278.285721,726.43457
87,56,1316.857,727.405,1316.857162,727.404846
87,57,1355.429,728.345,1355.428574,728.344849
87,58,1394.0,729.201,1394.0,729.200623
87,59,1396.0,729.356,1396.000015,729.356323
87,60,1398.0,729.431,1398.000015,729.431152
87,61,1400.0,729.451,1400.0,729.450623
87,62,1402.0,729.421,1402.000015,729.421387
87,63,1404.0,729.373,1404.000015,729.373108
87,64,1406.0,729.344,1406.000031,729.343811
87,65,1408.0,729.346,1408.0,729.34613
87,66,1410.0,729.357,1410.000031,729.356934
87,67,1412.0,729.334,1412.0,729.334045
87,68,1414.0,729.258,1414.000031,729.258362
87,69,1416.0,729.155,1416.0,729.154663
87,70,1418.0,729.054,1418.0,729.053589
87,71,1420.0,728.967,1420.000031,728.966797
87,72,1422.0,728.89,1422.0,728.889648
87,73,1424.0,728.816,1424.000031,728.815979
87,74,1426.0,728.751,1426.0,728.751099
87,75,1428.0,728.705,1428.000031,728.704895
87,76,1430.0,728.673,1430.0,728.672607
87,77,1432.0,728.644,1432.0,728.643738
87,78,1434.0,728.613,1434.000031,728.613159
87,79,1436.0,728.579,1436.0,728.578613
87,80,1438.0,728.535,1438.000031,728.535278
87,81,1440.0,728.479,1440.0,728.479065
87,82,1442.0,728.409,1442.000031,728.408813
87,83,1444.0,728.325,1444.0,728.325012
87,84,1446.0,728.23,1446.0,728.229736
87,85,1448.0,728.134,1448.000031,728.134399
87,86,1450.0,728.052,1450.0,728.052368
87,87,1452.0,727.987,1452.000031,727.986877
87,88,1454.0,727.929,1454.0,727.929077
87,89,1456.0,727.871,1456.000031,727.871094
87,90,1458.0,727.818,1458.0,727.818298
87,91,1460.0,727.781,1460.000031,727.781067
87,92,1462.0,727.757,1462.0,727.756531
87,93,1464.0,727.732,1464.0,727.7323
87,94,1466.0,727.708,1466.000031,727.707642
87,95,1468.0,727.698,1468.0,727.697754
87,96,1470.0,727.715,1470.000031,727.715332
87,97,1472.0,727.754,1472.0,727.754395
87,98,1474.0,727.79,1474.000031,727.789917
87,99,1476.0,727.801,1476.0,727.801392
87,100,1478.0,727.788,1478.0,727.787659
87,101,1480.0,727.76,1480.000031,727.760254
87,102,1482.0,727.735,1482.0,727.734924
87,103,1484.0,727.715,1484.000031,727.714966
87,104,1486.0,727.685,1486.0,727.684814
87,105,1488.0,727.628,1488.000031,727.62793
87,106,1490.0,727.561,1490.0,727.561462
87,107,1492.0,727.511,1492.0,727.511169
87,108,1494.0,727.48,1494.000031,727.479736
87,109,1496.0,727.457,1496.0,727.457397
87,110,1498.0,727.425,1498.000031,727.424683
87,111,1500.0,727.373,1500.000031,727.373413
87,112,1502.0,727.305,1502.000031,727.304626
87,113,1504.0,727.224,1504.0,727.223816
87,114,1506.0,727.143,1506.0,727.143066
87,115,1508.0,727.083,1508.000031,727.083252
87,116,1510.0,727.037,1510.000031,727.036865
87,117,1512.0,726.982,1512.0,726.981934
87,118,1514.0,726.92,1514.000031,726.919556
87,119,1516.0,726.863,1516.000031,726.863403
87,120,1518.0,726.828,1518.0,726.827881
87,121,1520.0,726.809,1520.0,726.809021
87,122,1522.0,726.796,1522.000031,726.795776
87,123,1524.0,726.783,1524.000031,726.783142
87,124,1526.0,726.768,1526.0,726.768005
87,125,1528.0,726.751,1528.000031,726.751404
87,126,1530.0,726.738,1530.000031,726.737732
87,127,1532.0,726.735,1532.0,726.734802
87,128,1534.0,726.746,1534.0,726.745911
87,129,1536.0,726.765,1536.000031,726.765137
87,130,1538.0,726.784,1538.000031,726.783569
87,131,1540.0,726.795,1540.0,726.79541
87,132,1542.0,726.801,1542.000031,726.800964
87,133,1544.0,726.808,1544.000031,726.808167
87,134,1546.0,726.824,1546.0,726.824402
87,135,1548.0,726.848,1548.0,726.848083
87,136,1550.0,726.871,1550.000031,726.870667
87,137,1552.0,726.883,1552.000031,726.883118
87,138,1554.0,726.881,1554.0,726.881042
87,139,1556.0,726.869,1556.000031,726.868591
87,140,1558.0,726.855,1558.000031,726.855408
87,141,1560.0,726.853,1560.0,726.8526
87,142,1562.0,726.865,1562.0,726.864685
87,143,1564.0,726.884,1564.000031,726.883972
87,144,1566.0,726.897,1566.000031,726.896729
87,145,1568.0,726.894,1568.0,726.894409
87,146,1570.0,726.881,1570.000031,726.880737
87,147,1572.0,726.865,1572.000031,726.864624
87,148,1574.0,726.85,1574.0,726.849854
87,149,1576.0,726.836,1576.0,726.835938
87,150,1578.0,726.823,1578.000031,726.823303
87,151,1580.0,726.815,1580.000031,726.815186
87,152,1582.0,726.816,1582.0,726.815857
87,153,1584.0,726.828,1584.000031,726.828186
87,154,1586.0,726.85,1586.000031,726.849792
87,155,1588.0,726.877,1588.000031,726.876587
87,156,1590.0,726.905,1590.0,726.904846
87,157,1592.0,726.929,1592.000031,726.928711
87,158,1594.0,726.939,1594.000031,726.939087
87,159,1596.0,726.933,1596.0,726.932617
87,160,1598.0,726.918,1598.000031,726.917847
87,161,1600.0,726.911,1600.000031,726.910706
87,162,1602.0,726.926,1602.000031,726.926392
87,163,1604.0,726.966,1604.0,726.966187
87,164,1606.0,727.016,1606.000031,727.016235
87,165,1608.0,727.061,1608.000031,727.060852
87,166,1610.0,727.092,1610.0,727.092407
87,167,1612.0,727.117,1612.000031,727.116638
87,168,1614.0,727.15,1614.000031,727.149597
87,169,1616.0,727.202,1616.000031,727.202209
87,170,1618.0,727.27,1618.0,727.270447
87,171,1620.0,727.337,1620.000031,727.337036
87,172,1622.0,727.386,1622.000031,727.38562
87,173,1624.0,727.412,1624.0,727.412354
87,174,1626.0,727.424,1626.000031,727.424255
87,175,1628.0,727.431,1628.000031,727.431458
87,176,1630.0,727.442,1630.000031,727.442017
87,177,1632.0,727.459,1632.0,727.458557
87,178,1634.0,727.48,1634.000031,727.480408
87,179,1636.0,727.505,1636.000031,727.505127
87,180,1638.0,727.529,1638.0,727.528503
87,181,1640.0,727.55,1640.000031,727.549561
87,182,1642.0,727.569,1642.000031,727.568848
87,183,1644.0,727.58,1644.000031,727.5802
87,184,1646.0,727.576,1646.0,727.575623
87,185,1648.0,727.553,1648.000031,727.55304
87,186,1650.0,727.52,1650.000031,727.520447
87,187,1652.0,727.493,1652.0,727.492554
87,188,1654.0,727.482,1654.000031,727.481873
87,189,1656.0,727.494,1656.000031,727.494202
87,190,1658.0,727.53,1658.000031,727.530151
87,191,1660.0,727.594,1660.0,727.59436
87,192,1662.0,727.686,1662.0,727.686035
87,193,1664.0,727.785,1664.0,727.784546
87,194,1666.0,727.866,1666.0,727.865784
87,195,1668.0,727.914,1668.0,727.91394
87,196,1670.0,727.932,1670.000061,727.932373
87,197,1672.0,727.939,1672.000061,727.939148
87,198,1674.0,727.944,1674.0,727.943909
87,199,1676.0,727.948,1676.0,727.948181
87,200,1678.0,727.954,1678.000061,727.954163
87,201,1680.0,727.964,1680.0,727.964478
87,202,1682.0,727.978,1682.0,727.977661
87,203,1684.0,727.989,1684.000061,727.988586
87,204,1686.0,727.992,1686.000061,727.991821
87,205,1688.0,727.988,1688.0,727.987793
87,206,1690.0,727.985,1690.0,727.985107
87,207,1692.0,727.997,1692.000061,727.996826
87,208,1694.0,728.031,1694.0,728.030762
87,209,1696.0,728.08,1696.0,728.080322
87,210,1698.0,728.129,1698.000061,728.128845
87,211,1700.0,728.163,1700.000061,728.162903
87,212,1702.0,728.18,1702.0,728.180115
87,213,1703.571,728.186,1703.571411,728.186279
88,0,1150.857,724.061,1150.857143,724.060791
88,1,1152.143,724.128,1152.142857,724.127869
88,2,1154.0,724.238,1154.0,724.237793
88,3,1156.0,724.38,1156.0,724.380249
88,4,1158.0,724.525,1158.0,724.524597
88,5,1160.0,724.661,1160.000001,724.660522
88,6,1162.0,724.794,1162.000001,724.794006
88,7,1164.0,724.955,1164.000001,724.954773
88,8,1166.0,725.171,1166.0,725.170898
88,9,1168.0,725.416,1168.000002,725.416443
88,10,1170.0,725.643,1170.000002,725.643005
88,11,1172.0,725.812,1172.0,725.811646
88,12,1174.0,725.922,1174.000002,725.921997
88,13,1176.0,726.018,1176.0,726.018311
88,14,1178.0,726.128,1178.000002,726.127991
88,15,1180.0,726.262,1180.000002,726.261902
88,16,1182.0,726.417,1182.000004,726.41748
88,17,1184.0,726.584,1184.0,726.583679
88,18,1186.0,726.756,1186.000004,726.756042
88,19,1188.0,726.931,1188.0,726.931213
88,20,1190.0,727.119,1190.000004,727.118835
88,21,1192.0,727.329,1192.000004,727.328918
88,22,1194.0,727.534,1194.000004,727.534485
88,23,1196.0,727.719,1196.0,727.719238
88,24,1198.0,727.892,1198.0,727.892395
88,25,1200.0,728.116,1200.000004,728.11554
88,26,1202.0,728.41,1202.000004,728.409607
88,27,1204.0,728.717,1204.0,728.716858
88,28,1206.0,728.959,1206.000004,728.959045
88,29,1208.0,729.1,1208.000004,729.100159
88,30,1210.0,729.192,1210.000004,729.191528
88,31,1212.0,729.283,1212.0,729.283264
88,32,1214.0,729.394,1214.0,729.393555
88,33,1216.0,729.524,1216.0,729.524231
88,34,1218.0,729.684,1218.0,729.684204
88,35,1220.0,729.85,1220.0,729.849976
88,36,1222.0,729.958,1222.000008,729.958191
88,37,1224.0,729.979,1224.000008,729.979248
88,38,1226.0,729.943,1226.0,729.943481
88,39,1228.0,729.932,1228.0,729.931824
88,40,1230.0,729.995,1230.0,729.994995
88,41,1232.0,730.103,1232.000008,730.103333
88,42,1234.0,730.227,1234.0,730.226501
88,43,1236.0,730.369,1236.0,730.368713
88,44,1238.0,730.55,1238.000008,730.549622
88,45,1240.0,730.779,1240.0,730.778931
88,46,1242.0,731.029,1242.0,731.02887
88,47,1244.0,731.231,1244.000008,731.230591
88,48,1246.0,731.334,1246.000008,731.33429
88,49,1248.0,731.359,1248.000008,731.358521
88,50,1250.0,731.376,1250.0,731.376221
88,51,1252.0,731.459,1252.000008,731.459351
88,52,1254.0,731.643,1254.000008,731.642822
88,53,1256.0,731.919,1256.0,731.919434
88,54,1258.0,732.267,1258.000008,732.267334
88,55,1260.0,732.703,1260.000008,732.703125
88,56,1262.0,733.19,1262.000008,733.189941
88,57,1300.0,733.958,1300.0,733.957703
88,58,1338.0,734.623,1338.0,734.622925
88,59,1376.0,735.153,1376.000015,735.152527
88,60,1396.0,735.403,1396.000015,735.402771
88,61,1398.0,735.453,1398.000015,735.452759
88,62,1400.0,735.484,1400.0,735.484436
88,63,1402.0,735.497,1402.000015,735.497253
88,64,1404.0,735.481,1404.000015,735.481445
88,65,1406.0,735.429,1406.000031,735.428528
88,66,1408.0,735.354,1408.0,735.353516
88,67,1410.0,735.279,1410.000031,735.27948
88,68,1412.0,735.201,1412.0,735.201477
88,69,1414.0,735.111,1414.000031,735.110535
88,70,1416.0,735.012,1416.0,735.011536
88,71,1418.0,734.92,1418.0,734.919922
88,72,1420.0,734.846,1420.000031,734.846497
88,73,1422.0,734.794,1422.0,734.794495
88,74,1424.0,734.763,1424.000031,734.763123
88,75,1426.0,734.745,1426.0,734.744507
88,76,1428.0,734.723,1428.000031,734.723083
88,77,1430.0,734.688,1430.0,734.688416
88,78,1432.0,734.648,1432.0,734.648376
88,79,1434.0,734.615,1434.000031,734.614685
88,80,1436.0,734.581,1436.0,734.580505
88,81,1438.0,734.527,1438.000031,734.526611
88,82,1440.0,734.451,1440.0,734.450928
88,83,1442.0,734.369,1442.000031,734.36908
88,84,1444.0,734.306,1444.0,734.306213
88,85,1446.0,734.261,1446.0,734.261108
88,86,1448.0,734.22,1448.000031,734.220154
88,87,1450.0,734.194,1450.0,734.194458
88,88,1452.0,734.203,1452.000031,734.202698
88,89,1454.0,734.238,1454.0,734.237976
88,90,1456.0,734.27,1456.000031,734.270447
88,91,1458.0,734.281,1458.0,734.280701
88,92,1460.0,734.275,1460.000031,734.274658
88,93,1462.0,734.268,1462.0,734.268372
88,94,1464.0,734.252,1464.0,734.251953
88,95,1466.0,734.212,1466.000031,734.211609
88,96,1468.0,734.149,1468.0,734.148987
88,97,1470.0,734.078,1470.000031,734.078308
88,98,1472.0,734.003,1472.0,734.002747
88,99,1474.0,733.915,1474.000031,733.914917
88,100,1476.0,733.813,1476.0,733.812927
88,101,1478.0,733.708,1478.0,733.707642
88,102,1480.0,733.613,1480.000031,733.612549
88,103,1482.0,733.541,1482.0,733.540649
88,104,1484.0,733.516,1484.000031,733.516418
88,105,1486.0,733.522,1486.0,733.521912
88,106,1488.0,733.506,1488.000031,733.506042
88,107,1490.0,733.445,1490.0,733.444763
88,108,1492.0,733.362,1492.0,733.361694
88,109,1494.0,733.311,1494.000031,733.310791
88,110,1496.0,733.293,1496.0,733.29303
88,111,1498.0,733.268,1498.000031,733.268372
88,112,1500.0,733.196,1500.000031,733.195801
88,113,1502.0,733.097,1502.000031,733.097168
88,114,1504.0,733.017,1504.0,733.017395
88,115,1506.0,732.95,1506.0,732.949768
88,116,1508.0,732.886,1508.000031,732.886047
88,117,1510.0,732.815,1510.000031,732.815369
88,118,1512.0,732.741,1512.0,732.740784
88,119,1514.0,732.703,1514.000031,732.70343
88,120,1516.0,732.738,1516.000031,732.737854
88,121,1518.0,732.817,1518.0,732.816956
88,122,1520.0,732.899,1520.0,732.899231
88,123,1522.0,732.935,1522.000031,732.934509
88,124,1524.0,732.915,1524.000031,732.915161
88,125,1526.0,732.88,1526.0,732.880249
88,126,1528.0,732.847,1528.000031,732.846741
88,127,1530.0,732.814,1530.000031,732.813538
88,128,1532.0,732.78,1532.0,732.78009
88,129,1534.0,732.752,1534.0,732.751526
88,130,1536.0,732.733,1536.000031,732.733154
88,131,1538.0,732.725,1538.000031,732.725159
88,132,1540.0,732.722,1540.0,732.722351
88,133,1542.0,732.727,1542.000031,732.727295
88,134,1544.0,732.749,1544.000031,732.749207
88,135,1546.0,732.788,1546.0,732.788208
88,136,1548.0,732.831,1548.0,732.830688
88,137,1550.0,732.862,1550.000031,732.862305
88,138,1552.0,732.88,1552.000031,732.880432
88,139,1554.0,732.889,1554.0,732.889221
88,140,1556.0,732.893,1556.000031,732.893433
88,141,1558.0,732.889,1558.000031,732.889099
88,142,1560.0,732.868,1560.0,732.867737
88,143,1562.0,732.833,1562.0,732.832642
88,144,1564.0,732.798,1564.000031,732.797913
88,145,1566.0,732.776,1566.000031,732.776489
88,146,1568.0,732.771,1568.0,732.770752
88,147,1570.0,732.771,1570.000031,732.77124
88,148,1572.0,732.771,1572.000031,732.771179
88,149,1574.0,732.78,1574.0,732.779602
88,150,1576.0,732.81,1576.0,732.810425
88,151,1578.0,732.864,1578.000031,732.863586
88,152,1580.0,732.922,1580.000031,732.92157
88,153,1582.0,732.963,1582.0,732.963013
88,154,1584.0,732.977,1584.000031,732.977356
88,155,1586.0,732.969,1586.000031,732.969238
88,156,1588.0,732.954,1588.000031,732.954285
88,157,1590.0,732.947,1590.0,732.947021
88,158,1592.0,732.95,1592.000031,732.950073
88,159,1594.0,732.955,1594.000031,732.954956
88,160,1596.0,732.953,1596.0,732.953491
88,161,1598.0,732.948,1598.000031,732.94751
88,162,1600.0,732.945,1600.000031,732.945129
88,163,1602.0,732.953,1602.000031,732.953064
88,164,1604.0,732.969,1604.0,732.969177
88,165,1606.0,732.99,1606.000031,732.989624
88,166,1608.0,733.013,1608.000031,733.013062
88,167,1610.0,733.036,1610.0,733.036011
88,168,1612.0,733.054,1612.000031,733.054077
88,169,1614.0,733.061,1614.000031,733.06134
88,170,1616.0,733.058,1616.000031,733.058411
88,171,1618.0,733.057,1618.0,733.057068
88,172,1620.0,733.064,1620.000031,733.06427
88,173,1622.0,733.077,1622.000031,733.076599
88,174,1624.0,733.087,1624.0,733.087219
88,175,1626.0,733.096,1626.000031,733.095642
88,176,1628.0,733.118,1628.000031,733.118225
88,177,1630.0,733.166,1630.000031,733.16571
88,178,1632.0,733.221,1632.0,733.221191
88,179,1634.0,733.261,1634.000031,733.261353
88,180,1636.0,733.286,1636.000031,733.286194
88,181,1638.0,733.318,1638.0,733.318237
88,182,1640.0,733.379,1640.000031,733.379456
88,183,1642.0,733.473,1642.000031,733.473267
88,184,1644.0,733.581,1644.000031,733.580872
88,185,1646.0,733.674,1646.0,733.673889
88,186,1648.0,733.735,1648.000031,733.735107
88,187,1650.0,733.758,1650.000031,733.757996
88,188,1652.0,733.754,1652.0,733.753906
88,189,1654.0,733.747,1654.000031,733.746643
88,190,1656.0,733.751,1656.000031,733.750916
88,191,1658.0,733.764,1658.000031,733.764038
88,192,1660.0,733.781,1660.0,733.780762
88,193,1662.0,733.798,1662.0,733.797852
88,194,1664.0,733.816,1664.0,733.816467
88,195,1666.0,733.838,1666.0,733.837952
88,196,1668.0,733.854,1668.0,733.853821
88,197,1670.0,733.859,1670.000061,733.858826
88,198,1672.0,733.856,1672.000061,733.85614
88,199,1674.0,733.853,1674.0,733.852905
88,200,1676.0,733.856,1676.0,733.855774
88,201,1678.0,733.863,1678.000061,733.86322
88,202,1680.0,733.871,1680.0,733.870972
88,203,1682.0,733.878,1682.0,733.878113
88,204,1684.0,733.888,1684.000061,733.887573
88,205,1686.0,733.905,1686.000061,733.905396
88,206,1688.0,733.933,1688.0,733.933044
88,207,1690.0,733.97,1690.0,733.970154
88,208,1692.0,734.013,1692.000061,734.013367
88,209,1694.0,734.059,1694.0,734.059387
88,210,1696.0,734.109,1696.0,734.108765
88,211,1698.0,734.16,1698.000061,734.160095
88,212,1700.0,734.209,1700.000061,734.20874
88,213,1702.0,734.249,1702.0,734.248535
88,214,1703.571,734.273,1703.571411,734.273376
89,0,1150.857,730.01,1150.857143,730.010376
89,1,1152.143,730.079,1152.142857,730.078796
89,2,1154.0,730.191,1154.0,730.190857
89,3,1156.0,730.336,1156.0,730.335938
89,4,1158.0,730.487,1158.0,730.486572
89,5,1160.0,730.635,1160.000001,730.635437
89,6,1162.0,730.781,1162.000001,730.780579
89,7,1164.0,730.931,1164.000001,730.931458
89,8,1166.0,731.11,1166.0,731.110107
89,9,1168.0,731.327,1168.000002,731.327209
89,10,1170.0,731.564,1170.000002,731.564026
89,11,1172.0,731.793,1172.0,731.793335
89,12,1174.0,731.977,1174.000002,731.976501
89,13,1176.0,732.108,1176.0,732.107666
89,14,1178.0,732.201,1178.000002,732.201172
89,15,1180.0,732.3,1180.000002,732.299622
89,16,1182.0,732.439,1182.000004,732.439453
89,17,1184.0,732.606,1184.0,732.606262
89,18,1186.0,732.774,1186.000004,732.77356
89,19,1188.0,732.913,1188.0,732.912781
89,20,1190.0,733.047,1190.000004,733.046875
89,21,1192.0,733.218,1192.000004,733.218384
89,22,1194.0,733.427,1194.000004,733.427368
89,23,1196.0,733.665,1196.0,733.664673
89,24,1198.0,733.934,1198.0,733.93396
89,25,1200.0,734.257,1200.000004,734.257263
89,26,1202.0,734.58,1202.000004,734.580444
89,27,1204.0,734.806,1204.0,734.805542
89,28,1206.0,734.896,1206.000004,734.895508
89,29,1208.0,734.87,1208.000004,734.86969
89,30,1210.0,734.844,1210.000004,734.844299
89,31,1212.0,734.855,1212.0,734.85498
89,32,1214.0,734.89,1214.0,734.890137
89,33,1216.0,734.973,1216.0,734.972534
89,34,1218.0,735.142,1218.0,735.141846
89,35,1220.0,735.441,1220.0,735.440674
89,36,1222.0,735.843,1222.000008,735.842651
89,37,1224.0,736.261,1224.000008,736.260681
89,38,1226.0,736.576,1226.0,736.5755
89,39,1228.0,736.739,1228.0,736.739319
89,40,1230.0,736.747,1230.0,736.746704
89,41,1232.0,736.655,1232.000008,736.655151
89,42,1234.0,736.552,1234.0,736.552124
89,43,1236.0,736.472,1236.0,736.471924
89,44,1238.0,736.335,1238.000008,736.335144
89,45,1262.143,737.125,1262.14286,737.124756
89,46,1306.714,738.877,1306.714294,738.877258
89,47,1351.286,740.586,1351.285721,740.585999
89,48,1395.0,742.405,1395.000015,742.404907
89,49,1397.0,742.195,1397.000015,742.195007
89,50,1399.0,742.036,1399.000015,742.035583
89,51,1401.0,741.917,1401.0,741.917297
89,52,1403.0,741.823,1403.000015,741.823425
89,53,1405.0,741.74,1405.000015,741.739868
89,54,1407.0,741.652,1407.000031,741.65155
89,55,1409.0,741.555,1409.0,741.554993
89,56,1411.0,741.451,1411.0,741.451233
89,57,1413.0,741.344,1413.000031,741.344238
89,58,1415.0,741.242,1415.0,741.241516
89,59,1417.0,741.156,1417.000031,741.15625
89,60,1419.0,741.104,1419.0,741.104431
89,61,1421.0,741.08,1421.000031,741.080139
89,62,1423.0,741.061,1423.0,741.060852
89,63,1425.0,741.028,1425.0,741.028259
89,64,1427.0,740.978,1427.000031,740.978455
89,65,1429.0,740.921,1429.0,740.920532
89,66,1431.0,740.866,1431.000031,740.865784
89,67,1433.0,740.824,1433.0,740.823792
89,68,1435.0,740.791,1435.000031,740.791321
89,69,1437.0,740.752,1437.0,740.752075
89,70,1439.0,740.694,1439.0,740.694397
89,71,1441.0,740.627,1441.000031,740.627319
89,72,1443.0,740.568,1443.0,740.567505
89,73,1445.0,740.523,1445.000031,740.523438
89,74,1447.0,740.492,1447.0,740.492371
89,75,1449.0,740.471,1449.000031,740.470825
89,76,1451.0,740.456,1451.0,740.456299
89,77,1453.0,740.444,1453.000031,740.444336
89,78,1455.0,740.432,1455.0,740.431885
89,79,1457.0,740.419,1457.0,740.419128
89,80,1459.0,740.402,1459.000031,740.402405
89,81,1461.0,740.37,1461.0,740.369873
89,82,1463.0,740.32,1463.000031,740.319519
89,83,1465.0,740.265,1465.0,740.265137
89,84,1467.0,740.212,1467.000031,740.212341
89,85,1469.0,740.149,1469.0,740.149109
89,86,1471.0,740.061,1471.0,740.061218
89,87,1473.0,739.957,1473.000031,739.957153
89,88,1475.0,739.858,1475.0,739.858215
89,89,1477.0,739.779,1477.000031,739.779419
89,90,1479.0,739.72,1479.0,739.720093
89,91,1481.0,739.675,1481.000031,739.675415
89,92,1483.0,739.646,1483.0,739.645935
89,93,1485.0,739.629,1485.0,739.628723
89,94,1487.0,739.616,1487.000031,739.616272
89,95,1489.0,739.607,1489.0,739.607422
89,96,1491.0,739.601,1491.000031,739.600769
89,97,1493.0,739.587,1493.000031,739.587402
89,98,1495.0,739.565,1495.000031,739.564514
89,99,1497.0,739.539,1497.0,739.538818
89,100,1499.0,739.525,1499.0,739.525452
89,101,1501.0,739.531,1501.000031,739.53125
89,102,1503.0,739.533,1503.0,739.532532
89,103,1505.0,739.5,1505.000031,739.500061
89,104,1507.0,739.433,1507.000031,739.432861
89,105,1509.0,739.361,1509.000031,739.360901
89,106,1511.0,739.314,1511.0,739.313843
89,107,1513.0,739.295,1513.0,739.295044
89,108,1515.0,739.287,1515.000031,739.286743
89,109,1517.0,739.272,1517.000031,739.2724
89,110,1519.0,739.253,1519.0,739.252625
89,111,1521.0,739.231,1521.000031,739.230774
89,112,1523.0,739.21,1523.000031,739.210205
89,113,1525.0,739.193,1525.0,739.193176
89,114,1527.0,739.175,1527.0,739.175415
89,115,1529.0,739.149,1529.000031,739.149414
89,116,1531.0,739.116,1531.000031,739.115662
89,117,1533.0,739.087,1533.0,739.086731
89,118,1535.0,739.074,1535.000031,739.07373
89,119,1537.0,739.076,1537.000031,739.075562
89,120,1539.0,739.083,1539.0,739.083496
89,121,1541.0,739.089,1541.0,739.089355
89,122,1543.0,739.092,1543.000031,739.092102
89,123,1545.0,739.093,1545.000031,739.093079
89,124,1547.0,739.092,1547.0,739.092407
89,125,1549.0,739.091,1549.000031,739.091309
89,126,1551.0,739.09,1551.000031,739.090454
89,127,1553.0,739.092,1553.0,739.091614
89,128,1555.0,739.097,1555.0,739.09729
89,129,1557.0,739.109,1557.000031,739.108887
89,130,1559.0,739.125,1559.000031,739.124817
89,131,1561.0,739.14,1561.0,739.139587
89,132,1563.0,739.146,1563.000031,739.145691
89,133,1565.0,739.139,1565.000031,739.138611
89,134,1567.0,739.122,1567.0,739.121521
89,135,1569.0,739.101,1569.0,739.10083
89,136,1571.0,739.084,1571.000031,739.083923
89,137,1573.0,739.077,1573.000031,739.076904
89,138,1575.0,739.082,1575.0,739.081848
89,139,1577.0,739.1,1577.000031,739.099548
89,140,1579.0,739.128,1579.000031,739.128479
89,141,1581.0,739.162,1581.000031,739.162231
89,142,1583.0,739.191,1583.0,739.191223
89,143,1585.0,739.207,1585.000031,739.206604
89,144,1587.0,739.203,1587.000031,739.203247
89,145,1589.0,739.181,1589.0,739.181091
89,146,1591.0,739.151,1591.000031,739.151367
89,147,1593.0,739.13,1593.000031,739.13031
89,148,1595.0,739.129,1595.000031,739.129272
89,149,1597.0,739.151,1597.0,739.150818
89,150,1599.0,739.19,1599.000031,739.190491
89,151,1601.0,739.248,1601.000031,739.247803
89,152,1603.0,739.321,1603.0,739.32074
89,153,1605.0,739.395,1605.000031,739.394897
89,154,1607.0,739.449,1607.000031,739.448608
89,155,1609.0,739.471,1609.000031,739.470642
89,156,1611.0,739.474,1611.0,739.474426
89,157,1613.0,739.495,1613.000031,739.495178
89,158,1615.0,739.554,1615.000031,739.554321
89,159,1617.0,739.641,1617.0,739.641479
89,160,1619.0,739.728,1619.000031,739.728149
89,161,1621.0,739.786,1621.000031,739.785583
89,162,1623.0,739.813,1623.000031,739.813416
89,163,1625.0,739.829,1625.0,739.828613
89,164,1627.0,739.847,1627.000031,739.846558
89,165,1629.0,739.875,1629.000031,739.874939
89,166,1631.0,739.908,1631.0,739.907776
89,167,1633.0,739.932,1633.000031,739.932312
89,168,1635.0,739.94,1635.000031,739.94043
89,169,1637.0,739.93,1637.000031,739.930481
89,170,1639.0,739.913,1639.0,739.913147
89,171,1641.0,739.903,1641.000031,739.902649
89,172,1643.0,739.909,1643.000031,739.90863
89,173,1645.0,739.936,1645.0,739.936218
89,174,1647.0,739.974,1647.000031,739.97406
89,175,1649.0,740.002,1649.000031,740.00238
89,176,1651.0,740.008,1651.000031,740.008423
89,177,1653.0,739.994,1653.0,739.994141
89,178,1655.0,739.975,1655.000031,739.974915
89,179,1657.0,739.963,1657.000031,739.963257
89,180,1659.0,739.962,1659.0,739.961609
89,181,1661.0,739.968,1661.000031,739.967896
89,182,1663.0,739.981,1663.0,739.98114
89,183,1665.0,739.999,1665.000061,739.999146
89,184,1667.0,740.017,1667.0,740.016907
89,185,1669.0,740.03,1669.0,740.03009
89,186,1671.0,740.036,1671.000061,740.036255
89,187,1673.0,740.036,1673.0,740.036377
89,188,1675.0,740.035,1675.0,740.035217
89,189,1677.0,740.039,1677.000061,740.038574
89,190,1679.0,740.051,1679.000061,740.051392
89,191,1681.0,740.073,1681.0,740.072693
89,192,1683.0,740.098,1683.0,740.097839
89,193,1685.0,740.122,1685.000061,740.121643
89,194,1687.0,740.141,1687.0,740.141296
89,195,1689.0,740.155,1689.0,740.155334
89,196,1691.0,740.165,1691.000061,740.164673
89,197,1693.0,740.173,1693.000061,740.172852
89,198,1695.0,740.183,1695.0,740.1828
89,199,1697.0,740.196,1697.0,740.195679
89,200,1699.0,740.21,1699.000061,740.2099
89,201,1701.0,740.223,1701.0,740.222534
89,202,1702.857,740.232,1702.857178,740.231934
89,203,1704.143,740.237,1704.142883,740.237427
90,0,1150.857,736.5,1150.857143,736.500244
90,1,1152.143,736.571,1152.142857,736.571472
90,2,1154.0,736.679,1154.0,736.678589
90,3,1156.0,736.813,1156.0,736.812866
90,4,1158.0,736.959,1158.0,736.958679
90,5,1160.0,737.126,1160.000001,737.125549
90,6,1162.0,737.327,1162.000001,737.326721
90,7,1164.0,737.54,1164.000001,737.539673
90,8,1166.0,737.739,1166.0,737.738647
90,9,1168.0,737.895,1168.000002,737.894958
90,10,1170.0,738.002,1170.000002,738.001892
90,11,1172.0,738.087,1172.0,738.087219
90,12,1174.0,738.179,1174.000002,738.179382
90,13,1176.0,738.291,1176.0,738.291443
90,14,1178.0,738.421,1178.000002,738.421448
90,15,1180.0,738.564,1180.000002,738.563904
90,16,1182.0,738.708,1182.000004,738.707703
90,17,1184.0,738.843,1184.0,738.843323
90,18,1186.0,738.964,1186.000004,738.963745
90,19,1188.0,739.066,1188.0,739.065796
90,20,1190.0,739.175,1190.000004,739.174683
90,21,1192.0,739.325,1192.000004,739.325439
90,22,1194.0,739.498,1194.000004,739.497986
90,23,1196.0,739.675,1196.0,739.674744
90,24,1198.0,739.87,1198.0,739.869812
90,25,1200.0,740.124,1200.000004,740.123657
90,26,1202.0,740.405,1202.000004,740.404602
90,27,1204.0,740.657,1204.0,740.657349
90,28,1206.0,740.823,1206.000004,740.822998
90,29,1208.0,740.905,1208.000004,740.90509
90,30,1210.0,740.96,1210.000004,740.960083
90,31,1212.0,740.982,1212.0,740.982178
90,32,1214.0,740.972,1214.0,740.971924
90,33,1216.0,740.966,1216.0,740.96637
90,34,1218.0,741.05,1218.0,741.050171
90,35,1220.0,741.27,1220.0,741.270081
90,36,1222.0,741.537,1222.000008,741.537415
90,37,1224.0,741.781,1224.000008,741.781311
90,38,1226.0,741.93,1226.0,741.929993
90,39,1228.0,742.016,1228.0,742.016479
90,40,1230.0,742.115,1230.0,742.114807
90,41,1232.0,742.271,1232.000008,742.27063
90,42,1234.0,742.477,1234.0,742.476501
90,43,1236.0,742.683,1236.0,742.683411
90,44,1238.0,742.853,1238.000008,742.852966
90,45,1240.0,742.949,1240.0,742.94873
90,46,1242.0,742.996,1242.0,742.995667
90,47,1244.0,743.013,1244.000008,743.012817
90,48,1246.0,743.012,1246.000008,743.011963
90,49,1248.0,743.018,1248.000008,743.017761
90,50,1250.0,743.031,1250.0,743.031128
90,51,1252.0,743.049,1252.000008,743.048523
90,52,1254.0,743.086,1254.000008,743.08551
90,53,1256.0,743.166,1256.0,743.166016
90,54,1258.0,743.299,1258.000008,743.299194
90,55,1260.0,743.465,1260.000008,743.465393
90,56,1281.714,744.023,1281.714294,744.023499
90,57,1323.143,744.933,1323.142868,744.933411
90,58,1364.571,745.799,1364.571442,745.798767
90,59,1406.0,746.603,1406.000031,746.603394
90,60,1408.0,746.582,1408.0,746.581909
90,61,1410.0,746.563,1410.000031,746.563477
90,62,1412.0,746.585,1412.0,746.585022
90,63,1414.0,746.663,1414.000031,746.66272
90,64,1416.0,746.736,1416.0,746.735962
90,65,1418.0,746.732,1418.0,746.732361
90,66,1420.0,746.639,1420.000031,746.639465
90,67,1422.0,746.516,1422.0,746.516174
90,68,1424.0,746.426,1424.000031,746.425659
90,69,1426.0,746.374,1426.0,746.373962
90,70,1428.0,746.324,1428.000031,746.324341
90,71,1430.0,746.267,1430.0,746.266663
90,72,1432.0,746.221,1432.0,746.221436
90,73,1434.0,746.209,1434.000031,746.208618
90,74,1436.0,746.222,1436.0,746.222046
90,75,1438.0,746.241,1438.000031,746.241028
90,76,1440.0,746.247,1440.0,746.247314
90,77,1442.0,746.232,1442.000031,746.2323
90,78,1444.0,746.201,1444.0,746.200684
90,79,1446.0,746.163,1446.0,746.163025
90,80,1448.0,746.13,1448.000031,746.130432
90,81,1450.0,746.106,1450.0,746.105652
90,82,1452.0,746.078,1452.000031,746.077637
90,83,1454.0,746.032,1454.0,746.03241
90,84,1456.0,745.966,1456.000031,745.965637
90,85,1458.0,745.88,1458.0,745.880188
90,86,1460.0,745.791,1460.000031,745.790588
90,87,1462.0,745.715,1462.0,745.714539
90,88,1464.0,745.662,1464.0,745.661865
90,89,1466.0,745.634,1466.000031,745.634094
90,90,1468.0,745.609,1468.0,745.60907
90,91,1470.0,745.547,1470.000031,745.547363
90,92,1472.0,745.453,1472.0,745.452759
90,93,1474.0,745.352,1474.000031,745.352478
90,94,1476.0,745.275,1476.0,745.274719
90,95,1478.0,745.232,1478.0,745.232117
90,96,1480.0,745.207,1480.000031,745.206543
90,97,1482.0,745.192,1482.0,745.19165
90,98,1484.0,745.191,1484.000031,745.19104
90,99,1486.0,745.198,1486.0,745.198242
90,100,1488.0,745.199,1488.000031,745.199341
90,101,1490.0,745.194,1490.0,745.194031
90,102,1492.0,745.186,1492.0,745.185669
90,103,1494.0,745.174,1494.000031,745.174072
90,104,1496.0,745.153,1496.0,745.152954
90,105,1498.0,745.12,1498.000031,745.119751
90,106,1500.0,745.089,1500.000031,745.088989
90,107,1502.0,745.065,1502.000031,745.065491
90,108,1504.0,745.029,1504.0,745.028992
90,109,1506.0,744.962,1506.0,744.962158
90,110,1508.0,744.859,1508.000031,744.859253
90,111,1510.0,744.76,1510.000031,744.760498
90,112,1512.0,744.744,1512.0,744.743835
90,113,1514.0,744.802,1514.000031,744.802368
90,114,1516.0,744.889,1516.000031,744.888916
90,115,1518.0,744.957,1518.0,744.957336
90,116,1520.0,744.976,1520.0,744.976135
90,117,1522.0,744.984,1522.000031,744.984131
90,118,1524.0,745.004,1524.000031,745.004211
90,119,1526.0,745.027,1526.0,745.02655
90,120,1528.0,745.042,1528.000031,745.042419
90,121,1530.0,745.049,1530.000031,745.048523
90,122,1532.0,745.044,1532.0,745.044128
90,123,1534.0,745.034,1534.0,745.034302
90,124,1536.0,745.021,1536.000031,745.02124
90,125,1538.0,745.0,1538.000031,745.0
90,126,1540.0,744.966,1540.0,744.965515
90,127,1542.0,744.919,1542.000031,744.91925
90,128,1544.0,744.871,1544.000031,744.870972
90,129,1546.0,744.83,1546.0,744.830139
90,130,1548.0,744.806,1548.0,744.806152
90,131,1550.0,744.801,1550.000031,744.800964
90,132,1552.0,744.805,1552.000031,744.805298
90,133,1554.0,744.81,1554.0,744.810059
90,134,1556.0,744.813,1556.000031,744.81311
90,135,1558.0,744.831,1558.000031,744.830872
90,136,1560.0,744.886,1560.0,744.885681
90,137,1562.0,744.967,1562.0,744.967224
90,138,1564.0,745.042,1564.000031,745.042053
90,139,1566.0,745.081,1566.000031,745.080627
90,140,1568.0,745.075,1568.0,745.074646
90,141,1570.0,745.046,1570.000031,745.046143
90,142,1572.0,745.016,1572.000031,745.015686
90,143,1574.0,744.996,1574.0,744.995789
90,144,1576.0,745.0,1576.0,745.000244
90,145,1578.0,745.034,1578.000031,745.034363
90,146,1580.0,745.09,1580.000031,745.089783
90,147,1582.0,745.15,1582.0,745.149902
90,148,1584.0,745.196,1584.000031,745.196228
90,149,1586.0,745.214,1586.000031,745.21405
90,150,1588.0,745.197,1588.000031,745.196716
90,151,1590.0,745.152,1590.0,745.151855
90,152,1592.0,745.099,1592.000031,745.09906
90,153,1594.0,745.058,1594.000031,745.057983
90,154,1596.0,745.033,1596.0,745.033325
90,155,1598.0,745.013,1598.000031,745.013184
90,156,1600.0,744.992,1600.000031,744.992371
90,157,1602.0,744.986,1602.000031,744.986084
90,158,1604.0,745.01,1604.0,745.009583
90,159,1606.0,745.052,1606.000031,745.052185
90,160,1608.0,745.087,1608.000031,745.087402
90,161,1610.0,745.093,1610.0,745.093262
90,162,1612.0,745.076,1612.000031,745.076233
90,163,1614.0,745.075,1614.000031,745.074524
90,164,1616.0,745.114,1616.000031,745.113708
90,165,1618.0,745.194,1618.0,745.193909
90,166,1620.0,745.289,1620.000031,745.288879
90,167,1622.0,745.365,1622.000031,745.365234
90,168,1624.0,745.411,1624.0,745.411377
90,169,1626.0,745.431,1626.000031,745.430725
90,170,1628.0,745.423,1628.000031,745.422852
90,171,1630.0,745.383,1630.000031,745.383118
90,172,1632.0,745.32,1632.0,745.319885
90,173,1634.0,745.256,1634.000031,745.255798
90,174,1636.0,745.217,1636.000031,745.217407
90,175,1638.0,745.21,1638.0,745.210022
90,176,1640.0,745.218,1640.000031,745.218201
90,177,1642.0,745.237,1642.000031,745.237
90,178,1644.0,745.285,1644.000031,745.285156
90,179,1646.0,745.381,1646.0,745.381287
90,180,1648.0,745.51,1648.000031,745.509583
90,181,1650.0,745.637,1650.000031,745.637085
90,182,1652.0,745.72,1652.0,745.719604
90,183,1654.0,745.743,1654.000031,745.742554
90,184,1656.0,745.718,1656.000031,745.71814
90,185,1658.0,745.669,1658.000031,745.668884
90,186,1660.0,745.621,1660.0,745.62146
90,187,1662.0,745.591,1662.0,745.59137
90,188,1664.0,745.58,1664.0,745.579712
90,189,1666.0,745.58,1666.0,745.580017
90,190,1668.0,745.588,1668.0,745.588135
90,191,1670.0,745.602,1670.000061,745.602295
90,192,1672.0,745.617,1672.000061,745.617065
90,193,1674.0,745.629,1674.0,745.628601
90,194,1676.0,745.637,1676.0,745.637207
90,195,1678.0,745.645,1678.000061,745.644531
90,196,1680.0,745.651,1680.0,745.651001
90,197,1682.0,745.658,1682.0,745.657654
90,198,1684.0,745.667,1684.000061,745.666504
90,199,1686.0,745.68,1686.000061,745.680115
90,200,1688.0,745.698,1688.0,745.698303
90,201,1690.0,745.719,1690.0,745.719299
90,202,1692.0,745.745,1692.000061,745.745178
90,203,1694.0,745.783,1694.0,745.783142
90,204,1696.0,745.834,1696.0,745.833923
90,205,1698.0,745.884,1698.000061,745.88446
90,206,1700.0,745.918,1700.000061,745.91803
90,207,1702.0,745.93,1702.0,745.929565
90,208,1703.571,745.927,1703.571411,745.927185
91,0,1150.857,741.841,1150.857143,741.841431
91,1,1152.143,741.881,1152.142857,741.88147
91,2,1154.0,741.957,1154.0,741.956665
91,3,1156.0,742.075,1156.0,742.074524
91,4,1158.0,742.244,1158.0,742.244019
91,5,1160.0,742.444,1160.000001,742.443787
91,6,1162.0,742.653,1162.000001,742.652893
91,7,1164.0,742.845,1164.000001,742.844604
91,8,1166.0,743.008,1166.0,743.00769
91,9,1168.0,743.171,1168.000002,743.170532
91,10,1170.0,743.354,1170.000002,743.353577
91,11,1172.0,743.544,1172.0,743.544434
91,12,1174.0,743.722,1174.000002,743.722412
91,13,1176.0,743.869,1176.0,743.86853
91,14,1178.0,743.993,1178.000002,743.992676
91,15,1180.0,744.129,1180.000002,744.129028
91,16,1182.0,744.297,1182.000004,744.296692
91,17,1184.0,744.478,1184.0,744.477661
91,18,1186.0,744.643,1186.000004,744.643005
91,19,1188.0,744.776,1188.0,744.776428
91,20,1190.0,744.889,1190.000004,744.888855
91,21,1192.0,745.002,1192.000004,745.002014
91,22,1194.0,745.111,1194.000004,745.110535
91,23,1196.0,745.194,1196.0,745.193726
91,24,1198.0,745.253,1198.0,745.25293
91,25,1200.0,745.384,1200.000004,745.383545
91,26,1202.0,745.638,1202.000004,745.638245
91,27,1204.0,745.941,1204.0,745.940735
91,28,1206.0,746.188,1206.000004,746.188232
91,29,1208.0,746.278,1208.000004,746.277954
91,30,1210.0,746.275,1210.000004,746.275146
91,31,1212.0,746.25,1212.0,746.249756
91,32,1214.0,746.162,1214.0,746.161682
91,33,1217.286,746.121,1217.285721,746.12146
91,34,1221.857,746.226,1221.85714,746.226379
91,35,1226.429,746.486,1226.428574,746.486145
91,36,1231.0,747.015,1231.0,747.015015
91,37,1233.0,747.399,1233.0,747.399048
91,38,1235.429,747.749,1235.428574,747.748779
91,39,1239.143,748.021,1239.14286,748.020813
91,40,1242.857,748.186,1242.857147,748.186096
91,41,1246.571,748.326,1246.571434,748.3255
91,42,1249.0,748.44,1249.0,748.439636
91,43,1251.0,748.568,1251.000008,748.568298
91,44,1253.0,748.703,1253.000008,748.702759
91,45,1255.0,748.794,1255.000008,748.793884
91,46,1257.0,748.81,1257.0,748.80957
91,47,1259.0,748.768,1259.000008,748.768433
91,48,1261.0,748.747,1261.000008,748.746582
91,49,1263.0,748.801,1263.0,748.800903
91,50,1265.0,748.957,1265.0,748.957153
91,51,1272.714,749.141,1272.714294,749.140808
91,52,1286.143,749.202,1286.142868,749.202209
91,53,1321.857,750.947,1321.857147,750.947449
91,54,1357.571,752.491,1357.571442,752.490784
91,55,1381.857,753.992,1381.857147,753.992188
91,56,1395.0,754.53,1395.000015,754.53009
91,57,1397.0,754.149,1397.000015,754.149353
91,58,1399.0,753.84,1399.000015,753.839539
91,59,1401.0,753.635,1401.0,753.635254
91,60,1403.0,753.536,1403.000015,753.536133
91,61,1405.0,753.531,1405.000015,753.530579
91,62,1407.0,753.565,1407.000031,753.564819
91,63,1409.0,753.589,1409.0,753.588806
91,64,1411.0,753.588,1411.0,753.587891
91,65,1413.0,753.568,1413.000031,753.568115
91,66,1415.0,753.536,1415.0,753.535645
91,67,1417.0,753.479,1417.000031,753.478516
91,68,1419.0,753.387,1419.0,753.387207
91,69,1421.0,753.277,1421.000031,753.276978
91,70,1423.0,753.178,1423.0,753.177795
91,71,1425.0,753.105,1425.0,753.104858
91,72,1427.0,753.054,1427.000031,753.054199
91,73,1429.0,753.019,1429.0,753.019287
91,74,1431.0,752.996,1431.000031,752.995544
91,75,1433.0,752.977,1433.0,752.976929
91,76,1435.0,752.953,1435.000031,752.952698
91,77,1437.0,752.907,1437.0,752.907043
91,78,1439.0,752.836,1439.0,752.83551
91,79,1441.0,752.746,1441.000031,752.745789
91,80,1443.0,752.65,1443.0,752.649719
91,81,1445.0,752.563,1445.000031,752.562805
91,82,1447.0,752.497,1447.0,752.496582
91,83,1449.0,752.454,1449.000031,752.454468
91,84,1451.0,752.43,1451.0,752.429504
91,85,1453.0,752.406,1453.000031,752.405823
91,86,1455.0,752.375,1455.0,752.374512
91,87,1457.0,752.344,1457.0,752.343933
91,88,1459.0,752.327,1459.000031,752.327148
91,89,1461.0,752.326,1461.0,752.325928
91,90,1463.0,752.33,1463.000031,752.3302
91,91,1465.0,752.325,1465.0,752.325439
91,92,1467.0,752.297,1467.000031,752.296997
91,93,1469.0,752.236,1469.0,752.236084
91,94,1471.0,752.15,1471.0,752.149536
91,95,1473.0,752.056,1473.000031,752.056152
91,96,1475.0,751.973,1475.0,751.972534
91,97,1477.0,751.903,1477.000031,751.90332
91,98,1479.0,751.848,1479.0,751.847778
91,99,1481.0,751.813,1481.000031,751.813416
91,100,1483.0,751.81,1483.0,751.80957
91,101,1485.0,751.832,1485.0,751.832397
91,102,1487.0,751.865,1487.000031,751.864807
91,103,1489.0,751.886,1489.0,751.886414
91,104,1491.0,751.884,1491.000031,751.88385
91,105,1493.0,751.859,1493.000031,751.858887
91,106,1495.0,751.822,1495.000031,751.821594
91,107,1497.0,751.783,1497.0,751.782532
91,108,1499.0,751.751,1499.0,751.75116
91,109,1501.0,751.732,1501.000031,751.731506
91,110,1503.0,751.718,1503.0,751.717773
91,111,1505.0,751.7,1505.000031,751.69989
91,112,1507.0,751.668,1507.000031,751.667969
91,113,1509.0,751.615,1509.000031,751.615479
91,114,1511.0,751.544,1511.0,751.544434
91,115,1513.0,751.471,1513.0,751.47113
91,116,1515.0,751.42,1515.000031,751.419678
91,117,1517.0,751.409,1517.000031,751.409241
91,118,1519.0,751.43,1519.0,751.430054
91,119,1521.0,751.454,1521.000031,751.454163
91,120,1523.0,751.469,1523.000031,751.469482
91,121,1525.0,751.492,1525.0,751.491821
91,122,1527.0,751.537,1527.0,751.537048
91,123,1529.0,751.593,1529.000031,751.592957
91,124,1531.0,751.637,1531.000031,751.637451
91,125,1533.0,751.659,1533.0,751.658875
91,126,1535.0,751.662,1535.000031,751.661621
91,127,1537.0,751.658,1537.000031,751.658264
91,128,1539.0,751.656,1539.0,751.655762
91,129,1541.0,751.653,1541.0,751.65332
91,130,1543.0,751.643,1543.000031,751.643311
91,131,1545.0,751.612,1545.000031,751.611877
91,132,1547.0,751.553,1547.0,751.553345
91,133,1549.0,751.482,1549.000031,751.481995
91,134,1551.0,751.419,1551.000031,751.418945
91,135,1553.0,751.378,1553.0,751.378052
91,136,1555.0,751.358,1555.0,751.358398
91,137,1557.0,751.361,1557.000031,751.36145
91,138,1559.0,751.396,1559.000031,751.395752
91,139,1561.0,751.464,1561.0,751.464172
91,140,1563.0,751.546,1563.000031,751.545593
91,141,1565.0,751.606,1565.000031,751.605835
91,142,1567.0,751.62,1567.0,751.620239
91,143,1569.0,751.592,1569.0,751.592285
91,144,1571.0,751.548,1571.000031,751.547729
91,145,1573.0,751.509,1573.000031,751.508728
91,146,1575.0,751.48,1575.0,751.479858
91,147,1577.0,751.455,1577.000031,751.454956
91,148,1579.0,751.426,1579.000031,751.42627
91,149,1581.0,751.4,1581.000031,751.39978
91,150,1583.0,751.394,1583.0,751.393921
91,151,1585.0,751.414,1585.000031,751.413818
91,152,1587.0,751.445,1587.000031,751.444641
91,153,1589.0,751.468,1589.0,751.467712
91,154,1591.0,751.475,1591.000031,751.47467
91,155,1593.0,751.471,1593.000031,751.471375
91,156,1595.0,751.467,1595.000031,751.466675
91,157,1597.0,751.465,1597.0,751.465271
91,158,1599.0,751.473,1599.000031,751.472839
91,159,1601.0,751.495,1601.000031,751.494751
91,160,1603.0,751.527,1603.0,751.526733
91,161,1605.0,751.56,1605.000031,751.559937
91,162,1607.0,751.587,1607.000031,751.586792
91,163,1609.0,751.602,1609.000031,751.602295
91,164,1611.0,751.604,1611.0,751.604126
91,165,1613.0,751.597,1613.000031,751.597473
91,166,1615.0,751.596,1615.000031,751.595825
91,167,1617.0,751.613,1617.0,751.613281
91,168,1619.0,751.653,1619.000031,751.653015
91,169,1621.0,751.701,1621.000031,751.700928
91,170,1623.0,751.742,1623.000031,751.741638
91,171,1625.0,751.772,1625.0,751.771851
91,172,1627.0,751.795,1627.000031,751.794861
91,173,1629.0,751.813,1629.000031,751.812744
91,174,1631.0,751.822,1631.0,751.822021
91,175,1633.0,751.819,1633.000031,751.818542
91,176,1635.0,751.809,1635.000031,751.808594
91,177,1637.0,751.805,1637.000031,751.805176
91,178,1639.0,751.816,1639.0,751.816101
91,179,1641.0,751.837,1641.000031,751.837219
91,180,1643.0,751.863,1643.000031,751.862732
91,181,1645.0,751.898,1645.0,751.898254
91,182,1647.0,751.947,1647.000031,751.947388
91,183,1649.0,752.001,1649.000031,752.000854
91,184,1651.0,752.044,1651.000031,752.044495
91,185,1653.0,752.07,1653.0,752.070007
91,186,1655.0,752.081,1655.000031,752.080688
91,187,1657.0,752.081,1657.000031,752.080811
91,188,1659.0,752.074,1659.0,752.074463
91,189,1661.0,752.069,1661.000031,752.06897
91,190,1663.0,752.071,1663.0,752.070862
91,191,1665.0,752.079,1665.000061,752.079041
91,192,1667.0,752.085,1667.0,752.084534
91,193,1669.0,752.08,1669.0,752.080383
91,194,1671.0,752.068,1671.000061,752.068359
91,195,1673.0,752.055,1673.0,752.054565
91,196,1675.0,752.047,1675.0,752.047241
91,197,1677.0,752.055,1677.000061,752.054688
91,198,1679.0,752.078,1679.000061,752.077576
91,199,1681.0,752.109,1681.0,752.109009
91,200,1683.0,752.14,1683.0,752.139954
91,201,1685.0,752.164,1685.000061,752.164429
91,202,1687.0,752.185,1687.0,752.18457
91,203,1689.0,752.206,1689.0,752.205566
91,204,1691.0,752.234,1691.000061,752.234375
91,205,1693.0,752.281,1693.000061,752.281433
91,206,1695.0,752.348,1695.0,752.347656
91,207,1697.0,752.42,1697.0,752.419556
91,208,1699.0,752.479,1699.000061,752.479248
91,209,1701.0,752.515,1701.0,752.514771
91,210,1702.857,752.53,1702.857178,752.529846
91,211,1704.143,752.535,1704.142883,752.535156
92,0,1150.857,748.504,1150.857143,748.503845
92,1,1152.143,748.572,1152.142857,748.571655
92,2,1154.0,748.678,1154.0,748.677551
92,3,1156.0,748.81,1156.0,748.809814
92,4,1158.0,748.945,1158.0,748.944763
92,5,1160.0,749.075,1160.000001,749.075317
92,6,1162.0,749.2,1162.000001,749.200256
92,7,1164.0,749.327,1164.000001,749.32666
92,8,1166.0,749.462,1166.0,749.462036
92,9,1168.0,749.604,1168.000002,749.604492
92,10,1170.0,749.746,1170.000002,749.745789
92,11,1172.0,749.875,1172.0,749.875366
92,12,1174.0,749.998,1174.000002,749.997925
92,13,1176.0,750.123,1176.0,750.123352
92,14,1178.0,750.26,1178.000002,750.260437
92,15,1180.0,750.419,1180.000002,750.419373
92,16,1182.0,750.596,1182.000004,750.595764
92,17,1184.0,750.77,1184.0,750.770447
92,18,1186.0,750.917,1186.000004,750.917175
92,19,1188.0,751.016,1188.0,751.015564
92,20,1190.0,751.076,1190.000004,751.076355
92,21,1192.0,751.141,1192.000004,751.141357
92,22,1194.0,751.234,1194.000004,751.234436
92,23,1196.0,751.325,1196.0,751.32489
92,24,1198.0,751.376,1198.0,751.375977
92,25,1200.0,751.451,1200.000004,751.450806
92,26,1202.0,751.684,1202.000004,751.683716
92,27,1204.0,751.997,1204.0,751.997009
92,28,1206.0,752.311,1206.000004,752.311279
92,29,1208.0,752.498,1208.000004,752.497559
92,30,1210.0,752.586,1210.000004,752.585999
92,31,1212.0,752.698,1212.0,752.698181
92,32,1214.0,752.848,1214.0,752.847839
92,33,1216.0,752.999,1216.0,752.999207
92,34,1218.0,753.121,1218.0,753.121033
92,35,1220.0,753.193,1220.0,753.192932
92,36,1222.0,753.215,1222.000008,753.214844
92,37,1224.0,753.22,1224.000008,753.220215
92,38,1226.0,753.243,1226.0,753.242676
92,39,1228.0,753.284,1228.0,753.284302
92,40,1230.0,753.331,1230.0,753.330994
92,41,1232.0,753.384,1232.000008,753.38385
92,42,1234.0,753.47,1234.0,753.469788
92,43,1236.0,753.637,1236.0,753.636719
92,44,1238.0,753.898,1238.000008,753.897766
92,45,1240.0,754.177,1240.0,754.177002
92,46,1242.0,754.404,1242.0,754.403687
92,47,1244.0,754.541,1244.000008,754.54126
92,48,1246.0,754.622,1246.000008,754.62207
92,49,1248.0,754.694,1248.000008,754.693787
92,50,1250.0,754.768,1250.0,754.767578
92,51,1252.0,754.849,1252.000008,754.84906
92,52,1254.0,754.943,1254.000008,754.94281
92,53,1256.0,755.05,1256.0,755.049622
92,54,1258.0,755.159,1258.000008,755.158936
92,55,1260.0,755.268,1260.000008,755.267578
92,56,1262.0,755.427,1262.000008,755.426697
92,57,1281.857,756.211,1281.857147,756.211304
92,58,1319.571,757.492,1319.571442,757.491516
92,59,1358.714,758.573,1358.714279,758.572998
92,60,1399.286,759.419,1399.285736,759.419189
92,61,1404.143,759.157,1404.142868,759.156799
92,62,1409.0,758.95,1409.0,758.94989
92,63,1411.0,758.941,1411.0,758.941467
92,64,1413.0,758.913,1413.000031,758.912598
92,65,1415.0,758.842,1415.0,758.841858
92,66,1417.0,758.757,1417.000031,758.756592
92,67,1419.0,758.727,1419.0,758.726562
92,68,1421.0,758.833,1421.000031,758.832886
92,69,1423.0,759.07,1423.0,759.070435
92,70,1425.0,759.355,1425.0,759.355103
92,71,1427.0,759.567,1427.000031,759.566589
92,72,1429.0,759.616,1429.0,759.615662
92,73,1431.0,759.547,1431.000031,759.547363
92,74,1433.0,759.414,1433.0,759.413635
92,75,1435.0,759.218,1435.000031,759.217896
92,76,1437.0,758.966,1437.0,758.96582
92,77,1439.0,758.687,1439.0,758.687134
92,78,1441.0,758.445,1441.000031,758.444641
92,79,1443.0,758.277,1443.0,758.276611
92,80,1445.0,758.178,1445.000031,758.178467
92,81,1447.0,758.115,1447.0,758.114502
92,82,1449.0,758.074,1449.000031,758.073914
92,83,1451.0,758.062,1451.0,758.062439
92,84,1453.0,758.083,1453.000031,758.083313
92,85,1455.0,758.119,1455.0,758.119019
92,86,1457.0,758.14,1457.0,758.140442
92,87,1459.0,758.134,1459.000031,758.133911
92,88,1461.0,758.104,1461.0,758.103882
92,89,1463.0,758.078,1463.000031,758.077637
92,90,1465.0,758.07,1465.0,758.069824
92,91,1467.0,758.066,1467.000031,758.065552
92,92,1469.0,758.049,1469.0,758.048889
92,93,1471.0,758.011,1471.0,758.011292
92,94,1473.0,757.949,1473.000031,757.948669
92,95,1475.0,757.874,1475.0,757.873779
92,96,1477.0,757.811,1477.000031,757.810791
92,97,1479.0,757.776,1479.0,757.776428
92,98,1481.0,757.762,1481.000031,757.761658
92,99,1483.0,757.747,1483.0,757.746704
92,100,1485.0,757.717,1485.0,757.717285
92,101,1487.0,757.682,1487.000031,757.681763
92,102,1489.0,757.657,1489.0,757.657471
92,103,1491.0,757.649,1491.000031,757.649109
92,104,1493.0,757.653,1493.000031,757.65332
92,105,1495.0,757.653,1495.000031,757.652893
92,106,1497.0,757.632,1497.0,757.631958
92,107,1499.0,757.596,1499.0,757.595947
92,108,1501.0,757.566,1501.000031,757.566284
92,109,1503.0,757.544,1503.0,757.544434
92,110,1505.0,757.521,1505.000031,757.520874
92,111,1507.0,757.49,1507.000031,757.489624
92,112,1509.0,757.451,1509.000031,757.450562
92,113,1511.0,757.432,1511.0,757.432251
92,114,1513.0,757.443,1513.0,757.44281
92,115,1515.0,757.475,1515.000031,757.474792
92,116,1517.0,757.523,1517.000031,757.522583
92,117,1519.0,757.559,1519.0,757.558838
92,118,1521.0,757.573,1521.000031,757.572571
92,119,1523.0,757.566,1523.000031,757.565735
92,120,1525.0,757.55,1525.0,757.550232
92,121,1527.0,757.534,1527.0,757.533936
92,122,1529.0,757.517,1529.000031,757.516785
92,123,1531.0,757.499,1531.000031,757.498901
92,124,1533.0,757.485,1533.0,757.485107
92,125,1535.0,757.482,1535.000031,757.482056
92,126,1537.0,757.486,1537.000031,757.485962
92,127,1539.0,757.496,1539.0,757.495667
92,128,1541.0,757.509,1541.0,757.50946
92,129,1543.0,757.52,1543.000031,757.520142
92,130,1545.0,757.518,1545.000031,757.517822
92,131,1547.0,757.486,1547.0,757.48584
92,132,1549.0,757.412,1549.000031,757.411743
92,133,1551.0,757.302,1551.000031,757.301941
92,134,1553.0,757.186,1553.0,757.185669
92,135,1555.0,757.102,1555.0,757.101501
92,136,1557.0,757.072,1557.000031,757.071655
92,137,1559.0,757.096,1559.000031,757.096008
92,138,1561.0,757.144,1561.0,757.143677
92,139,1563.0,757.175,1563.000031,757.174744
92,140,1565.0,757.177,1565.000031,757.177368
92,141,1567.0,757.167,1567.0,757.166992
92,142,1569.0,757.163,1569.0,757.163452
92,143,1571.0,757.175,1571.000031,757.175171
92,144,1573.0,757.196,1573.000031,757.196411
92,145,1575.0,757.228,1575.0,757.228455
92,146,1577.0,757.284,1577.000031,757.284119
92,147,1579.0,757.367,1579.000031,757.367065
92,148,1581.0,757.46,1581.000031,757.460083
92,149,1583.0,757.54,1583.0,757.5401
92,150,1585.0,757.583,1585.000031,757.583374
92,151,1587.0,757.581,1587.000031,757.581177
92,152,1589.0,757.549,1589.0,757.548584
92,153,1591.0,757.512,1591.000031,757.512268
92,154,1593.0,757.495,1593.000031,757.494873
92,155,1595.0,757.496,1595.000031,757.495972
92,156,1597.0,757.505,1597.0,757.504822
92,157,1599.0,757.517,1599.000031,757.516541
92,158,1601.0,757.532,1601.000031,757.531921
92,159,1603.0,757.553,1603.0,757.55304
92,160,1605.0,757.578,1605.000031,757.577637
92,161,1607.0,757.604,1607.000031,757.60437
92,162,1609.0,757.632,1609.000031,757.632324
92,163,1611.0,757.658,1611.0,757.65802
92,164,1613.0,757.681,1613.000031,757.680664
92,165,1615.0,757.699,1615.000031,757.699341
92,166,1617.0,757.717,1617.0,757.71698
92,167,1619.0,757.736,1619.000031,757.735718
92,168,1621.0,757.752,1621.000031,757.751892
92,169,1623.0,757.769,1623.000031,757.768555
92,170,1625.0,757.794,1625.0,757.794495
92,171,1627.0,757.83,1627.000031,757.830017
92,172,1629.0,757.861,1629.000031,757.860779
92,173,1631.0,757.871,1631.0,757.871033
92,174,1633.0,757.861,1633.000031,757.861206
92,175,1635.0,757.846,1635.000031,757.845886
92,176,1637.0,757.84,1637.000031,757.8396
92,177,1639.0,757.843,1639.0,757.842896
92,178,1641.0,757.85,1641.000031,757.850037
92,179,1643.0,757.861,1643.000031,757.860535
92,180,1645.0,757.872,1645.0,757.872437
92,181,1647.0,757.886,1647.000031,757.886169
92,182,1649.0,757.904,1649.000031,757.903809
92,183,1651.0,757.921,1651.000031,757.920898
92,184,1653.0,757.933,1653.0,757.933289
92,185,1655.0,757.936,1655.000031,757.936218
92,186,1657.0,757.927,1657.000031,757.92749
92,187,1659.0,757.911,1659.0,757.910522
92,188,1661.0,757.891,1661.000031,757.891052
92,189,1663.0,757.875,1663.0,757.874817
92,190,1665.0,757.865,1665.000061,757.864929
92,191,1667.0,757.863,1667.0,757.862915
92,192,1669.0,757.866,1669.0,757.86554
92,193,1671.0,757.874,1671.000061,757.873779
92,194,1673.0,757.89,1673.0,757.890259
92,195,1675.0,757.911,1675.0,757.910706
92,196,1677.0,757.929,1677.000061,757.929016
92,197,1679.0,757.945,1679.000061,757.944946
92,198,1681.0,757.966,1681.0,757.966064
92,199,1683.0,757.999,1683.0,757.999451
92,200,1685.0,758.045,1685.000061,758.04541
92,201,1687.0,758.097,1687.0,758.096558
92,202,1689.0,758.146,1689.0,758.14563
92,203,1691.0,758.19,1691.000061,758.189758
92,204,1693.0,758.225,1693.000061,758.224976
92,205,1695.0,758.25,1695.0,758.250244
92,206,1697.0,758.269,1697.0,758.269409
92,207,1699.0,758.287,1699.000061,758.287292
92,208,1701.0,758.309,1701.0,758.308899
92,209,1702.857,758.33,1702.857178,758.329651
92,210,1704.143,758.344,1704.142883,758.344238
93,0,1150.857,754.199,1150.857143,754.199341
93,1,1152.143,754.296,1152.142857,754.295898
93,2,1154.0,754.441,1154.0,754.441223
93,3,1156.0,754.603,1156.0,754.603394
93,4,1158.0,754.738,1158.0,754.738098
93,5,1160.0,754.834,1160.000001,754.834167
93,6,1162.0,754.914,1162.000001,754.914185
93,7,1164.0,755.023,1164.000001,755.022522
93,8,1166.0,755.209,1166.0,755.209473
93,9,1168.0,755.443,1168.000002,755.443054
93,10,1170.0,755.666,1170.000002,755.666321
93,11,1172.0,755.827,1172.0,755.82666
93,12,1174.0,755.915,1174.000002,755.914917
93,13,1176.0,755.987,1176.0,755.987122
93,14,1178.0,756.069,1178.000002,756.069458
93,15,1180.0,756.168,1180.000002,756.167969
93,16,1182.0,756.291,1182.000004,756.290955
93,17,1184.0,756.44,1184.0,756.440247
93,18,1186.0,756.605,1186.000004,756.604858
93,19,1188.0,756.768,1188.0,756.767578
93,20,1190.0,756.911,1190.000004,756.911194
93,21,1192.0,757.037,1192.000004,757.03717
93,22,1194.0,757.145,1194.000004,757.144836
93,23,1196.0,757.231,1196.0,757.230957
93,24,1198.0,757.331,1198.0,757.33075
93,25,1200.0,757.566,1200.000004,757.566223
93,26,1202.0,757.856,1202.000004,757.855835
93,27,1204.0,758.039,1204.0,758.03949
93,28,1206.0,758.041,1206.000004,758.040771
93,29,1208.0,757.908,1208.000004,757.908325
93,30,1210.0,757.857,1210.000004,757.856995
93,31,1212.0,757.923,1212.0,757.922546
93,32,1214.0,757.98,1214.0,757.980286
93,33,1219.143,758.294,1219.14286,758.294006
93,34,1227.429,758.932,1227.428574,758.931885
93,35,1235.714,759.631,1235.714287,759.631409
93,36,1244.0,760.436,1244.000008,760.43573
93,37,1246.0,760.574,1246.000008,760.573853
93,38,1248.0,760.703,1248.000008,760.702637
93,39,1250.0,760.772,1250.0,760.7724
93,40,1252.0,760.776,1252.000008,760.775757
93,41,1254.0,760.71,1254.000008,760.710327
93,42,1256.0,760.589,1256.0,760.588928
93,43,1258.0,760.432,1258.000008,760.43219
93,44,1260.0,760.281,1260.000008,760.281372
93,45,1262.0,760.168,1262.000008,760.168335
93,46,1282.857,760.949,1282.857147,760.948547
93,47,1322.571,762.631,1322.571442,762.630676
93,48,1362.286,764.319,1362.285706,764.319397
93,49,1402.0,766.019,1402.000015,766.01886
93,50,1404.0,766.004,1404.000015,766.003845
93,51,1406.0,765.984,1406.000031,765.983521
93,52,1408.0,765.935,1408.0,765.934509
93,53,1410.0,765.84,1410.000031,765.840393
93,54,1412.0,765.712,1412.0,765.712341
93,55,1414.0,765.594,1414.000031,765.594299
93,56,1416.0,765.53,1416.0,765.529602
93,57,1418.0,765.524,1418.0,765.524109
93,58,1420.0,765.533,1420.000031,765.533081
93,59,1422.0,765.501,1422.0,765.500854
93,60,1424.0,765.413,1424.000031,765.413025
93,61,1426.0,765.301,1426.0,765.301025
93,62,1428.0,765.204,1428.000031,765.203674
93,63,1430.0,765.129,1430.0,765.12854
93,64,1432.0,765.064,1432.0,765.063843
93,65,1434.0,765.0,1434.000031,765.000427
93,66,1436.0,764.935,1436.0,764.935364
93,67,1438.0,764.874,1438.000031,764.873596
93,68,1440.0,764.823,1440.0,764.823181
93,69,1442.0,764.791,1442.000031,764.790771
93,70,1444.0,764.778,1444.0,764.777893
93,71,1446.0,764.777,1446.0,764.776611
93,72,1448.0,764.776,1448.000031,764.776062
93,73,1450.0,764.766,1450.0,764.766357
93,74,1452.0,764.739,1452.000031,764.739319
93,75,1454.0,764.694,1454.0,764.694031
93,76,1456.0,764.644,1456.000031,764.643555
93,77,1458.0,764.604,1458.0,764.604492
93,78,1460.0,764.585,1460.000031,764.584656
93,79,1462.0,764.58,1462.0,764.579651
93,80,1464.0,764.579,1464.0,764.579163
93,81,1466.0,764.577,1466.000031,764.576721
93,82,1468.0,764.57,1468.0,764.570068
93,83,1470.0,764.557,1470.000031,764.556519
93,84,1472.0,764.533,1472.0,764.532654
93,85,1474.0,764.494,1474.000031,764.493958
93,86,1476.0,764.435,1476.0,764.435181
93,87,1478.0,764.362,1478.0,764.361572
93,88,1480.0,764.292,1480.000031,764.291626
93,89,1482.0,764.244,1482.0,764.24408
93,90,1484.0,764.223,1484.000031,764.2229
93,91,1486.0,764.214,1486.0,764.213867
93,92,1488.0,764.202,1488.000031,764.202087
93,93,1490.0,764.187,1490.0,764.187378
93,94,1492.0,764.173,1492.0,764.172546
93,95,1494.0,764.159,1494.000031,764.158752
93,96,1496.0,764.147,1496.0,764.146667
93,97,1498.0,764.137,1498.000031,764.136902
93,98,1500.0,764.131,1500.000031,764.131042
93,99,1502.0,764.129,1502.000031,764.128601
93,100,1504.0,764.126,1504.0,764.125916
93,101,1506.0,764.12,1506.0,764.120422
93,102,1508.0,764.107,1508.000031,764.106689
93,103,1510.0,764.074,1510.000031,764.074036
93,104,1512.0,764.025,1512.0,764.024658
93,105,1514.0,763.985,1514.000031,763.985291
93,106,1516.0,763.976,1516.000031,763.975769
93,107,1518.0,763.992,1518.0,763.99231
93,108,1520.0,764.009,1520.0,764.008667
93,109,1522.0,763.999,1522.000031,763.999084
93,110,1524.0,763.964,1524.000031,763.964111
93,111,1526.0,763.918,1526.0,763.918335
93,112,1528.0,763.88,1528.000031,763.879578
93,113,1530.0,763.866,1530.000031,763.86554
93,114,1532.0,763.885,1532.0,763.884644
93,115,1534.0,763.928,1534.0,763.927917
93,116,1536.0,763.972,1536.000031,763.972412
93,117,1538.0,764.0,1538.000031,764.0
93,118,1540.0,764.003,1540.0,764.002808
93,119,1542.0,763.986,1542.000031,763.985657
93,120,1544.0,763.962,1544.000031,763.962036
93,121,1546.0,763.943,1546.0,763.943359
93,122,1548.0,763.935,1548.0,763.935486
93,123,1550.0,763.935,1550.000031,763.934814
93,124,1552.0,763.932,1552.000031,763.932068
93,125,1554.0,763.925,1554.0,763.924561
93,126,1556.0,763.916,1556.000031,763.915588
93,127,1558.0,763.908,1558.000031,763.908325
93,128,1560.0,763.904,1560.0,763.903564
93,129,1562.0,763.901,1562.0,763.901184
93,130,1564.0,763.907,1564.000031,763.90741
93,131,1566.0,763.929,1566.000031,763.92865
93,132,1568.0,763.961,1568.0,763.961121
93,133,1570.0,763.996,1570.000031,763.995544
93,134,1572.0,764.028,1572.000031,764.027588
93,135,1574.0,764.065,1574.0,764.064697
93,136,1576.0,764.108,1576.0,764.107666
93,137,1578.0,764.138,1578.000031,764.138367
93,138,1580.0,764.139,1580.000031,764.139099
93,139,1582.0,764.112,1582.0,764.111816
93,140,1584.0,764.075,1584.000031,764.074524
93,141,1586.0,764.043,1586.000031,764.04303
93,142,1588.0,764.019,1588.000031,764.019165
93,143,1590.0,763.997,1590.0,763.997131
93,144,1592.0,763.977,1592.000031,763.977234
93,145,1594.0,763.963,1594.000031,763.963196
93,146,1596.0,763.961,1596.0,763.960571
93,147,1598.0,763.975,1598.000031,763.975403
93,148,1600.0,764.007,1600.000031,764.007446
93,149,1602.0,764.054,1602.000031,764.053528
93,150,1604.0,764.105,1604.0,764.105103
93,151,1606.0,764.152,1606.000031,764.152039
93,152,1608.0,764.186,1608.000031,764.186096
93,153,1610.0,764.203,1610.0,764.202881
93,154,1612.0,764.202,1612.000031,764.202148
93,155,1614.0,764.188,1614.000031,764.187927
93,156,1616.0,764.168,1616.000031,764.168091
93,157,1618.0,764.15,1618.0,764.15033
93,158,1620.0,764.141,1620.000031,764.141235
93,159,1622.0,764.141,1622.000031,764.141479
93,160,1624.0,764.146,1624.0,764.146057
93,161,1626.0,764.152,1626.000031,764.152466
93,162,1628.0,764.163,1628.000031,764.163391
93,163,1630.0,764.182,1630.000031,764.181946
93,164,1632.0,764.204,1632.0,764.203613
93,165,1634.0,764.22,1634.000031,764.220276
93,166,1636.0,764.227,1636.000031,764.227234
93,167,1638.0,764.226,1638.0,764.225586
93,168,1640.0,764.223,1640.000031,764.222961
93,169,1642.0,764.227,1642.000031,764.226746
93,170,1644.0,764.242,1644.000031,764.241821
93,171,1646.0,764.268,1646.0,764.267578
93,172,1648.0,764.295,1648.000031,764.2948
93,173,1650.0,764.314,1650.000031,764.313538
93,174,1652.0,764.32,1652.0,764.320496
93,175,1654.0,764.317,1654.000031,764.316772
93,176,1656.0,764.303,1656.000031,764.302551
93,177,1658.0,764.276,1658.000031,764.276123
93,178,1660.0,764.24,1660.0,764.239746
93,179,1662.0,764.202,1662.0,764.202393
93,180,1664.0,764.174,1664.0,764.173584
93,181,1666.0,764.157,1666.0,764.157227
93,182,1668.0,764.151,1668.0,764.151489
93,183,1670.0,764.154,1670.000061,764.153503
93,184,1672.0,764.162,1672.000061,764.16217
93,185,1674.0,764.176,1674.0,764.175598
93,186,1676.0,764.191,1676.0,764.190857
93,187,1678.0,764.205,1678.000061,764.205078
93,188,1680.0,764.219,1680.0,764.219177
93,189,1682.0,764.238,1682.0,764.238403
93,190,1684.0,764.268,1684.000061,764.2677
93,191,1686.0,764.308,1686.000061,764.307617
93,192,1688.0,764.351,1688.0,764.35083
93,193,1690.0,764.388,1690.0,764.388
93,194,1692.0,764.412,1692.000061,764.412231
93,195,1694.0,764.423,1694.0,764.423279
93,196,1696.0,764.428,1696.0,764.427734
93,197,1698.0,764.432,1698.000061,764.431641
93,198,1700.0,764.438,1700.000061,764.438354
93,199,1702.0,764.447,1702.0,764.446777
93,200,1703.571,764.453,1703.571411,764.453369
94,0,1150.857,760.895,1150.857143,760.894531
94,1,1152.143,760.956,1152.142857,760.956055
94,2,1154.0,761.046,1154.0,761.046326
94,3,1156.0,761.156,1156.0,761.155823
94,4,1158.0,761.271,1158.0,761.27124
94,5,1160.0,761.396,1160.000001,761.396118
94,6,1162.0,761.532,1162.000001,761.531738
94,7,1164.0,761.687,1164.000001,761.687439
94,8,1166.0,761.868,1166.0,761.868042
94,9,1168.0,762.056,1168.000002,762.056335
94,10,1170.0,762.223,1170.000002,762.223389
94,11,1172.0,762.351,1172.0,762.350952
94,12,1174.0,762.447,1174.000002,762.447449
94,13,1176.0,762.536,1176.0,762.53595
94,14,1178.0,762.628,1178.000002,762.628113
94,15,1180.0,762.727,1180.000002,762.727356
94,16,1182.0,762.843,1182.000004,762.843018
94,17,1184.0,762.977,1184.0,762.977051
94,18,1186.0,763.123,1186.000004,763.123474
94,19,1188.0,763.263,1188.0,763.262939
94,20,1190.0,763.37,1190.000004,763.370117
94,21,1192.0,763.439,1192.000004,763.439453
94,22,1194.0,763.483,1194.000004,763.482788
94,23,1196.0,763.53,1196.0,763.530151
94,24,1198.0,763.637,1198.0,763.636902
94,25,1200.0,763.851,1200.000004,763.851135
94,26,1202.0,764.119,1202.000004,764.118835
94,27,1204.0,764.353,1204.0,764.353027
94,28,1206.0,764.498,1206.000004,764.497925
94,29,1208.0,764.546,1208.000004,764.546265
94,30,1210.0,764.566,1210.000004,764.565979
94,31,1212.0,764.585,1212.0,764.585205
94,32,1214.0,764.616,1214.0,764.616455
94,33,1216.0,764.688,1216.0,764.687561
94,34,1218.0,764.821,1218.0,764.821228
94,35,1220.0,764.999,1220.0,764.999451
94,36,1222.0,765.172,1222.000008,765.171814
94,37,1224.0,765.307,1224.000008,765.306763
94,38,1226.0,765.41,1226.0,765.410156
94,39,1228.0,765.514,1228.0,765.514404
94,40,1230.0,765.648,1230.0,765.648132
94,41,1232.0,765.82,1232.000008,765.819641
94,42,1234.0,766.005,1234.0,766.005249
94,43,1236.0,766.169,1236.0,766.169006
94,44,1238.0,766.274,1238.000008,766.274048
94,45,1240.0,766.312,1240.0,766.3125
94,46,1242.0,766.332,1242.0,766.331848
94,47,1244.0,766.405,1244.000008,766.404968
94,48,1246.0,766.538,1246.000008,766.538086
94,49,1248.0,766.68,1248.000008,766.679565
94,50,1250.0,766.768,1250.0,766.768188
94,51,1252.0,766.789,1252.000008,766.788818
94,52,1254.0,766.779,1254.000008,766.77948
94,53,1256.0,766.784,1256.0,766.783875
94,54,1258.0,766.808,1258.000008,766.808411
94,55,1260.0,766.842,1260.000008,766.842163
94,56,1262.0,766.874,1262.000008,766.874146
94,57,1264.0,766.923,1264.0,766.922546
94,58,1266.0,767.077,1266.000008,767.076904
94,59,1286.429,767.795,1286.428589,767.794617
94,60,1325.286,768.921,1325.285721,768.920654
94,61,1364.143,769.944,1364.142868,769.944214
94,62,1403.0,770.769,1403.000015,770.768738
94,63,1405.0,770.607,1405.000015,770.607178
94,64,1407.0,770.363,1407.000031,770.363098
94,65,1409.0,770.105,1409.0,770.105225
94,66,1411.0,769.885,1411.0,769.885132
94,67,1413.0,769.822,1413.000031,769.82196
94,68,1415.0,769.906,1415.0,769.90625
94,69,1417.0,770.074,1417.000031,770.074402
94,70,1419.0,770.231,1419.0,770.230713
94,71,1421.0,770.329,1421.000031,770.329407
94,72,1423.0,770.376,1423.0,770.376282
94,73,1425.0,770.409,1425.0,770.40918
94,74,1427.0,770.462,1427.000031,770.46167
94,75,1429.0,770.514,1429.0,770.514221
94,76,1431.0,770.552,1431.000031,770.551514
94,77,1433.0,770.564,1433.0,770.56427
94,78,1435.0,770.552,1435.000031,770.552124
94,79,1437.0,770.52,1437.0,770.519714
94,80,1439.0,770.485,1439.0,770.485107
94,81,1441.0,770.467,1441.000031,770.467224
94,82,1443.0,770.464,1443.0,770.463867
94,83,1445.0,770.443,1445.000031,770.443481
94,84,1447.0,770.387,1447.0,770.386536
94,85,1449.0,770.314,1449.000031,770.314026
94,86,1451.0,770.267,1451.0,770.266663
94,87,1453.0,770.279,1453.000031,770.279236
94,88,1455.0,770.339,1455.0,770.338806
94,89,1457.0,770.407,1457.0,770.406982
94,90,1459.0,770.453,1459.000031,770.453003
94,91,1461.0,770.453,1461.0,770.45343
94,92,1463.0,770.417,1463.000031,770.417114
94,93,1465.0,770.376,1465.0,770.376099
94,94,1467.0,770.346,1467.000031,770.346375
94,95,1469.0,770.318,1469.0,770.318115
94,96,1471.0,770.271,1471.0,770.270691
94,97,1473.0,770.209,1473.000031,770.208801
94,98,1475.0,770.158,1475.0,770.157593
94,99,1477.0,770.137,1477.000031,770.136658
94,100,1479.0,770.138,1479.0,770.138245
94,101,1481.0,770.141,1481.000031,770.141174
94,102,1483.0,770.133,1483.0,770.133057
94,103,1485.0,770.112,1485.0,770.112427
94,104,1487.0,770.084,1487.000031,770.083862
94,105,1489.0,770.059,1489.0,770.059021
94,106,1491.0,770.043,1491.000031,770.043335
94,107,1493.0,770.03,1493.000031,770.029846
94,108,1495.0,770.004,1495.000031,770.00415
94,109,1497.0,769.951,1497.0,769.951172
94,110,1499.0,769.877,1499.0,769.876892
94,111,1501.0,769.811,1501.000031,769.810852
94,112,1503.0,769.771,1503.0,769.771057
94,113,1505.0,769.738,1505.000031,769.738464
94,114,1507.0,769.68,1507.000031,769.679688
94,115,1509.0,769.591,1509.000031,769.590515
94,116,1511.0,769.494,1511.0,769.494385
94,117,1513.0,769.429,1513.0,769.429382
94,118,1515.0,769.414,1515.000031,769.413696
94,119,1517.0,769.43,1517.000031,769.429565
94,120,1519.0,769.457,1519.0,769.457336
94,121,1521.0,769.483,1521.000031,769.482544
94,122,1523.0,769.505,1523.000031,769.505371
94,123,1525.0,769.542,1525.0,769.54248
94,124,1527.0,769.601,1527.0,769.601379
94,125,1529.0,769.662,1529.000031,769.661987
94,126,1531.0,769.686,1531.000031,769.685547
94,127,1533.0,769.624,1533.0,769.623596
94,128,1535.0,769.482,1535.000031,769.481506
94,129,1537.0,769.317,1537.000031,769.316528
94,130,1539.0,769.177,1539.0,769.177002
94,131,1541.0,769.091,1541.0,769.091003
94,132,1543.0,769.025,1543.000031,769.02533
94,133,1545.0,768.962,1545.000031,768.961853
94,134,1547.0,768.913,1547.0,768.91272
94,135,1549.0,768.893,1549.000031,768.893127
94,136,1551.0,768.901,1551.000031,768.901306
94,137,1553.0,768.926,1553.0,768.925903
94,138,1555.0,768.959,1555.0,768.959412
94,139,1557.0,768.994,1557.000031,768.993896
94,140,1559.0,769.021,1559.000031,769.02124
94,141,1561.0,769.034,1561.0,769.03363
94,142,1563.0,769.026,1563.000031,769.026062
94,143,1565.0,768.995,1565.000031,768.994934
94,144,1567.0,768.936,1567.0,768.935852
94,145,1569.0,768.85,1569.0,768.850342
94,146,1571.0,768.754,1571.000031,768.753601
94,147,1573.0,768.685,1573.000031,768.684998
94,148,1575.0,768.684,1575.0,768.684326
94,149,1577.0,768.753,1577.000031,768.753235
94,150,1579.0,768.863,1579.000031,768.863281
94,151,1581.0,768.979,1581.000031,768.978638
94,152,1583.0,769.079,1583.0,769.078796
94,153,1585.0,769.161,1585.000031,769.160828
94,154,1587.0,769.221,1587.000031,769.221436
94,155,1589.0,769.257,1589.0,769.256531
94,156,1591.0,769.278,1591.000031,769.278259
94,157,1593.0,769.307,1593.000031,769.306885
94,158,1595.0,769.36,1595.000031,769.360474
94,159,1597.0,769.442,1597.0,769.441956
94,160,1599.0,769.532,1599.000031,769.531982
94,161,1601.0,769.606,1601.000031,769.606018
94,162,1603.0,769.649,1603.0,769.648621
94,163,1605.0,769.665,1605.000031,769.665344
94,164,1607.0,769.672,1607.000031,769.67218
94,165,1609.0,769.675,1609.000031,769.675354
94,166,1611.0,769.673,1611.0,769.672852
94,167,1613.0,769.67,1613.000031,769.670044
94,168,1615.0,769.68,1615.000031,769.679932
94,169,1617.0,769.712,1617.0,769.711731
94,170,1619.0,769.761,1619.000031,769.760559
94,171,1621.0,769.81,1621.000031,769.810242
94,172,1623.0,769.846,1623.000031,769.84613
94,173,1625.0,769.861,1625.0,769.861145
94,174,1627.0,769.854,1627.000031,769.853516
94,175,1629.0,769.823,1629.000031,769.822754
94,176,1631.0,769.778,1631.0,769.777527
94,177,1633.0,769.733,1633.000031,769.732849
94,178,1635.0,769.699,1635.000031,769.698792
94,179,1637.0,769.679,1637.000031,769.678772
94,180,1639.0,769.669,1639.0,769.669434
94,181,1641.0,769.665,1641.000031,769.664673
94,182,1643.0,769.659,1643.000031,769.658936
94,183,1645.0,769.644,1645.0,769.644409
94,184,1647.0,769.612,1647.000031,769.612
94,185,1649.0,769.576,1649.000031,769.575684
94,186,1651.0,769.576,1651.000031,769.575928
94,187,1653.0,769.634,1653.0,769.634338
94,188,1655.0,769.736,1655.000031,769.735657
94,189,1657.0,769.842,1657.000031,769.841797
94,190,1659.0,769.92,1659.0,769.9198
94,191,1661.0,769.973,1661.000031,769.972534
94,192,1663.0,770.014,1663.0,770.014404
94,193,1665.0,770.047,1665.000061,770.046753
94,194,1667.0,770.066,1667.0,770.065796
94,195,1669.0,770.072,1669.0,770.071777
94,196,1671.0,770.071,1671.000061,770.070801
94,197,1673.0,770.071,1673.0,770.070923
94,198,1675.0,770.077,1675.0,770.077271
94,199,1677.0,770.091,1677.000061,770.090759
94,200,1679.0,770.107,1679.000061,770.107117
94,201,1681.0,770.119,1681.0,770.119141
94,202,1683.0,770.126,1683.0,770.126282
94,203,1685.0,770.136,1685.000061,770.136414
94,204,1687.0,770.157,1687.0,770.157349
94,205,1689.0,770.184,1689.0,770.184326
94,206,1691.0,770.202,1691.000061,770.201843
94,207,1693.0,770.199,1693.000061,770.198914
94,208,1695.0,770.181,1695.0,770.181274
94,209,1697.0,770.162,1697.0,770.162354
94,210,1699.0,770.15,1699.000061,770.149841
94,211,1701.0,770.144,1701.0,770.14386
94,212,1702.857,770.141,1702.857178,770.141479
94,213,1704.143,770.141,1704.142883,770.140625
95,0,1150.857,766.474,1150.857143,766.47406
95,1,1152.143,766.559,1152.142857,766.559143
95,2,1154.0,766.674,1154.0,766.674011
95,3,1156.0,766.795,1156.0,766.794556
95,4,1158.0,766.896,1158.0,766.896362
95,5,1160.0,766.989,1160.000001,766.989319
95,6,1162.0,767.087,1162.000001,767.086975
95,7,1164.0,767.206,1164.000001,767.205688
95,8,1166.0,767.365,1166.0,767.365112
95,9,1168.0,767.543,1168.000002,767.542664
95,10,1170.0,767.711,1170.000002,767.710999
95,11,1172.0,767.843,1172.0,767.84259
95,12,1174.0,767.943,1174.000002,767.943054
95,13,1176.0,768.042,1176.0,768.041931
95,14,1178.0,768.147,1178.000002,768.14679
95,15,1180.0,768.254,1180.000002,768.254456
95,16,1182.0,768.373,1182.000004,768.373291
95,17,1184.0,768.506,1184.0,768.505798
95,18,1186.0,768.649,1186.000004,768.648926
95,19,1188.0,768.791,1188.0,768.791016
95,20,1190.0,768.924,1190.000004,768.923767
95,21,1192.0,769.056,1192.000004,769.055847
95,22,1194.0,769.204,1194.000004,769.203857
95,23,1196.0,769.399,1196.0,769.399231
95,24,1198.0,769.678,1198.0,769.678345
95,25,1200.0,770.042,1200.000004,770.04187
95,26,1202.0,770.378,1202.000004,770.377686
95,27,1204.0,770.534,1204.0,770.533691
95,28,1207.429,770.657,1207.428574,770.657166
95,29,1210.857,770.62,1210.857143,770.619507
95,30,1214.286,770.558,1214.285721,770.558289
95,31,1217.0,770.42,1217.000008,770.420227
95,32,1219.0,770.228,1219.0,770.227661
95,33,1221.0,770.126,1221.0,770.125793
95,34,1223.0,770.147,1223.000008,770.146545
95,35,1225.0,770.257,1225.0,770.256775
95,36,1227.0,770.376,1227.0,770.376099
95,37,1229.0,770.435,1229.0,770.434692
95,38,1231.0,770.452,1231.0,770.452271
95,39,1233.0,770.5,1233.0,770.499634
95,40,1235.0,770.598,1235.0,770.598328
95,41,1237.0,770.743,1237.000008,770.742981
95,42,1239.0,770.907,1239.000008,770.906921
95,43,1241.0,771.1,1241.000008,771.10022
95,44,1243.0,771.312,1243.0,771.312012
95,45,1245.0,771.487,1245.000008,771.486633
95,46,1247.0,771.597,1247.000008,771.597168
95,47,1249.0,771.671,1249.0,771.671448
95,48,1251.0,771.735,1251.000008,771.735413
95,49,1253.0,771.779,1253.000008,771.778748
95,50,1255.0,771.793,1255.000008,771.793335
95,51,1257.0,771.798,1257.0,771.797607
95,52,1259.0,771.878,1259.000008,771.878052
95,53,1261.0,772.139,1261.000008,772.138733
95,54,1263.0,772.557,1263.0,772.557129
95,55,1265.0,772.972,1265.0,772.972107
95,56,1267.0,773.28,1267.000008,773.280396
95,57,1269.0,773.4,1269.000008,773.400391
95,58,1307.571,774.609,1307.571442,774.60907
95,59,1346.143,775.939,1346.142868,775.939148
95,60,1384.714,777.297,1384.714294,777.297119
95,61,1405.0,778.051,1405.000015,778.051086
95,62,1407.0,778.101,1407.000031,778.100525
95,63,1409.0,778.077,1409.0,778.076904
95,64,1411.0,778.046,1411.0,778.046326
95,65,1413.0,778.008,1413.000031,778.008362
95,66,1415.0,777.939,1415.0,777.938904
95,67,1417.0,777.83,1417.000031,777.829773
95,68,1419.0,777.69,1419.0,777.689941
95,69,1421.0,777.549,1421.000031,777.549316
95,70,1423.0,777.443,1423.0,777.442749
95,71,1425.0,777.391,1425.0,777.390869
95,72,1427.0,777.386,1427.000031,777.385803
95,73,1429.0,777.395,1429.0,777.394897
95,74,1431.0,777.391,1431.000031,777.390747
95,75,1433.0,777.37,1433.0,777.3703
95,76,1435.0,777.348,1435.000031,777.348022
95,77,1437.0,777.336,1437.0,777.336304
95,78,1439.0,777.332,1439.0,777.332092
95,79,1441.0,777.324,1441.000031,777.324463
95,80,1443.0,777.305,1443.0,777.305054
95,81,1445.0,777.27,1445.000031,777.269836
95,82,1447.0,777.226,1447.0,777.226318
95,83,1449.0,777.189,1449.000031,777.189026
95,84,1451.0,777.166,1451.0,777.16626
95,85,1453.0,777.158,1453.000031,777.158386
95,86,1455.0,777.156,1455.0,777.155701
95,87,1457.0,777.148,1457.0,777.147949
95,88,1459.0,777.131,1459.000031,777.131226
95,89,1461.0,777.108,1461.0,777.108215
95,90,1463.0,777.089,1463.000031,777.088989
95,91,1465.0,777.084,1465.0,777.08429
95,92,1467.0,777.096,1467.000031,777.095825
95,93,1469.0,777.119,1469.0,777.119263
95,94,1471.0,777.136,1471.0,777.136475
95,95,1473.0,777.121,1473.000031,777.121033
95,96,1475.0,777.062,1475.0,777.061523
95,97,1477.0,776.967,1477.000031,776.967285
95,98,1479.0,776.868,1479.0,776.868286
95,99,1481.0,776.788,1481.000031,776.788452
95,100,1483.0,776.72,1483.0,776.720276
95,101,1485.0,776.638,1485.0,776.637939
95,102,1487.0,776.536,1487.000031,776.536255
95,103,1489.0,776.432,1489.0,776.432068
95,104,1491.0,776.348,1491.000031,776.3479
95,105,1493.0,776.294,1493.000031,776.29425
95,106,1495.0,776.26,1495.000031,776.260315
95,107,1497.0,776.24,1497.0,776.240234
95,108,1499.0,776.24,1499.0,776.240173
95,109,1501.0,776.274,1501.000031,776.273987
95,110,1503.0,776.343,1503.0,776.343384
95,111,1505.0,776.427,1505.000031,776.427124
95,112,1507.0,776.484,1507.000031,776.483887
95,113,1509.0,776.483,1509.000031,776.482788
95,114,1511.0,776.438,1511.0,776.438049
95,115,1513.0,776.381,1513.0,776.380615
95,116,1515.0,776.319,1515.000031,776.318542
95,117,1517.0,776.251,1517.000031,776.250854
95,118,1519.0,776.171,1519.0,776.171387
95,119,1521.0,776.092,1521.000031,776.091858
95,120,1523.0,776.035,1523.000031,776.034668
95,121,1525.0,775.999,1525.0,775.998657
95,122,1527.0,775.978,1527.0,775.97821
95,123,1529.0,775.972,1529.000031,775.971985
95,124,1531.0,775.979,1531.000031,775.97937
95,125,1533.0,775.996,1533.0,775.995789
95,126,1535.0,776.014,1535.000031,776.014221
95,127,1537.0,776.025,1537.000031,776.024963
95,128,1539.0,776.02,1539.0,776.019836
95,129,1541.0,775.999,1541.0,775.999207
95,130,1543.0,775.967,1543.000031,775.967224
95,131,1545.0,775.928,1545.000031,775.92804
95,132,1547.0,775.887,1547.0,775.887085
95,133,1549.0,775.853,1549.000031,775.852722
95,134,1551.0,775.835,1551.000031,775.834595
95,135,1553.0,775.836,1553.0,775.836304
95,136,1555.0,775.853,1555.0,775.853088
95,137,1557.0,775.878,1557.000031,775.877808
95,138,1559.0,775.904,1559.000031,775.904175
95,139,1561.0,775.928,1561.0,775.927917
95,140,1563.0,775.946,1563.000031,775.946106
95,141,1565.0,775.958,1565.000031,775.957642
95,142,1567.0,775.966,1567.0,775.966492
95,143,1569.0,775.982,1569.0,775.982239
95,144,1571.0,776.014,1571.000031,776.014038
95,145,1573.0,776.056,1573.000031,776.055664
95,146,1575.0,776.084,1575.0,776.084106
95,147,1577.0,776.076,1577.000031,776.075562
95,148,1579.0,776.031,1579.000031,776.03064
95,149,1581.0,775.979,1581.000031,775.978882
95,150,1583.0,775.944,1583.0,775.944153
95,151,1585.0,775.936,1585.000031,775.936279
95,152,1587.0,775.952,1587.000031,775.952026
95,153,1589.0,775.982,1589.0,775.981506
95,154,1591.0,776.016,1591.000031,776.016235
95,155,1593.0,776.043,1593.000031,776.042542
95,156,1595.0,776.052,1595.000031,776.052307
95,157,1597.0,776.051,1597.0,776.051147
95,158,1599.0,776.05,1599.000031,776.049805
95,159,1601.0,776.058,1601.000031,776.057617
95,160,1603.0,776.08,1603.0,776.080322
95,161,1605.0,776.116,1605.000031,776.115723
95,162,1607.0,776.153,1607.000031,776.153198
95,163,1609.0,776.182,1609.000031,776.181885
95,164,1611.0,776.195,1611.0,776.194885
95,165,1613.0,776.192,1613.000031,776.191956
95,166,1615.0,776.181,1615.000031,776.180603
95,167,1617.0,776.168,1617.0,776.167603
95,168,1619.0,776.158,1619.000031,776.157593
95,169,1621.0,776.153,1621.000031,776.15332
95,170,1623.0,776.153,1623.000031,776.153198
95,171,1625.0,776.157,1625.0,776.15741
95,172,1627.0,776.168,1627.000031,776.167908
95,173,1629.0,776.185,1629.000031,776.185486
95,174,1631.0,776.208,1631.0,776.207886
95,175,1633.0,776.232,1633.000031,776.232239
95,176,1635.0,776.259,1635.000031,776.25946
95,177,1637.0,776.291,1637.000031,776.290894
95,178,1639.0,776.325,1639.0,776.325439
95,179,1641.0,776.356,1641.000031,776.356445
95,180,1643.0,776.377,1643.000031,776.377014
95,181,1645.0,776.384,1645.0,776.383728
95,182,1647.0,776.379,1647.000031,776.379028
95,183,1649.0,776.368,1649.000031,776.368164
95,184,1651.0,776.357,1651.000031,776.356567
95,185,1653.0,776.346,1653.0,776.345764
95,186,1655.0,776.334,1655.000031,776.333801
95,187,1657.0,776.321,1657.000031,776.321289
95,188,1659.0,776.317,1659.0,776.316895
95,189,1661.0,776.328,1661.000031,776.327942
95,190,1663.0,776.347,1663.0,776.347168
95,191,1665.0,776.362,1665.000061,776.361694
95,192,1667.0,776.369,1667.0,776.368652
95,193,1669.0,776.38,1669.0,776.3797
95,194,1671.0,776.41,1671.000061,776.409546
95,195,1673.0,776.459,1673.0,776.458923
95,196,1675.0,776.513,1675.0,776.513
95,197,1677.0,776.555,1677.000061,776.555237
95,198,1679.0,776.579,1679.000061,776.578674
95,199,1681.0,776.586,1681.0,776.585815
95,200,1683.0,776.587,1683.0,776.58667
95,201,1685.0,776.592,1685.000061,776.592102
95,202,1687.0,776.607,1687.0,776.607239
95,203,1689.0,776.628,1689.0,776.628296
95,204,1691.0,776.649,1691.000061,776.649109
95,205,1693.0,776.667,1693.000061,776.667053
95,206,1695.0,776.682,1695.0,776.682129
95,207,1697.0,776.696,1697.0,776.695862
95,208,1699.0,776.707,1699.000061,776.707275
95,209,1701.0,776.714,1701.0,776.714417
95,210,1702.857,776.718,1702.857178,776.717896
95,211,1704.143,776.72,1704.142883,776.720093
96,0,1150.857,773.126,1150.857143,773.125854
96,1,1152.143,773.228,1152.142857,773.227661
96,2,1154.0,773.385,1154.0,773.385315
96,3,1156.0,773.564,1156.0,773.563599
96,4,1158.0,773.725,1158.0,773.724609
96,5,1160.0,773.864,1160.000001,773.863647
96,6,1162.0,773.985,1162.000001,773.985291
96,7,1164.0,774.096,1164.000001,774.095886
96,8,1166.0,774.2,1166.0,774.200134
96,9,1168.0,774.305,1168.000002,774.305237
96,10,1170.0,774.418,1170.000002,774.418274
96,11,1172.0,774.531,1172.0,774.531067
96,12,1174.0,774.634,1174.000002,774.63385
96,13,1176.0,774.722,1176.0,774.722412
96,14,1178.0,774.795,1178.000002,774.795166
96,15,1180.0,774.855,1180.000002,774.854553
96,16,1182.0,774.908,1182.000004,774.908203
96,17,1184.0,774.967,1184.0,774.966553
96,18,1186.0,775.042,1186.000004,775.042114
96,19,1188.0,775.15,1188.0,775.14978
96,20,1190.0,775.3,1190.000004,775.300476
96,21,1192.0,775.474,1192.000004,775.474426
96,22,1194.0,775.639,1194.000004,775.63916
96,23,1196.0,775.769,1196.0,775.769104
96,24,1198.0,775.871,1198.0,775.870728
96,25,1200.0,775.964,1200.000004,775.963562
96,26,1202.0,776.052,1202.000004,776.051697
96,27,1204.0,776.144,1204.0,776.143555
96,28,1206.0,776.25,1206.000004,776.250244
96,29,1208.0,776.39,1208.000004,776.390198
96,30,1210.0,776.549,1210.000004,776.549133
96,31,1212.0,776.706,1212.0,776.706116
96,32,1214.0,776.843,1214.0,776.843445
96,33,1216.0,776.97,1216.0,776.969543
96,34,1218.0,777.112,1218.0,777.112183
96,35,1220.0,777.314,1220.0,777.314392
96,36,1222.0,777.544,1222.000008,777.544189
96,37,1224.0,777.704,1224.000008,777.703735
96,38,1226.0,777.751,1226.0,777.751099
96,39,1228.0,777.714,1228.0,777.713928
96,40,1230.0,777.702,1230.0,777.702026
96,41,1232.0,777.75,1232.000008,777.750488
96,42,1234.0,777.8,1234.0,777.800354
96,43,1236.0,777.812,1236.0,777.811707
96,44,1238.0,777.814,1238.000008,777.814087
96,45,1240.0,777.846,1240.0,777.846252
96,46,1242.0,777.918,1242.0,777.917664
96,47,1244.0,778.018,1244.000008,778.0177
96,48,1246.0,778.153,1246.000008,778.153198
96,49,1248.0,778.336,1248.000008,778.336304
96,50,1250.0,778.535,1250.0,778.534729
96,51,1252.0,778.68,1252.000008,778.67981
96,52,1254.0,778.733,1254.000008,778.732727
96,53,1256.0,778.721,1256.0,778.721191
96,54,1258.0,778.712,1258.000008,778.712463
96,55,1260.0,778.765,1260.000008,778.764648
96,56,1262.0,778.867,1262.000008,778.866943
96,57,1264.0,778.966,1264.0,778.96582
96,58,1266.0,779.039,1266.000008,779.039062
96,59,1268.0,779.098,1268.000008,779.09845
96,60,1270.0,779.175,1270.0,779.175049
96,61,1272.0,779.305,1272.0,779.305298
96,62,1316.571,780.389,1316.571426,780.38916
96,63,1361.143,781.393,1361.142868,781.392883
96,64,1405.714,782.382,1405.71431,782.381714
96,65,1429.0,782.941,1429.0,782.94104
96,66,1431.0,783.112,1431.000031,783.111694
96,67,1433.0,783.305,1433.0,783.305481
96,68,1435.0,783.434,1435.000031,783.434143
96,69,1437.0,783.478,1437.0,783.477661
96,70,1439.0,783.504,1439.0,783.503601
96,71,1441.0,783.504,1441.000031,783.504089
96,72,1443.0,783.449,1443.0,783.448547
96,73,1445.0,783.356,1445.000031,783.355957
96,74,1447.0,783.256,1447.0,783.255859
96,75,1449.0,783.178,1449.000031,783.178162
96,76,1451.0,783.114,1451.0,783.113831
96,77,1453.0,783.035,1453.000031,783.034851
96,78,1455.0,782.934,1455.0,782.934265
96,79,1457.0,782.832,1457.0,782.832153
96,80,1459.0,782.749,1459.000031,782.748535
96,81,1461.0,782.697,1461.0,782.697083
96,82,1463.0,782.684,1463.000031,782.683533
96,83,1465.0,782.701,1465.0,782.701233
96,84,1467.0,782.731,1467.000031,782.730713
96,85,1469.0,782.711,1469.0,782.711304
96,86,1471.0,782.547,1471.0,782.547485
96,87,1473.0,782.264,1473.000031,782.263672
96,88,1475.0,781.96,1475.0,781.960266
96,89,1477.0,781.758,1477.000031,781.757568
96,90,1479.0,781.722,1479.0,781.722412
96,91,1481.0,781.78,1481.000031,781.780151
96,92,1483.0,781.877,1483.0,781.877441
96,93,1485.0,782.013,1485.0,782.012634
96,94,1487.0,782.191,1487.000031,782.191406
96,95,1489.0,782.383,1489.0,782.382751
96,96,1491.0,782.537,1491.000031,782.536987
96,97,1493.0,782.62,1493.000031,782.61969
96,98,1495.0,782.642,1495.000031,782.642151
96,99,1497.0,782.616,1497.0,782.615662
96,100,1499.0,782.526,1499.0,782.525635
96,101,1501.0,782.378,1501.000031,782.378113
96,102,1503.0,782.206,1503.0,782.206482
96,103,1505.0,782.057,1505.000031,782.057068
96,104,1507.0,781.97,1507.000031,781.970093
96,105,1509.0,781.952,1509.000031,781.95166
96,106,1511.0,781.978,1511.0,781.977966
96,107,1513.0,782.008,1513.0,782.008362
96,108,1515.0,782.014,1515.000031,782.014404
96,109,1517.0,782.001,1517.000031,782.001404
96,110,1519.0,781.985,1519.0,781.985413
96,111,1521.0,781.983,1521.000031,781.983032
96,112,1523.0,781.99,1523.000031,781.990112
96,113,1525.0,781.993,1525.0,781.993286
96,114,1527.0,781.993,1527.0,781.993469
96,115,1529.0,781.998,1529.000031,781.998413
96,116,1531.0,782.019,1531.000031,782.018982
96,117,1533.0,782.061,1533.0,782.060547
96,118,1535.0,782.11,1535.000031,782.110291
96,119,1537.0,782.142,1537.000031,782.142334
96,120,1539.0,782.142,1539.0,782.142334
96,121,1541.0,782.118,1541.0,782.118103
96,122,1543.0,782.086,1543.000031,782.086426
96,123,1545.0,782.056,1545.000031,782.056213
96,124,1547.0,782.026,1547.0,782.025635
96,125,1549.0,781.993,1549.000031,781.993164
96,126,1551.0,781.963,1551.000031,781.962891
96,127,1553.0,781.943,1553.0,781.942749
96,128,1555.0,781.937,1555.0,781.937317
96,129,1557.0,781.95,1557.000031,781.949646
96,130,1559.0,781.979,1559.000031,781.978577
96,131,1561.0,782.018,1561.0,782.018005
96,132,1563.0,782.061,1563.000031,782.061035
96,133,1565.0,782.104,1565.000031,782.104004
96,134,1567.0,782.146,1567.0,782.146179
96,135,1569.0,782.179,1569.0,782.178772
96,136,1571.0,782.185,1571.000031,782.184631
96,137,1573.0,782.152,1573.000031,782.1521
96,138,1575.0,782.088,1575.0,782.087585
96,139,1577.0,782.006,1577.000031,782.005981
96,140,1579.0,781.915,1579.000031,781.915039
96,141,1581.0,781.805,1581.000031,781.804932
96,142,1583.0,781.676,1583.0,781.675659
96,143,1585.0,781.568,1585.000031,781.567749
96,144,1587.0,781.521,1587.000031,781.521057
96,145,1589.0,781.545,1589.0,781.544983
96,146,1591.0,781.603,1591.000031,781.603394
96,147,1593.0,781.643,1593.000031,781.643005
96,148,1595.0,781.674,1595.000031,781.673523
96,149,1597.0,781.725,1597.0,781.725281
96,150,1599.0,781.808,1599.000031,781.8078
96,151,1601.0,781.9,1601.000031,781.899658
96,152,1603.0,781.967,1603.0,781.96698
96,153,1605.0,782.006,1605.000031,782.006348
96,154,1607.0,782.039,1607.000031,782.039001
96,155,1609.0,782.076,1609.000031,782.076416
96,156,1611.0,782.113,1611.0,782.113098
96,157,1613.0,782.137,1613.000031,782.136719
96,158,1615.0,782.136,1615.000031,782.136108
96,159,1617.0,782.113,1617.0,782.112549
96,160,1619.0,782.079,1619.000031,782.079041
96,161,1621.0,782.051,1621.000031,782.05127
96,162,1623.0,782.038,1623.000031,782.037537
96,163,1625.0,782.037,1625.0,782.037415
96,164,1627.0,782.049,1627.000031,782.04895
96,165,1629.0,782.072,1629.000031,782.072449
96,166,1631.0,782.113,1631.0,782.11261
96,167,1633.0,782.166,1633.000031,782.165833
96,168,1635.0,782.217,1635.000031,782.217468
96,169,1637.0,782.257,1637.000031,782.257263
96,170,1639.0,782.281,1639.0,782.280579
96,171,1641.0,782.288,1641.000031,782.288391
96,172,1643.0,782.285,1643.000031,782.284912
96,173,1645.0,782.269,1645.0,782.268555
96,174,1647.0,782.242,1647.000031,782.24231
96,175,1649.0,782.218,1649.000031,782.218079
96,176,1651.0,782.211,1651.000031,782.211121
96,177,1653.0,782.237,1653.0,782.236633
96,178,1655.0,782.291,1655.000031,782.291016
96,179,1657.0,782.357,1657.000031,782.357239
96,180,1659.0,782.413,1659.0,782.412659
96,181,1661.0,782.435,1661.000031,782.435364
96,182,1663.0,782.426,1663.0,782.425964
96,183,1665.0,782.392,1665.000061,782.391968
96,184,1667.0,782.349,1667.0,782.349426
96,185,1669.0,782.32,1669.0,782.32019
96,186,1671.0,782.307,1671.000061,782.30719
96,187,1673.0,782.304,1673.0,782.303833
96,188,1675.0,782.304,1675.0,782.303589
96,189,1677.0,782.308,1677.000061,782.307861
96,190,1679.0,782.322,1679.000061,782.321655
96,191,1681.0,782.343,1681.0,782.34259
96,192,1683.0,782.362,1683.0,782.362488
96,193,1685.0,782.374,1685.000061,782.374451
96,194,1687.0,782.38,1687.0,782.379944
96,195,1689.0,782.378,1689.0,782.378052
96,196,1691.0,782.367,1691.000061,782.366943
96,197,1693.0,782.353,1693.000061,782.35321
96,198,1695.0,782.345,1695.0,782.344727
96,199,1697.0,782.348,1697.0,782.347839
96,200,1699.0,782.36,1699.000061,782.359985
96,201,1701.0,782.372,1701.0,782.371643
96,202,1702.857,782.378,1702.857178,782.378418
96,203,1704.143,782.38,1704.142883,782.380005
97,0,1150.857,779.343,1150.857143,779.343262
97,1,1152.143,779.447,1152.142857,779.446655
97,2,1154.0,779.612,1154.0,779.612244
97,3,1156.0,779.808,1156.0,779.808228
97,4,1158.0,779.972,1158.0,779.971863
97,5,1160.0,780.081,1160.000001,780.080872
97,6,1162.0,780.15,1162.000001,780.149658
97,7,1164.0,780.213,1164.000001,780.213379
97,8,1166.0,780.311,1166.0,780.311035
97,9,1168.0,780.445,1168.000002,780.444641
97,10,1170.0,780.581,1170.000002,780.581238
97,11,1172.0,780.692,1172.0,780.691528
97,12,1174.0,780.763,1174.000002,780.763062
97,13,1176.0,780.809,1176.0,780.80896
97,14,1178.0,780.849,1178.000002,780.849426
97,15,1180.0,780.897,1180.000002,780.897217
97,16,1182.0,780.963,1182.000004,780.962891
97,17,1184.0,781.056,1184.0,781.056091
97,18,1186.0,781.181,1186.000004,781.180908
97,19,1188.0,781.339,1188.0,781.339294
97,20,1190.0,781.511,1190.000004,781.511169
97,21,1192.0,781.67,1192.000004,781.669678
97,22,1194.0,781.795,1194.000004,781.795288
97,23,1196.0,781.863,1196.0,781.862976
97,24,1198.0,781.85,1198.0,781.850037
97,25,1200.286,781.622,1200.285717,781.621887
97,26,1202.857,781.64,1202.857143,781.64032
97,27,1205.429,781.76,1205.428574,781.759705
97,28,1208.0,782.157,1208.000004,782.156677
97,29,1210.0,782.475,1210.000004,782.475098
97,30,1212.0,782.728,1212.0,782.728027
97,31,1214.0,782.862,1214.0,782.861816
97,32,1216.0,782.873,1216.0,782.873413
97,33,1218.0,782.779,1218.0,782.779053
97,34,1220.0,782.756,1220.0,782.756104
97,35,1222.0,782.877,1222.000008,782.87738
97,36,1224.0,783.127,1224.000008,783.127014
97,37,1226.0,783.428,1226.0,783.428467
97,38,1228.0,783.649,1228.0,783.648682
97,39,1230.0,783.744,1230.0,783.744385
97,40,1232.0,783.729,1232.000008,783.728516
97,41,1234.0,783.697,1234.0,783.696594
97,42,1236.0,783.721,1236.0,783.721069
97,43,1238.0,783.796,1238.000008,783.796387
97,44,1240.0,783.884,1240.0,783.883728
97,45,1242.0,783.957,1242.0,783.957214
97,46,1244.0,783.997,1244.000008,783.997375
97,47,1246.0,783.981,1246.000008,783.981445
97,48,1248.0,783.924,1248.000008,783.923706
97,49,1250.0,783.874,1250.0,783.874084
97,50,1252.0,783.867,1252.000008,783.86731
97,51,1275.429,784.835,1275.428581,784.835205
97,52,1320.286,786.754,1320.285721,786.753906
97,53,1365.143,788.611,1365.142868,788.611145
97,54,1410.0,790.488,1410.000031,790.487732
97,55,1412.0,790.441,1412.0,790.441345
97,56,1414.0,790.437,1414.000031,790.437256
97,57,1416.0,790.437,1416.0,790.436951
97,58,1418.0,790.404,1418.0,790.404053
97,59,1420.0,790.327,1420.000031,790.326599
97,60,1422.0,790.214,1422.0,790.214172
97,61,1424.0,790.086,1424.000031,790.08551
97,62,1426.0,789.953,1426.0,789.952759
97,63,1428.0,789.821,1428.000031,789.821106
97,64,1430.0,789.706,1430.0,789.706177
97,65,1432.0,789.636,1432.0,789.635559
97,66,1434.0,789.626,1434.000031,789.62561
97,67,1436.0,789.665,1436.0,789.665039
97,68,1438.0,789.713,1438.000031,789.713318
97,69,1440.0,789.734,1440.0,789.734253
97,70,1442.0,789.723,1442.000031,789.722778
97,71,1444.0,789.695,1444.0,789.694885
97,72,1446.0,789.668,1446.0,789.667969
97,73,1448.0,789.649,1448.000031,789.64917
97,74,1450.0,789.639,1450.0,789.638611
97,75,1452.0,789.633,1452.000031,789.632935
97,76,1454.0,789.622,1454.0,789.621826
97,77,1456.0,789.585,1456.000031,789.584778
97,78,1458.0,789.507,1458.0,789.506958
97,79,1460.0,789.391,1460.000031,789.390686
97,80,1462.0,789.258,1462.0,789.25769
97,81,1464.0,789.153,1464.0,789.152527
97,82,1466.0,789.099,1466.000031,789.099365
97,83,1468.0,789.099,1468.0,789.098694
97,84,1470.0,789.128,1470.000031,789.127869
97,85,1472.0,789.147,1472.0,789.146606
97,86,1474.0,789.14,1474.000031,789.139771
97,87,1476.0,789.113,1476.0,789.113281
97,88,1478.0,789.079,1478.0,789.079163
97,89,1480.0,789.044,1480.000031,789.044067
97,90,1482.0,789.009,1482.0,789.008789
97,91,1484.0,788.976,1484.000031,788.975647
97,92,1486.0,788.949,1486.0,788.948547
97,93,1488.0,788.925,1488.000031,788.925415
97,94,1490.0,788.899,1490.0,788.899353
97,95,1492.0,788.868,1492.0,788.868286
97,96,1494.0,788.841,1494.000031,788.840881
97,97,1496.0,788.824,1496.0,788.824219
97,98,1498.0,788.814,1498.000031,788.813965
97,99,1500.0,788.797,1500.000031,788.796692
97,100,1502.0,788.766,1502.000031,788.766052
97,101,1504.0,788.729,1504.0,788.72937
97,102,1506.0,788.697,1506.0,788.696716
97,103,1508.0,788.671,1508.000031,788.670837
97,104,1510.0,788.644,1510.000031,788.644165
97,105,1512.0,788.616,1512.0,788.615845
97,106,1514.0,788.59,1514.000031,788.590271
97,107,1516.0,788.573,1516.000031,788.572937
97,108,1518.0,788.568,1518.0,788.567505
97,109,1520.0,788.574,1520.0,788.574219
97,110,1522.0,788.588,1522.000031,788.587769
97,111,1524.0,788.595,1524.000031,788.594543
97,112,1526.0,788.578,1526.0,788.578247
97,113,1528.0,788.54,1528.000031,788.540405
97,114,1530.0,788.5,1530.000031,788.499634
97,115,1532.0,788.473,1532.0,788.472534
97,116,1534.0,788.464,1534.0,788.463623
97,117,1536.0,788.467,1536.000031,788.467163
97,118,1538.0,788.477,1538.000031,788.47699
97,119,1540.0,788.489,1540.0,788.488831
97,120,1542.0,788.495,1542.000031,788.495422
97,121,1544.0,788.489,1544.000031,788.488831
97,122,1546.0,788.471,1546.0,788.470642
97,123,1548.0,788.449,1548.0,788.449219
97,124,1550.0,788.436,1550.000031,788.436096
97,125,1552.0,788.436,1552.000031,788.436035
97,126,1554.0,788.445,1554.0,788.444519
97,127,1556.0,788.454,1556.000031,788.454468
97,128,1558.0,788.461,1558.000031,788.461121
97,129,1560.0,788.466,1560.0,788.466431
97,130,1562.0,788.472,1562.0,788.47229
97,131,1564.0,788.476,1564.000031,788.475708
97,132,1566.0,788.472,1566.000031,788.471619
97,133,1568.0,788.461,1568.0,788.460999
97,134,1570.0,788.456,1570.000031,788.455688
97,135,1572.0,788.466,1572.000031,788.46582
97,136,1574.0,788.487,1574.0,788.487244
97,137,1576.0,788.509,1576.0,788.509094
97,138,1578.0,788.525,1578.000031,788.525269
97,139,1580.0,788.538,1580.000031,788.538025
97,140,1582.0,788.551,1582.0,788.551208
97,141,1584.0,788.561,1584.000031,788.561462
97,142,1586.0,788.56,1586.000031,788.559875
97,143,1588.0,788.541,1588.000031,788.541443
97,144,1590.0,788.508,1590.0,788.507751
97,145,1592.0,788.466,1592.000031,788.465515
97,146,1594.0,788.427,1594.000031,788.426514
97,147,1596.0,788.406,1596.0,788.405701
97,148,1598.0,788.413,1598.000031,788.413452
97,149,1600.0,788.443,1600.000031,788.44281
97,150,1602.0,788.476,1602.000031,788.475769
97,151,1604.0,788.491,1604.0,788.490784
97,152,1606.0,788.482,1606.000031,788.482361
97,153,1608.0,788.466,1608.000031,788.465576
97,154,1610.0,788.455,1610.0,788.454651
97,155,1612.0,788.454,1612.000031,788.454407
97,156,1614.0,788.461,1614.000031,788.460815
97,157,1616.0,788.466,1616.000031,788.465881
97,158,1618.0,788.467,1618.0,788.467102
97,159,1620.0,788.465,1620.000031,788.464905
97,160,1622.0,788.462,1622.000031,788.461792
97,161,1624.0,788.461,1624.0,788.460571
97,162,1626.0,788.463,1626.000031,788.463074
97,163,1628.0,788.474,1628.000031,788.473755
97,164,1630.0,788.502,1630.000031,788.501831
97,165,1632.0,788.552,1632.0,788.552124
97,166,1634.0,788.615,1634.000031,788.615112
97,167,1636.0,788.669,1636.000031,788.669434
97,168,1638.0,788.7,1638.0,788.700317
97,169,1640.0,788.711,1640.000031,788.711365
97,170,1642.0,788.717,1642.000031,788.716614
97,171,1644.0,788.718,1644.000031,788.718323
97,172,1646.0,788.708,1646.0,788.707947
97,173,1648.0,788.684,1648.000031,788.683533
97,174,1650.0,788.653,1650.000031,788.653442
97,175,1652.0,788.632,1652.0,788.631653
97,176,1654.0,788.622,1654.000031,788.62207
97,177,1656.0,788.62,1656.000031,788.619629
97,178,1658.0,788.627,1658.000031,788.626526
97,179,1660.0,788.649,1660.0,788.64917
97,180,1662.0,788.689,1662.0,788.688721
97,181,1664.0,788.733,1664.0,788.732849
97,182,1666.0,788.762,1666.0,788.761841
97,183,1668.0,788.766,1668.0,788.765747
97,184,1670.0,788.754,1670.000061,788.753723
97,185,1672.0,788.741,1672.000061,788.740967
97,186,1674.0,788.738,1674.0,788.737915
97,187,1676.0,788.747,1676.0,788.746521
97,188,1678.0,788.764,1678.000061,788.764404
97,189,1680.0,788.787,1680.0,788.787109
97,190,1682.0,788.81,1682.0,788.809875
97,191,1684.0,788.828,1684.000061,788.828186
97,192,1686.0,788.838,1686.000061,788.83783
97,193,1688.0,788.839,1688.0,788.838989
97,194,1690.0,788.833,1690.0,788.83252
97,195,1692.0,788.82,1692.000061,788.820374
97,196,1694.0,788.806,1694.0,788.805969
97,197,1696.0,788.793,1696.0,788.792786
97,198,1698.0,788.783,1698.000061,788.783081
97,199,1700.0,788.779,1700.000061,788.778564
97,200,1702.0,788.779,1702.0,788.778687
97,201,1703.571,788.781,1703.571411,788.780579
98,0,1150.857,786.102,1150.857143,786.101685
98,1,1152.143,786.149,1152.142857,786.148865
98,2,1154.0,786.213,1154.0,786.212646
98,3,1156.0,786.292,1156.0,786.292297
98,4,1158.0,786.388,1158.0,786.387939
98,5,1160.0,786.494,1160.000001,786.493774
98,6,1162.0,786.595,1162.000001,786.594543
98,7,1164.0,786.674,1164.000001,786.674194
98,8,1166.0,786.74,1166.0,786.739868
98,9,1168.0,786.821,1168.000002,786.820923
98,10,1170.0,786.932,1170.000002,786.931519
98,11,1172.0,787.064,1172.0,787.064209
98,12,1174.0,787.202,1174.000002,787.202271
98,13,1176.0,787.334,1176.0,787.333618
98,14,1178.0,787.457,1178.000002,787.456787
98,15,1180.0,787.582,1180.000002,787.581665
98,16,1182.0,787.717,1182.000004,787.717163
98,17,1184.0,787.853,1184.0,787.853149
98,18,1186.0,787.974,1186.000004,787.974365
98,19,1188.0,788.072,1188.0,788.072205
98,20,1190.0,788.153,1190.000004,788.153015
98,21,1192.0,788.222,1192.000004,788.22168
98,22,1194.0,788.268,1194.000004,788.268311
98,23,1196.0,788.283,1196.0,788.282898
98,24,1198.0,788.27,1198.0,788.270264
98,25,1200.0,788.287,1200.000004,788.286926
98,26,1202.0,788.421,1202.000004,788.421204
98,27,1204.0,788.621,1204.0,788.620972
98,28,1206.0,788.85,1206.000004,788.849609
98,29,1208.0,789.067,1208.000004,789.066528
98,30,1210.0,789.253,1210.000004,789.253113
98,31,1212.0,789.414,1212.0,789.413513
98,32,1214.0,789.495,1214.0,789.494812
98,33,1216.0,789.474,1216.0,789.473755
98,34,1218.0,789.394,1218.0,789.393677
98,35,1220.0,789.337,1220.0,789.336731
98,36,1222.0,789.356,1222.000008,789.356201
98,37,1224.0,789.46,1224.000008,789.459534
98,38,1226.0,789.622,1226.0,789.622314
98,39,1228.0,789.802,1228.0,789.80188
98,40,1230.0,789.954,1230.0,789.954224
98,41,1232.0,790.071,1232.000008,790.070923
98,42,1234.0,790.15,1234.0,790.14978
98,43,1236.0,790.204,1236.0,790.203918
98,44,1238.0,790.255,1238.000008,790.254944
98,45,1240.0,790.319,1240.0,790.318909
98,46,1242.0,790.405,1242.0,790.404846
98,47,1244.0,790.511,1244.000008,790.510986
98,48,1246.0,790.632,1246.000008,790.631653
98,49,1248.0,790.738,1248.000008,790.737732
98,50,1250.0,790.774,1250.0,790.773804
98,51,1254.0,790.956,1254.000008,790.956055
98,52,1258.0,791.118,1258.000008,791.117737
98,53,1262.0,791.316,1262.0,791.315674
98,54,1265.0,791.483,1265.0,791.483032
98,55,1267.0,791.546,1267.000008,791.546387
98,56,1269.0,791.575,1269.000008,791.575134
98,57,1271.0,791.599,1271.0,791.599304
98,58,1273.0,791.74,1273.000008,791.739502
98,59,1275.0,792.1,1275.000008,792.099548
98,60,1296.0,793.073,1296.0,793.07312
98,61,1336.0,794.462,1336.000015,794.462219
98,62,1376.571,795.543,1376.571442,795.543457
98,63,1417.714,796.26,1417.714325,796.260498
98,64,1420.857,795.827,1420.857147,795.826599
98,65,1424.0,795.347,1424.000031,795.346924
98,66,1426.0,795.114,1426.0,795.113892
98,67,1428.0,794.993,1428.000031,794.993469
98,68,1430.0,795.019,1430.0,795.019409
98,69,1432.0,795.08,1432.0,795.079712
98,70,1434.0,795.139,1434.000031,795.139038
98,71,1436.0,795.252,1436.0,795.252136
98,72,1438.0,795.405,1438.000031,795.405029
98,73,1440.0,795.607,1440.0,795.60675
98,74,1442.0,795.792,1442.000031,795.791565
98,75,1444.0,795.859,1444.0,795.859253
98,76,1446.0,795.841,1446.0,795.840637
98,77,1448.0,795.781,1448.000031,795.780945
98,78,1450.0,795.723,1450.0,795.723389
98,79,1452.0,795.684,1452.000031,795.683716
98,80,1454.0,795.624,1454.0,795.62439
98,81,1456.0,795.471,1456.000031,795.47113
98,82,1458.0,795.224,1458.0,795.224304
98,83,1460.429,794.779,1460.428589,794.778809
98,84,1462.857,794.255,1462.857147,794.254883
99,0,1150.857,792.406,1150.857143,792.406433
99,1,1152.143,792.469,1152.142857,792.468567
99,2,1154.0,792.555,1154.0,792.555237
99,3,1156.0,792.662,1156.0,792.662231
99,4,1158.0,792.771,1158.0,792.771423
99,5,1160.0,792.88,1160.000001,792.880371
99,6,1162.0,792.975,1162.000001,792.975403
99,7,1164.0,793.046,1164.000001,793.045959
99,8,1166.0,793.107,1166.0,793.107422
99,9,1168.0,793.183,1168.000002,793.182861
99,10,1170.0,793.28,1170.000002,793.279541
99,11,1172.0,793.381,1172.0,793.381226
99,12,1174.0,793.464,1174.000002,793.46405
99,13,1176.0,793.522,1176.0,793.5224
99,14,1178.0,793.578,1178.000002,793.57782
99,15,1180.0,793.669,1180.000002,793.668823
99,16,1182.0,793.814,1182.000004,793.813599
99,17,1184.0,793.989,1184.0,793.989075
99,18,1186.0,794.157,1186.000004,794.156982
99,19,1188.0,794.299,1188.0,794.299377
99,20,1190.0,794.431,1190.000004,794.430603
99,21,1192.0,794.571,1192.000004,794.571045
99,22,1194.0,794.727,1194.000004,794.72699
99,23,1196.0,794.914,1196.0,794.913635
99,24,1198.0,795.293,1198.0,795.293274
99,25,1208.286,799.478,1208.285717,799.477966
99,26,1218.571,803.451,1218.571434,803.451294
99,27,1228.857,807.184,1228.857147,807.184021
99,28,1235.0,808.76,1235.0,808.759766
99,29,1237.0,808.605,1237.000008,808.604553
99,30,1239.0,808.62,1239.000008,808.620483
99,31,1241.0,808.696,1241.000008,808.696106
99,32,1243.0,808.773,1243.0,808.772583
99,33,1247.0,809.284,1247.000008,809.284424
99,34,1254.143,809.689,1254.142868,809.689148
99,35,1304.714,809.468,1304.714294,809.467773
99,36,1354.286,808.79,1354.285721,808.789734
99,37,1403.143,807.137,1403.142868,807.136841
99,38,1440.857,803.094,1440.857147,803.093994
99,39,1456.857,799.489,1456.857147,799.488647
99,40,1472.857,796.123,1472.857147,796.12323
99,41,1480.0,795.104,1480.000031,795.103577
99,42,1482.0,795.059,1482.0,795.059448
99,43,1484.0,794.957,1484.000031,794.957275
99,44,1486.0,794.859,1486.0,794.858948
99,45,1488.571,794.891,1488.571442,794.890564
99,46,1491.714,794.97,1491.714325,794.970276
99,47,1494.857,795.052,1494.857147,795.051819
99,48,1498.0,795.079,1498.000031,795.078552
99,49,1500.0,795.008,1500.000031,795.008484
99,50,1502.0,794.962,1502.000031,794.961853
99,51,1504.0,794.881,1504.0,794.881165
99,52,1506.0,794.738,1506.0,794.73761
99,53,1508.0,794.564,1508.000031,794.563904
99,54,1510.0,794.426,1510.000031,794.426086
99,55,1512.0,794.362,1512.0,794.361572
99,56,1514.0,794.367,1514.000031,794.366943
99,57,1516.0,794.407,1516.000031,794.406616
99,58,1518.0,794.462,1518.0,794.461792
99,59,1520.0,794.528,1520.0,794.528137
99,60,1522.0,794.598,1522.000031,794.597961
99,61,1524.0,794.655,1524.000031,794.654602
99,62,1526.0,794.688,1526.0,794.688232
99,63,1528.0,794.697,1528.000031,794.69696
99,64,1530.0,794.691,1530.000031,794.691467
99,65,1532.0,794.694,1532.0,794.693787
99,66,1534.0,794.719,1534.0,794.71936
99,67,1536.0,794.765,1536.000031,794.764771
99,68,1538.0,794.813,1538.000031,794.813293
99,69,1540.0,794.849,1540.0,794.849365
99,70,1542.0,794.867,1542.000031,794.866882
99,71,1544.0,794.871,1544.000031,794.87085
99,72,1546.0,794.868,1546.0,794.868042
99,73,1548.0,794.866,1548.0,794.865906
99,74,1550.0,794.862,1550.000031,794.862427
99,75,1552.0,794.838,1552.000031,794.837891
99,76,1554.0,794.782,1554.0,794.782227
99,77,1556.0,794.704,1556.000031,794.703796
99,78,1558.0,794.628,1558.000031,794.627808
99,79,1560.0,794.578,1560.0,794.577881
99,80,1562.0,794.555,1562.0,794.554749
99,81,1564.0,794.551,1564.000031,794.550659
99,82,1566.0,794.568,1566.000031,794.568115
99,83,1568.0,794.611,1568.0,794.610962
99,84,1570.0,794.677,1570.000031,794.676758
99,85,1572.0,794.759,1572.000031,794.758545
99,86,1574.0,794.848,1574.0,794.847595
99,87,1576.0,794.941,1576.0,794.94104
99,88,1578.0,795.032,1578.000031,795.031555
99,89,1580.0,795.104,1580.000031,795.104431
99,90,1582.0,795.149,1582.0,795.149048
99,91,1584.0,795.169,1584.000031,795.168701
99,92,1586.0,795.174,1586.000031,795.174072
99,93,1588.0,795.173,1588.000031,795.172607
99,94,1590.0,795.161,1590.0,795.161377
99,95,1592.0,795.127,1592.000031,795.127319
99,96,1594.0,795.056,1594.000031,795.055969
99,97,1596.0,794.94,1596.0,794.940308
99,98,1598.0,794.798,1598.000031,794.798157
99,99,1600.0,794.662,1600.000031,794.66217
99,100,1602.0,794.569,1602.000031,794.568604
99,101,1604.0,794.542,1604.0,794.542419
99,102,1606.0,794.572,1606.000031,794.571899
99,103,1608.0,794.624,1608.000031,794.623779
99,104,1610.0,794.667,1610.0,794.666626
99,105,1612.0,794.681,1612.000031,794.680725
99,106,1614.0,794.669,1614.000031,794.669495
99,107,1616.0,794.647,1616.000031,794.6474
99,108,1618.0,794.628,1618.0,794.628113
99,109,1620.0,794.622,1620.000031,794.621704
99,110,1622.0,794.628,1622.000031,794.628479
99,111,1624.0,794.642,1624.0,794.642151
99,112,1626.0,794.656,1626.000031,794.656128
99,113,1628.0,794.669,1628.000031,794.668579
99,114,1630.0,794.681,1630.000031,794.680969
99,115,1632.0,794.688,1632.0,794.688477
99,116,1634.0,794.689,1634.000031,794.689453
99,117,1636.0,794.686,1636.000031,794.685547
99,118,1638.0,794.675,1638.0,794.674927
99,119,1640.0,794.657,1640.000031,794.656616
99,120,1642.0,794.635,1642.000031,794.634827
99,121,1644.0,794.618,1644.000031,794.618347
99,122,1646.0,794.61,1646.0,794.609802
99,123,1648.0,794.596,1648.000031,794.596497
99,124,1650.0,794.571,1650.000031,794.571411
99,125,1652.0,794.546,1652.0,794.545898
99,126,1654.0,794.544,1654.000031,794.543823
99,127,1656.0,794.575,1656.000031,794.575134
99,128,1658.0,794.623,1658.000031,794.623413
99,129,1660.0,794.667,1660.0,794.667358
99,130,1662.0,794.696,1662.0,794.696045
99,131,1664.0,794.709,1664.0,794.709351
99,132,1666.0,794.712,1666.0,794.712463
99,133,1668.0,794.71,1668.0,794.710388
99,134,1670.0,794.706,1670.000061,794.706055
99,135,1672.0,794.702,1672.000061,794.701721
99,136,1674.0,794.703,1674.0,794.702942
99,137,1676.0,794.721,1676.0,794.720703
99,138,1678.0,794.759,1678.000061,794.75885
99,139,1680.0,794.801,1680.0,794.800598
99,140,1682.0,794.826,1682.0,794.826233
99,141,1684.0,794.829,1684.000061,794.828735
99,142,1686.0,794.814,1686.000061,794.814453
99,143,1688.0,794.794,1688.0,794.793518
99,144,1690.0,794.766,1690.0,794.765503
99,145,1692.0,794.723,1692.000061,794.722717
99,146,1694.0,794.67,1694.0,794.669617
99,147,1696.0,794.628,1696.0,794.628235
99,148,1698.0,794.613,1698.000061,794.613037
99,149,1700.0,794.624,1700.000061,794.623962
99,150,1702.0,794.645,1702.0,794.64502
99,151,1703.571,794.658,1703.571411,794.657532
100,0,1224.857,794.762,1224.857147,794.762085
100,1,1226.143,795.266,1226.14286,795.265991
100,2,1228.0,795.76,1228.0,795.76001
100,3,1230.0,796.133,1230.0,796.132935
100,4,1232.0,796.096,1232.000008,796.09552
100,5,1244.286,792.968,1244.285713,792.968323
100,6,1256.571,789.96,1256.571434,789.960327
100,7,1268.857,787.082,1268.857155,787.082397
100,8,1275.571,785.717,1275.571442,785.716614
101,0,1408.857,804.059,1408.857147,804.059387
101,1,1410.143,803.971,1410.142883,803.970825
101,2,1412.0,803.781,1412.0,803.781067
101,3,1414.0,803.511,1414.000031,803.510925
101,4,1416.0,803.207,1416.0,803.206787
101,5,1418.0,802.928,1418.0,802.928162
101,6,1420.0,802.712,1420.000031,802.711792
101,7,1422.0,802.557,1422.0,802.557251
101,8,1424.0,802.454,1424.000031,802.454468
101,9,1426.0,802.382,1426.0,802.381897
101,10,1428.0,802.328,1428.000031,802.328003
101,11,1430.0,802.296,1430.0,802.295715
101,12,1432.0,802.294,1432.0,802.294128
101,13,1434.0,802.319,1434.000031,802.319214
101,14,1436.143,802.343,1436.142853,802.342773
101,15,1438.429,802.349,1438.428589,802.348633
101,16,1440.714,802.349,1440.714325,802.349182
101,17,1443.0,802.36,1443.0,802.360474
101,18,1445.0,802.397,1445.000031,802.397034
101,19,1447.0,802.444,1447.0,802.443542
101,20,1449.0,802.48,1449.000031,802.480347
101,21,1451.0,802.485,1451.0,802.485046
101,22,1453.0,802.434,1453.000031,802.434204
101,23,1455.0,802.332,1455.0,802.332275
101,24,1457.0,802.206,1457.0,802.205627
101,25,1459.0,802.094,1459.000031,802.093811
101,26,1461.0,802.026,1461.0,802.026489
101,27,1463.0,802.003,1463.000031,802.003357
101,28,1465.0,802.012,1465.0,802.012024
101,29,1467.0,802.034,1467.000031,802.033508
101,30,1469.0,802.04,1469.0,802.040283
101,31,1471.0,802.015,1471.0,802.014648
101,32,1473.0,801.954,1473.000031,801.954102
101,33,1475.0,801.868,1475.0,801.867615
101,34,1477.0,801.773,1477.000031,801.773071
101,35,1479.0,801.682,1479.0,801.682373
101,36,1481.0,801.6,1481.000031,801.600098
101,37,1483.0,801.533,1483.0,801.532837
101,38,1485.0,801.493,1485.0,801.493347
101,39,1487.0,801.481,1487.000031,801.48053
101,40,1489.0,801.488,1489.0,801.488403
101,41,1491.0,801.506,1491.000031,801.506348
101,42,1493.0,801.519,1493.000031,801.519165
101,43,1495.0,801.521,1495.000031,801.521423
101,44,1497.0,801.507,1497.0,801.507141
101,45,1499.0,801.472,1499.0,801.471924
101,46,1501.0,801.42,1501.000031,801.420044
101,47,1503.0,801.352,1503.0,801.352417
101,48,1505.0,801.271,1505.000031,801.270691
101,49,1507.0,801.184,1507.000031,801.183777
101,50,1509.0,801.098,1509.000031,801.098328
101,51,1511.0,801.011,1511.0,801.011475
101,52,1513.0,800.941,1513.0,800.941284
101,53,1515.0,800.942,1515.000031,800.942139
101,54,1517.0,801.034,1517.000031,801.03418
101,55,1519.0,801.181,1519.0,801.18103
101,56,1521.0,801.314,1521.000031,801.314148
101,57,1523.0,801.378,1523.000031,801.377869
101,58,1525.0,801.387,1525.0,801.386841
101,59,1527.0,801.368,1527.0,801.367859
101,60,1529.0,801.329,1529.000031,801.328735
101,61,1531.0,801.28,1531.000031,801.280273
101,62,1533.0,801.241,1533.0,801.240784
101,63,1535.0,801.222,1535.000031,801.222473
101,64,1537.0,801.223,1537.000031,801.222717
101,65,1539.0,801.226,1539.0,801.225952
101,66,1541.0,801.22,1541.0,801.220154
101,67,1543.0,801.204,1543.000031,801.204346
101,68,1545.0,801.185,1545.000031,801.185364
101,69,1547.0,801.167,1547.0,801.166748
101,70,1549.0,801.141,1549.000031,801.141174
101,71,1551.0,801.109,1551.000031,801.108948
101,72,1553.0,801.078,1553.0,801.078186
101,73,1555.0,801.059,1555.0,801.058533
101,74,1557.0,801.055,1557.000031,801.054993
101,75,1559.0,801.056,1559.000031,801.055847
101,76,1561.0,801.05,1561.0,801.049561
101,77,1563.0,801.035,1563.000031,801.035339
101,78,1565.0,801.018,1565.000031,801.0177
101,79,1567.0,801.004,1567.0,801.004028
101,80,1569.0,800.998,1569.0,800.997864
101,81,1571.0,801.004,1571.000031,801.00354
101,82,1573.0,801.032,1573.000031,801.031555
101,83,1575.0,801.079,1575.0,801.078613
101,84,1577.0,801.126,1577.000031,801.126038
101,85,1579.0,801.156,1579.000031,801.155579
101,86,1581.0,801.161,1581.000031,801.160889
101,87,1583.0,801.157,1583.0,801.156616
101,88,1585.0,801.157,1585.000031,801.15686
101,89,1587.0,801.16,1587.000031,801.160156
101,90,1589.0,801.158,1589.0,801.158081
101,91,1591.0,801.148,1591.000031,801.147949
101,92,1593.0,801.138,1593.000031,801.137573
101,93,1595.0,801.133,1595.000031,801.13324
101,94,1597.0,801.129,1597.0,801.128784
101,95,1599.0,801.114,1599.000031,801.114014
101,96,1601.0,801.089,1601.000031,801.088623
101,97,1603.0,801.062,1603.0,801.062378
101,98,1605.0,801.049,1605.000031,801.049133
101,99,1607.0,801.049,1607.000031,801.04895
101,100,1609.0,801.052,1609.000031,801.052307
101,101,1611.0,801.053,1611.0,801.052673
101,102,1613.0,801.043,1613.000031,801.043335
101,103,1615.0,801.023,1615.000031,801.022644
101,104,1617.0,800.994,1617.0,800.993774
101,105,1619.0,800.963,1619.000031,800.962891
101,106,1621.0,800.94,1621.000031,800.939758
101,107,1623.0,800.927,1623.000031,800.92749
101,108,1625.0,800.923,1625.0,800.922668
101,109,1627.0,800.927,1627.000031,800.92749
101,110,1629.0,800.951,1629.000031,800.9505
101,111,1631.0,800.997,1631.0,800.997437
101,112,1633.0,801.064,1633.000031,801.06427
101,113,1635.0,801.133,1635.000031,801.133179
101,114,1637.0,801.186,1637.000031,801.186157
101,115,1639.0,801.219,1639.0,801.218811
101,116,1641.0,801.236,1641.000031,801.236389
101,117,1643.0,801.243,1643.000031,801.243347
101,118,1645.0,801.238,1645.0,801.237854
101,119,1647.0,801.215,1647.000031,801.214722
101,120,1649.0,801.172,1649.000031,801.172485
101,121,1651.0,801.12,1651.000031,801.120178
101,122,1653.0,801.076,1653.0,801.075867
101,123,1655.0,801.052,1655.000031,801.051819
101,124,1657.0,801.052,1657.000031,801.051819
101,125,1659.0,801.072,1659.0,801.072083
101,126,1661.0,801.105,1661.000031,801.105103
101,127,1663.0,801.145,1663.0,801.145264
101,128,1665.0,801.188,1665.000061,801.188477
101,129,1667.0,801.228,1667.0,801.228088
101,130,1669.0,801.256,1669.0,801.255859
101,131,1671.0,801.269,1671.000061,801.269287
101,132,1673.0,801.269,1673.0,801.268616
101,133,1675.0,801.253,1675.0,801.252869
101,134,1677.0,801.222,1677.000061,801.222229
101,135,1679.0,801.181,1679.000061,801.181396
101,136,1681.0,801.141,1681.0,801.141357
101,137,1683.0,801.114,1683.0,801.11377
101,138,1685.0,801.101,1685.000061,801.100769
101,139,1687.0,801.097,1687.0,801.096863
101,140,1689.0,801.098,1689.0,801.097961
101,141,1691.0,801.1,1691.000061,801.100098
101,142,1693.0,801.1,1693.000061,801.09967
101,143,1695.0,801.094,1695.0,801.09436
101,144,1697.0,801.085,1697.0,801.085327
101,145,1699.0,801.078,1699.000061,801.077637
101,146,1701.0,801.074,1701.0,801.073608
101,147,1702.857,801.072,1702.857178,801.072144
101,148,1704.143,801.071,1704.142883,801.071411
102,0,1150.857,799.168,1150.857143,799.168457
102,1,1152.143,799.22,1152.142857,799.220398
102,2,1154.0,799.298,1154.0,799.298401
102,3,1156.0,799.391,1156.0,799.390625
102,4,1158.0,799.479,1158.0,799.479004
102,5,1160.0,799.567,1160.000001,799.567322
102,6,1162.0,799.665,1162.000001,799.664978
102,7,1164.0,799.776,1164.000001,799.775513
102,8,1166.0,799.89,1166.0,799.889587
102,9,1168.0,799.99,1168.000002,799.990417
102,10,1170.0,800.072,1170.000002,800.071838
102,11,1172.0,800.144,1172.0,800.143677
102,12,1174.0,800.224,1174.000002,800.224365
102,13,1176.0,800.317,1176.0,800.317078
102,14,1178.0,800.415,1178.000002,800.414734
102,15,1180.0,800.517,1180.000002,800.516846
102,16,1182.0,800.627,1182.000004,800.626953
102,17,1184.0,800.743,1184.0,800.743408
102,18,1186.0,800.853,1186.000004,800.853394
102,19,1188.0,800.938,1188.0,800.937744
102,20,1190.0,800.99,1190.000004,800.989563
102,21,1192.0,801.021,1192.000004,801.020691
102,22,1194.0,801.041,1194.000004,801.040955
102,23,1196.0,801.058,1196.0,801.058044
102,24,1198.0,801.117,1198.0,801.116943
102,25,1200.0,801.264,1200.000004,801.264404
102,26,1202.0,801.422,1202.000004,801.422363
102,27,1204.0,801.541,1204.0,801.54071
102,28,1206.0,801.568,1206.000004,801.568359
102,29,1208.0,801.551,1208.000004,801.551208
102,30,1210.0,801.593,1210.000004,801.59314
102,31,1212.0,801.685,1212.0,801.685181
102,32,1214.0,801.802,1214.0,801.802429
102,33,1216.0,801.91,1216.0,801.910156
102,34,1218.0,801.978,1218.0,801.9776
102,35,1220.0,801.996,1220.0,801.995972
102,36,1222.0,801.976,1222.000008,801.976135
102,37,1224.0,801.958,1224.000008,801.95813
102,38,1226.0,801.996,1226.0,801.995728
102,39,1228.0,802.125,1228.0,802.125183
102,40,1230.0,802.354,1230.0,802.354187
102,41,1232.0,802.612,1232.000008,802.612
102,42,1234.0,802.83,1234.0,802.829834
102,43,1236.0,802.956,1236.0,802.955872
102,44,1238.0,803.004,1238.000008,803.00354
102,45,1240.286,803.03,1240.285721,803.029907
102,46,1242.571,803.068,1242.571426,803.067627
102,47,1247.0,803.273,1247.000008,803.273376
102,48,1253.429,803.621,1253.428574,803.621277
102,49,1259.714,803.968,1259.714287,803.967773
102,50,1266.0,804.336,1266.000008,804.33606
102,51,1267.571,804.388,1267.571434,804.388306
103,0,1150.857,805.288,1150.857143,805.288147
103,1,1152.143,805.382,1152.142857,805.381897
103,2,1154.0,805.495,1154.0,805.495117
103,3,1156.0,805.592,1156.0,805.592346
103,4,1158.0,805.637,1158.0,805.636597
103,5,1160.0,805.655,1160.000001,805.654846
103,6,1162.0,805.675,1162.000001,805.674866
103,7,1164.0,805.712,1164.000001,805.712219
103,8,1166.0,805.773,1166.0,805.772522
103,9,1168.0,805.852,1168.000002,805.851746
103,10,1170.0,805.945,1170.000002,805.945374
103,11,1172.0,806.048,1172.0,806.047729
103,12,1174.0,806.153,1174.000002,806.153015
103,13,1176.0,806.259,1176.0,806.259399
103,14,1178.0,806.378,1178.000002,806.378418
103,15,1180.0,806.531,1180.000002,806.53064
103,16,1182.0,806.718,1182.000004,806.717529
103,17,1184.0,806.908,1184.0,806.908264
103,18,1186.0,807.057,1186.000004,807.057434
103,19,1188.0,807.148,1188.0,807.148071
103,20,1190.0,807.203,1190.000004,807.20282
103,21,1192.0,807.258,1192.000004,807.25824
103,22,1194.0,807.325,1194.000004,807.324768
103,23,1196.0,807.369,1196.0,807.368652
103,24,1198.0,807.341,1198.0,807.340515
103,25,1205.571,806.658,1205.57143,806.657959
103,26,1225.571,803.705,1225.571434,803.7052
103,27,1245.571,800.826,1245.571434,800.825745
103,28,1265.571,798.048,1265.571434,798.047729
103,29,1271.0,797.265,1271.0,797.265137
103,30,1272.857,797.276,1272.857155,797.276184
103,31,1274.143,797.249,1274.142876,797.248535
104,0,1440.857,808.55,1440.857147,808.549805
104,1,1442.143,808.566,1442.142883,808.565979
104,2,1444.0,808.545,1444.0,808.54541
104,3,1446.0,808.479,1446.0,808.47937
104,4,1448.0,808.434,1448.000031,808.433716
104,5,1450.0,808.404,1450.0,808.404419
104,6,1457.571,807.983,1457.571442,807.983398
104,7,1470.714,807.235,1470.714294,807.235107
104,8,1483.857,806.509,1483.857178,806.508728
104,9,1497.286,805.97,1497.285706,805.969604
104,10,1499.857,806.384,1499.857178,806.383789
104,11,1502.429,806.78,1502.428589,806.779785
104,12,1505.0,807.116,1505.000031,807.11554
104,13,1507.0,807.188,1507.000031,807.188416
104,14,1509.0,807.171,1509.000031,807.171143
104,15,1511.0,807.135,1511.0,807.135254
104,16,1513.0,807.105,1513.0,807.104736
104,17,1515.0,807.092,1515.000031,807.092285
104,18,1517.0,807.102,1517.000031,807.101624
104,19,1519.0,807.11,1519.0,807.110474
104,20,1521.0,807.107,1521.000031,807.106934
104,21,1523.0,807.12,1523.000031,807.119934
104,22,1525.0,807.17,1525.0,807.170105
104,23,1527.0,807.25,1527.0,807.25
104,24,1529.0,807.328,1529.000031,807.32843
104,25,1531.0,807.379,1531.000031,807.379333
104,26,1533.0,807.422,1533.0,807.422119
104,27,1535.0,807.459,1535.000031,807.458557
104,28,1537.0,807.467,1537.000031,807.467346
104,29,1539.0,807.433,1539.0,807.433472
104,30,1541.0,807.343,1541.0,807.342834
104,31,1543.0,807.172,1543.000031,807.171631
104,32,1548.143,807.295,1548.142883,807.2948
104,33,1553.286,807.386,1553.285767,807.385925
104,34,1558.429,807.484,1558.428589,807.484375
104,35,1562.0,807.466,1562.0,807.466248
104,36,1564.0,807.316,1564.000031,807.316467
104,37,1566.0,807.231,1566.000031,807.23053
104,38,1568.0,807.182,1568.0,807.182434
104,39,1570.0,807.163,1570.000031,807.163269
104,40,1572.0,807.192,1572.000031,807.191528
104,41,1574.0,807.311,1574.0,807.311462
104,42,1576.0,807.566,1576.0,807.566284
104,43,1578.714,807.906,1578.714294,807.906372
104,44,1582.143,808.024,1582.142883,808.024353
104,45,1585.571,807.89,1585.571472,807.890381
104,46,1590.571,807.612,1590.571442,807.612
104,47,1595.714,807.283,1595.714294,807.282532
104,48,1600.857,807.136,1600.857147,807.136108
104,49,1606.0,806.967,1606.000031,806.966675
104,50,1608.0,806.882,1608.000031,806.88208
104,51,1610.0,806.867,1610.0,806.866821
104,52,1612.0,806.94,1612.000031,806.940491
104,53,1614.0,807.071,1614.000031,807.07074
104,54,1616.0,807.187,1616.000031,807.187012
104,55,1618.0,807.235,1618.0,807.234985
104,56,1620.0,807.216,1620.000031,807.215881
104,57,1622.0,807.165,1622.000031,807.164551
104,58,1624.0,807.118,1624.0,807.118408
104,59,1626.0,807.095,1626.000031,807.095215
104,60,1628.0,807.08,1628.000031,807.080261
104,61,1630.0,807.058,1630.000031,807.057739
104,62,1632.0,807.035,1632.0,807.035339
104,63,1634.0,807.025,1634.000031,807.025085
104,64,1636.0,807.037,1636.000031,807.036926
104,65,1638.0,807.063,1638.0,807.06311
104,66,1640.0,807.088,1640.000031,807.087585
104,67,1642.0,807.107,1642.000031,807.107483
104,68,1644.0,807.134,1644.000031,807.134277
104,69,1646.0,807.174,1646.0,807.174072
104,70,1648.0,807.214,1648.000031,807.213745
104,71,1650.0,807.24,1650.000031,807.239624
104,72,1652.0,807.244,1652.0,807.244263
104,73,1654.0,807.236,1654.000031,807.235596
104,74,1656.0,807.23,1656.000031,807.229553
104,75,1658.0,807.227,1658.000031,807.22699
104,76,1660.0,807.214,1660.0,807.214172
104,77,1662.0,807.171,1662.0,807.170776
104,78,1664.0,807.088,1664.0,807.088318
104,79,1666.0,806.985,1666.0,806.985291
104,80,1668.0,806.903,1668.0,806.903259
104,81,1670.0,806.884,1670.000061,806.88385
104,82,1672.0,806.927,1672.000061,806.927429
104,83,1674.0,806.997,1674.0,806.997314
104,84,1676.0,807.048,1676.0,807.048157
104,85,1678.0,807.064,1678.000061,807.06366
104,86,1680.0,807.059,1680.0,807.058655
104,87,1682.0,807.05,1682.0,807.050354
104,88,1684.0,807.047,1684.000061,807.047363
104,89,1686.0,807.052,1686.000061,807.051636
104,90,1688.0,807.066,1688.0,807.066223
104,91,1690.0,807.089,1690.0,807.089294
104,92,1692.0,807.115,1692.000061,807.114563
104,93,1694.0,807.135,1694.0,807.135376
104,94,1696.0,807.15,1696.0,807.150146
104,95,1698.0,807.162,1698.000061,807.16217
104,96,1700.0,807.17,1700.000061,807.170288
104,97,1702.0,807.174,1702.0,807.174316
104,98,1703.571,807.176,1703.571411,807.176331
105,0,1416.857,817.194,1416.857147,817.193848
105,1,1418.143,816.794,1418.142853,816.794006
105,2,1420.0,816.245,1420.000031,816.245483
105,3,1422.0,815.692,1422.0,815.691956
105,4,1424.0,815.312,1424.000031,815.312378
105,5,1426.0,815.11,1426.0,815.109863
105,6,1428.0,815.026,1428.000031,815.026489
105,7,1430.0,815.017,1430.0,815.017395
105,8,1432.0,815.055,1432.0,815.055115
105,9,1434.0,815.107,1434.000031,815.107178
105,10,1436.0,815.146,1436.0,815.145935
105,11,1438.0,815.157,1438.000031,815.156738
105,12,1440.0,815.135,1440.0,815.134827
105,13,1442.0,815.083,1442.000031,815.083496
105,14,1444.0,815.027,1444.0,815.02655
105,15,1446.0,814.982,1446.0,814.981506
105,16,1448.0,814.951,1448.000031,814.9505
105,17,1450.0,814.923,1450.0,814.923279
105,18,1452.0,814.877,1452.000031,814.876953
105,19,1454.0,814.798,1454.0,814.79834
105,20,1456.0,814.703,1456.000031,814.703125
105,21,1458.0,814.61,1458.0,814.609802
105,22,1460.0,814.52,1460.000031,814.520447
105,23,1462.0,814.428,1462.0,814.427673
105,24,1464.0,814.334,1464.0,814.333984
105,25,1466.0,814.261,1466.000031,814.260864
105,26,1468.0,814.227,1468.0,814.226868
105,27,1470.0,814.222,1470.000031,814.221558
105,28,1472.0,814.213,1472.0,814.213013
105,29,1474.0,814.174,1474.000031,814.174316
105,30,1476.0,814.099,1476.0,814.099182
105,31,1478.0,814.008,1478.0,814.008057
105,32,1480.0,813.935,1480.000031,813.935486
105,33,1482.0,813.903,1482.0,813.902832
105,34,1484.0,813.906,1484.000031,813.905823
105,35,1486.0,813.927,1486.0,813.927185
105,36,1488.0,813.958,1488.000031,813.958252
105,37,1490.0,813.998,1490.0,813.997986
105,38,1492.0,814.04,1492.0,814.040039
105,39,1494.0,814.068,1494.000031,814.067932
105,40,1496.0,814.07,1496.0,814.070374
105,41,1498.0,814.049,1498.000031,814.049011
105,42,1500.0,814.018,1500.000031,814.018311
105,43,1502.0,813.99,1502.000031,813.990295
105,44,1504.0,813.96,1504.0,813.959534
105,45,1506.0,813.899,1506.0,813.898621
105,46,1508.0,813.799,1508.000031,813.798828
105,47,1510.0,813.683,1510.000031,813.682556
105,48,1512.0,813.598,1512.0,813.598328
105,49,1514.0,813.603,1514.000031,813.602722
105,50,1516.0,813.682,1516.000031,813.681519
105,51,1518.0,813.781,1518.0,813.780762
105,52,1520.0,813.857,1520.0,813.856567
105,53,1522.0,813.884,1522.000031,813.884338
105,54,1524.0,813.884,1524.000031,813.884216
105,55,1526.0,813.872,1526.0,813.872437
105,56,1528.0,813.842,1528.000031,813.84198
105,57,1530.0,813.797,1530.000031,813.797058
105,58,1532.0,813.751,1532.0,813.751221
105,59,1534.0,813.719,1534.0,813.718994
105,60,1536.0,813.707,1536.000031,813.706787
105,61,1538.0,813.709,1538.000031,813.709229
105,62,1540.0,813.723,1540.0,813.722839
105,63,1542.0,813.747,1542.000031,813.74707
105,64,1544.0,813.772,1544.000031,813.772095
105,65,1546.0,813.782,1546.0,813.781616
105,66,1548.0,813.769,1548.0,813.769409
105,67,1550.0,813.748,1550.000031,813.748413
105,68,1552.0,813.738,1552.000031,813.738281
105,69,1554.0,813.745,1554.0,813.744995
105,70,1556.0,813.758,1556.000031,813.758057
105,71,1558.0,813.763,1558.000031,813.763489
105,72,1560.0,813.76,1560.0,813.760376
105,73,1562.0,813.756,1562.0,813.755981
105,74,1564.0,813.755,1564.000031,813.755188
105,75,1566.0,813.757,1566.000031,813.756653
105,76,1568.0,813.756,1568.0,813.755554
105,77,1570.0,813.749,1570.000031,813.749023
105,78,1572.0,813.73,1572.000031,813.730347
105,79,1574.0,813.689,1574.0,813.689392
105,80,1576.0,813.629,1576.0,813.628662
105,81,1578.0,813.56,1578.000031,813.559814
105,82,1580.0,813.497,1580.000031,813.496521
105,83,1582.0,813.446,1582.0,813.446289
105,84,1584.0,813.407,1584.000031,813.407349
105,85,1586.0,813.383,1586.000031,813.383118
105,86,1588.0,813.38,1588.000031,813.379517
105,87,1590.0,813.397,1590.0,813.397278
105,88,1592.0,813.429,1592.000031,813.428589
105,89,1594.0,813.462,1594.000031,813.461731
105,90,1596.0,813.486,1596.0,813.486084
105,91,1598.0,813.498,1598.000031,813.498352
105,92,1600.0,813.5,1600.000031,813.499878
105,93,1602.0,813.498,1602.000031,813.497803
105,94,1604.0,813.51,1604.0,813.509888
105,95,1606.0,813.544,1606.000031,813.543823
105,96,1608.0,813.591,1608.000031,813.590637
105,97,1610.0,813.63,1610.0,813.630432
105,98,1612.0,813.646,1612.000031,813.64563
105,99,1614.0,813.642,1614.000031,813.641602
105,100,1616.0,813.636,1616.000031,813.635742
105,101,1618.0,813.637,1618.0,813.63678
105,102,1620.0,813.645,1620.000031,813.644714
105,103,1622.0,813.655,1622.000031,813.654785
105,104,1624.0,813.663,1624.0,813.663147
105,105,1626.0,813.665,1626.000031,813.665405
105,106,1628.0,813.652,1628.000031,813.652405
105,107,1630.0,813.621,1630.000031,813.620605
105,108,1632.0,813.58,1632.0,813.579956
105,109,1634.0,813.544,1634.000031,813.544312
105,110,1636.0,813.521,1636.000031,813.521057
105,111,1638.0,813.506,1638.0,813.506042
105,112,1640.0,813.495,1640.000031,813.495056
105,113,1642.0,813.493,1642.000031,813.492737
105,114,1644.0,813.509,1644.000031,813.508667
105,115,1646.0,813.547,1646.0,813.546875
105,116,1648.0,813.597,1648.000031,813.597412
105,117,1650.0,813.643,1650.000031,813.643066
105,118,1652.0,813.668,1652.0,813.667542
105,119,1654.0,813.665,1654.000031,813.665161
105,120,1656.0,813.647,1656.000031,813.646667
105,121,1658.0,813.624,1658.000031,813.623535
105,122,1660.0,813.592,1660.0,813.591736
105,123,1662.0,813.542,1662.0,813.542419
105,124,1664.0,813.48,1664.0,813.479614
105,125,1666.0,813.418,1666.0,813.418274
105,126,1668.0,813.379,1668.0,813.379272
105,127,1670.0,813.366,1670.000061,813.365906
105,128,1672.0,813.367,1672.000061,813.367065
105,129,1674.0,813.377,1674.0,813.376648
105,130,1676.0,813.392,1676.0,813.391846
105,131,1678.0,813.409,1678.000061,813.408997
105,132,1680.0,813.423,1680.0,813.423401
105,133,1682.0,813.432,1682.0,813.431519
105,134,1684.0,813.434,1684.000061,813.434448
105,135,1686.0,813.434,1686.000061,813.433533
105,136,1688.0,813.425,1688.0,813.425049
105,137,1690.0,813.406,1690.0,813.406067
105,138,1692.0,813.377,1692.000061,813.377441
105,139,1694.0,813.344,1694.0,813.344421
105,140,1696.0,813.315,1696.0,813.315308
105,141,1698.0,813.294,1698.000061,813.294434
105,142,1700.0,813.284,1700.000061,813.283508
105,143,1702.0,813.281,1702.0,813.28125
105,144,1703.571,813.282,1703.571411,813.282471
106,0,1150.857,812.185,1150.857143,812.184692
106,1,1152.143,812.198,1152.142857,812.197815
106,2,1154.0,812.225,1154.0,812.225281
106,3,1156.0,812.274,1156.0,812.274292
106,4,1158.0,812.346,1158.0,812.346436
106,5,1160.0,812.44,1160.000001,812.440186
106,6,1162.0,812.54,1162.000001,812.540222
106,7,1164.0,812.624,1164.000001,812.624207
106,8,1166.0,812.678,1166.0,812.678101
106,9,1168.0,812.708,1168.000002,812.707825
106,10,1170.0,812.735,1170.000002,812.734802
106,11,1172.0,812.78,1172.0,812.780029
106,12,1174.0,812.852,1174.000002,812.851624
106,13,1176.0,812.942,1176.0,812.941528
106,14,1178.0,813.046,1178.000002,813.046021
106,15,1180.0,813.187,1180.000002,813.186829
106,16,1182.0,813.391,1182.000004,813.391052
106,17,1184.0,813.619,1184.0,813.619385
106,18,1186.0,813.826,1186.000004,813.826172
106,19,1188.0,813.965,1188.0,813.964844
106,20,1190.0,814.045,1190.000004,814.045288
106,21,1192.0,814.112,1192.000004,814.112366
106,22,1194.0,814.179,1194.000004,814.178894
106,23,1196.0,814.233,1196.0,814.233215
106,24,1198.0,814.27,1198.0,814.269531
106,25,1200.0,814.319,1200.000004,814.318665
106,26,1202.571,814.401,1202.57143,814.400757
106,27,1205.143,814.494,1205.14286,814.49408
106,28,1207.714,814.627,1207.714291,814.627258
106,29,1210.0,814.75,1210.000004,814.749878
106,30,1212.0,814.865,1212.0,814.864868
106,31,1214.0,814.965,1214.0,814.96521
106,32,1216.0,815.039,1216.0,815.039001
106,33,1218.0,815.083,1218.0,815.083069
106,34,1220.0,815.094,1220.0,815.093872
106,35,1222.0,815.068,1222.000008,815.068176
106,36,1224.0,815.069,1224.000008,815.068787
106,37,1226.0,815.164,1226.0,815.164246
106,38,1228.0,815.312,1228.0,815.311768
106,39,1230.0,815.44,1230.0,815.440308
106,40,1232.0,815.52,1232.000008,815.519592
106,41,1234.0,815.559,1234.0,815.558655
106,42,1236.0,815.623,1236.0,815.622864
106,43,1238.0,815.736,1238.000008,815.736206
106,44,1240.0,815.887,1240.0,815.887146
106,45,1242.0,816.043,1242.0,816.042725
106,46,1244.0,816.161,1244.000008,816.16095
106,47,1246.0,816.247,1246.000008,816.24707
106,48,1248.0,816.353,1248.000008,816.353394
106,49,1250.0,816.5,1250.0,816.500427
106,50,1252.0,816.646,1252.000008,816.645996
106,51,1254.0,816.725,1254.000008,816.724609
106,52,1256.0,816.715,1256.0,816.715393
106,53,1258.0,816.684,1258.000008,816.684265
106,54,1260.0,816.701,1260.000008,816.701355
106,55,1262.0,816.81,1262.000008,816.810242
106,56,1264.0,816.952,1264.0,816.952148
106,57,1266.0,817.043,1266.000008,817.043152
106,58,1268.0,817.026,1268.000008,817.02594
106,59,1270.0,816.924,1270.0,816.923645
106,60,1272.0,816.822,1272.0,816.821899
106,61,1273.857,816.765,1273.857147,816.765259
106,62,1275.143,816.748,1275.14286,816.748291
107,0,1160.857,817.666,1160.857144,817.666199
107,1,1162.143,817.904,1162.142859,817.903687
107,2,1164.0,818.231,1164.000001,818.231262
107,3,1166.0,818.537,1166.0,818.536743
107,4,1168.0,818.786,1168.000002,818.786072
107,5,1170.0,818.961,1170.000002,818.960632
107,6,1172.0,819.094,1172.0,819.093689
107,7,1174.0,819.202,1174.000002,819.201538
107,8,1176.0,819.282,1176.0,819.282166
107,9,1178.0,819.323,1178.000002,819.323242
107,10,1180.0,819.332,1180.000002,819.331909
107,11,1182.0,819.345,1182.000004,819.345459
107,12,1184.0,819.394,1184.0,819.394348
107,13,1186.0,819.456,1186.000004,819.455872
107,14,1188.0,819.495,1188.0,819.494507
107,15,1190.0,819.478,1190.000004,819.477844
107,16,1192.0,819.453,1192.000004,819.453369
107,17,1193.857,819.467,1193.857147,819.467224
107,18,1195.143,819.502,1195.14286,819.502319
108,0,1460.857,831.507,1460.857147,831.506653
108,1,1470.286,831.429,1470.285736,831.429321
108,2,1482.429,831.291,1482.428589,831.290771
108,3,1499.143,829.527,1499.142883,829.527405
108,4,1514.286,826.586,1514.285736,826.585876
108,5,1525.143,823.241,1525.142853,823.240845
108,6,1536.0,820.169,1536.000031,820.16864
108,7,1538.0,820.015,1538.000031,820.014526
108,8,1550.0,820.333,1550.0,820.332642
108,9,1562.0,820.634,1562.000031,820.633667
108,10,1574.0,820.937,1574.000031,820.937439
108,11,1584.714,820.859,1584.714325,820.858887
108,12,1594.143,820.4,1594.142883,820.400391
108,13,1603.571,819.952,1603.571442,819.951782
108,14,1613.0,819.528,1613.000031,819.527954
108,15,1615.0,819.568,1615.000031,819.568176
108,16,1617.0,819.734,1617.0,819.734436
108,17,1619.0,819.955,1619.000031,819.955139
108,18,1621.0,820.125,1621.000031,820.125488
108,19,1623.0,820.201,1623.000031,820.200989
108,20,1625.0,820.176,1625.0,820.175537
108,21,1627.0,820.079,1627.000031,820.079346
108,22,1629.0,819.905,1629.000031,819.904663
108,23,1631.0,819.673,1631.0,819.673035
108,24,1633.0,819.45,1633.000031,819.449524
108,25,1635.0,819.308,1635.000031,819.307922
108,26,1637.0,819.269,1637.000031,819.268738
108,27,1639.0,819.285,1639.0,819.285095
108,28,1641.0,819.329,1641.000031,819.329224
108,29,1643.0,819.389,1643.000031,819.389099
108,30,1645.0,819.466,1645.0,819.465942
108,31,1647.0,819.564,1647.000031,819.563904
108,32,1649.0,819.679,1649.000031,819.679382
108,33,1651.0,819.798,1651.000031,819.798096
108,34,1653.0,819.903,1653.0,819.903137
108,35,1655.0,819.991,1655.000031,819.99054
108,36,1657.0,820.05,1657.000031,820.050171
108,37,1659.0,820.053,1659.0,820.052734
108,38,1661.0,819.971,1661.000031,819.97052
108,39,1663.0,819.818,1663.0,819.817871
108,40,1665.0,819.655,1665.000061,819.654785
108,41,1667.0,819.539,1667.0,819.538635
108,42,1669.0,819.493,1669.0,819.492859
108,43,1671.0,819.497,1671.000061,819.497498
108,44,1673.0,819.515,1673.0,819.515259
108,45,1675.0,819.511,1675.0,819.511475
108,46,1677.0,819.461,1677.000061,819.460815
108,47,1679.0,819.371,1679.000061,819.371399
108,48,1681.0,819.273,1681.0,819.273071
108,49,1683.0,819.201,1683.0,819.200745
108,50,1685.0,819.167,1685.000061,819.16687
108,51,1687.0,819.16,1687.0,819.1604
108,52,1689.0,819.166,1689.0,819.16571
108,53,1691.0,819.172,1691.000061,819.172119
108,54,1693.0,819.177,1693.000061,819.176941
108,55,1695.0,819.181,1695.0,819.181091
108,56,1697.0,819.183,1697.0,819.18335
108,57,1699.0,819.183,1699.000061,819.183105
108,58,1701.0,819.182,1701.0,819.181519
108,59,1702.857,819.179,1702.857178,819.179443
108,60,1704.143,819.178,1704.142883,819.178345
109,0,1150.857,825.349,1150.857143,825.348755
109,1,1152.143,825.36,1152.142857,825.360413
109,2,1154.0,825.376,1154.0,825.376221
109,3,1156.0,825.401,1156.0,825.401184
109,4,1158.0,825.44,1158.0,825.439575
109,5,1160.0,825.497,1160.000001,825.496521
109,6,1162.0,825.549,1162.000001,825.548584
109,7,1164.0,825.565,1164.000001,825.565369
109,8,1166.0,825.536,1166.0,825.536194
109,9,1168.0,825.482,1168.000002,825.481995
109,10,1170.0,825.433,1170.000002,825.4328
109,11,1172.0,825.415,1172.0,825.414612
109,12,1174.0,825.429,1174.000002,825.42926
109,13,1176.0,825.479,1176.0,825.478638
109,14,1178.0,825.568,1178.000002,825.568115
109,15,1180.0,825.708,1180.000002,825.70752
109,16,1182.0,825.888,1182.000004,825.887756
109,17,1184.0,826.055,1184.0,826.05542
109,18,1186.0,826.161,1186.000004,826.161377
109,19,1188.0,826.193,1188.0,826.192749
109,20,1190.0,826.184,1190.000004,826.183533
109,21,1192.0,826.189,1192.000004,826.188599
109,22,1194.0,826.227,1194.000004,826.226746
109,23,1196.0,826.292,1196.0,826.291931
109,24,1198.0,826.389,1198.0,826.38855
109,25,1200.0,826.509,1200.000004,826.50885
109,26,1202.0,826.628,1202.000004,826.628174
109,27,1204.857,828.079,1204.857147,828.078857
109,28,1207.714,829.252,1207.714291,829.251587
109,29,1210.571,830.264,1210.57143,830.263977
109,30,1213.0,830.388,1213.000004,830.388
109,31,1215.0,829.88,1215.0,829.879578
109,32,1217.0,829.44,1217.000008,829.439575
109,33,1219.0,829.127,1219.0,829.126587
109,34,1221.0,829.013,1221.0,829.013123
109,35,1223.0,829.023,1223.000008,829.023315
109,36,1225.0,829.02,1225.0,829.020081
109,37,1227.0,828.9,1227.0,828.900208
109,38,1229.0,828.658,1229.0,828.657715
109,39,1231.0,828.345,1231.0,828.34491
109,40,1233.0,827.996,1233.0,827.995911
109,41,1235.0,827.656,1235.0,827.656433
109,42,1237.0,827.371,1237.000008,827.370728
109,43,1239.0,827.224,1239.000008,827.223938
109,44,1241.0,827.315,1241.000008,827.314697
109,45,1243.0,827.486,1243.0,827.485657
109,46,1245.0,827.602,1245.000008,827.601929
109,47,1247.0,827.59,1247.000008,827.589722
109,48,1249.0,827.473,1249.0,827.472961
109,49,1251.0,827.406,1251.000008,827.405884
109,50,1253.0,827.397,1253.000008,827.396729
109,51,1255.0,827.415,1255.000008,827.415466
109,52,1257.0,827.482,1257.0,827.481567
109,53,1259.0,827.685,1259.000008,827.685486
109,54,1261.0,828.031,1261.000008,828.031494
109,55,1263.0,828.415,1263.0,828.415283
109,56,1265.0,828.75,1265.0,828.750183
109,57,1267.0,828.98,1267.000008,828.979614
109,58,1269.0,829.211,1269.000008,829.210754
109,59,1271.0,829.429,1271.0,829.42865
109,60,1294.286,829.682,1294.285721,829.682312
109,61,1338.857,829.947,1338.857147,829.94696
109,62,1385.286,829.836,1385.285736,829.836243
109,63,1433.571,829.382,1433.571472,829.381653
109,64,1439.286,828.743,1439.285706,828.74292
109,65,1445.0,828.073,1445.000031,828.072571
109,66,1447.0,828.052,1447.0,828.051575
109,67,1449.0,828.056,1449.000031,828.055786
109,68,1451.0,828.066,1451.0,828.066467
109,69,1453.0,828.034,1453.000031,828.034485
109,70,1455.0,827.851,1455.0,827.850769
109,71,1457.0,827.509,1457.0,827.508911
109,72,1459.0,827.093,1459.000031,827.093384
109,73,1461.0,826.742,1461.0,826.741577
109,74,1463.0,826.57,1463.000031,826.570251
109,75,1465.0,826.537,1465.0,826.53717
109,76,1467.0,826.57,1467.000031,826.570496
109,77,1469.0,826.639,1469.0,826.639465
109,78,1471.0,826.748,1471.0,826.747986
109,79,1473.0,826.861,1473.000031,826.861084
109,80,1475.0,826.926,1475.0,826.926086
109,81,1477.0,826.862,1477.000031,826.861816
109,82,1479.0,826.704,1479.0,826.704407
109,83,1481.0,826.607,1481.000031,826.607056
109,84,1483.0,826.639,1483.0,826.638916
109,85,1485.0,826.757,1485.0,826.757263
109,86,1487.0,826.883,1487.000031,826.883362
109,87,1489.0,826.914,1489.0,826.914185
109,88,1491.0,826.926,1491.000031,826.925903
109,89,1493.0,826.953,1493.000031,826.952881
109,90,1495.0,826.968,1495.000031,826.968079
109,91,1497.0,826.958,1497.0,826.958496
109,92,1499.0,826.945,1499.0,826.945374
109,93,1501.0,826.914,1501.000031,826.913696
109,94,1503.0,826.819,1503.0,826.818848
109,95,1505.0,826.642,1505.000031,826.641663
109,96,1507.0,826.438,1507.000031,826.438049
109,97,1509.0,826.309,1509.000031,826.309448
109,98,1511.0,826.322,1511.0,826.321655
109,99,1513.0,826.395,1513.0,826.394592
109,100,1515.0,826.442,1515.000031,826.441528
109,101,1517.0,826.439,1517.000031,826.439087
109,102,1519.0,826.428,1519.0,826.428345
109,103,1521.0,826.45,1521.000031,826.449829
109,104,1523.0,826.48,1523.000031,826.480347
109,105,1525.0,826.664,1525.0,826.663879
109,106,1527.0,826.909,1527.0,826.908936
109,107,1529.0,826.921,1529.000031,826.920837
109,108,1531.0,826.804,1531.000031,826.803894
109,109,1533.0,826.402,1533.0,826.402283
109,110,1535.0,826.162,1535.000031,826.161926
109,111,1537.0,826.092,1537.000031,826.092224
109,112,1539.0,826.105,1539.0,826.105042
109,113,1541.0,826.167,1541.0,826.16748
109,114,1543.0,826.248,1543.000031,826.248047
109,115,1545.0,826.32,1545.000031,826.31958
109,116,1547.0,826.377,1547.0,826.377258
109,117,1549.0,826.449,1549.000031,826.448853
109,118,1551.0,826.617,1551.000031,826.616943
109,119,1555.571,826.552,1555.571411,826.551514
109,120,1560.143,826.394,1560.142883,826.394165
109,121,1564.714,826.095,1564.714325,826.095337
109,122,1568.0,825.794,1568.0,825.794067
109,123,1570.0,825.677,1570.000031,825.677368
109,124,1572.0,825.645,1572.000031,825.644897
109,125,1574.0,825.692,1574.0,825.692261
109,126,1576.0,825.768,1576.0,825.768372
109,127,1578.0,825.849,1578.000031,825.848511
109,128,1580.0,825.92,1580.000031,825.919739
109,129,1582.0,825.974,1582.0,825.973755
109,130,1584.0,826.007,1584.000031,826.006958
109,131,1586.0,826.002,1586.000031,826.002075
109,132,1588.0,825.955,1588.000031,825.955444
109,133,1590.0,825.876,1590.0,825.87616
109,134,1592.0,825.792,1592.000031,825.791504
109,135,1594.0,825.738,1594.000031,825.738342
109,136,1596.0,825.741,1596.0,825.741394
109,137,1598.0,825.856,1598.000031,825.856384
109,138,1600.0,826.084,1600.000031,826.084167
109,139,1602.0,826.302,1602.000031,826.301697
109,140,1604.0,826.427,1604.0,826.426819
109,141,1606.0,826.425,1606.000031,826.424744
109,142,1608.0,826.37,1608.000031,826.370422
109,143,1610.0,826.328,1610.0,826.328064
109,144,1612.0,826.257,1612.000031,826.257263
109,145,1614.0,826.137,1614.000031,826.137329
109,146,1616.0,825.99,1616.000031,825.990295
109,147,1618.0,825.854,1618.0,825.853638
109,148,1620.0,825.749,1620.000031,825.749084
109,149,1622.0,825.686,1622.000031,825.685547
109,150,1624.0,825.672,1624.0,825.672485
109,151,1626.0,825.696,1626.000031,825.696289
109,152,1628.0,825.728,1628.000031,825.728027
109,153,1630.0,825.738,1630.000031,825.73822
109,154,1632.0,825.732,1632.0,825.731567
109,155,1634.0,825.726,1634.000031,825.726013
109,156,1636.0,825.723,1636.000031,825.7229
109,157,1638.0,825.713,1638.0,825.71283
109,158,1640.0,825.689,1640.000031,825.688782
109,159,1642.0,825.65,1642.000031,825.649536
109,160,1644.0,825.608,1644.000031,825.608093
109,161,1646.0,825.588,1646.0,825.587646
109,162,1648.0,825.599,1648.000031,825.598572
109,163,1650.0,825.633,1650.000031,825.632812
109,164,1652.0,825.667,1652.0,825.66687
109,165,1654.0,825.683,1654.000031,825.682739
109,166,1656.0,825.684,1656.000031,825.684082
109,167,1658.0,825.677,1658.000031,825.676575
109,168,1660.0,825.666,1660.0,825.665649
109,169,1662.0,825.655,1662.0,825.654663
109,170,1664.0,825.644,1664.0,825.64447
109,171,1666.0,825.643,1666.0,825.643066
109,172,1668.0,825.657,1668.0,825.656982
109,173,1670.0,825.68,1670.000061,825.679871
109,174,1672.0,825.699,1672.000061,825.699341
109,175,1674.0,825.713,1674.0,825.71344
109,176,1676.0,825.739,1676.0,825.739319
109,177,1678.0,825.782,1678.000061,825.782043
109,178,1680.0,825.825,1680.0,825.824951
109,179,1682.0,825.843,1682.0,825.843262
109,180,1684.0,825.825,1684.000061,825.825317
109,181,1686.0,825.789,1686.000061,825.789307
109,182,1688.0,825.76,1688.0,825.760498
109,183,1690.0,825.749,1690.0,825.748657
109,184,1692.0,825.746,1692.000061,825.745972
109,185,1694.0,825.737,1694.0,825.737244
109,186,1696.0,825.718,1696.0,825.717529
109,187,1698.0,825.694,1698.000061,825.694153
109,188,1700.0,825.679,1700.000061,825.67865
109,189,1702.0,825.674,1702.0,825.674194
109,190,1703.571,825.675,1703.571411,825.674927
110,0,1615.857,830.983,1615.857178,830.982666
110,1,1617.143,831.245,1617.142853,831.244995
110,2,1619.0,831.528,1619.000031,831.52771
110,3,1621.0,831.621,1621.000031,831.62146
110,4,1623.0,831.516,1623.000031,831.516052
110,5,1625.0,831.321,1625.0,831.321167
110,6,1627.0,831.259,1627.000031,831.25946
110,7,1629.0,831.385,1629.000031,831.384949
110,8,1631.0,831.68,1631.0,831.679565
110,9,1633.0,831.953,1633.000031,831.952637
110,10,1635.0,832.071,1635.000031,832.071228
110,11,1637.0,832.059,1637.000031,832.058594
110,12,1639.0,831.902,1639.0,831.901855
110,13,1641.0,831.678,1641.000031,831.677979
110,14,1643.0,831.438,1643.000031,831.437988
110,15,1645.0,831.198,1645.0,831.198242
110,16,1647.0,830.93,1647.000031,830.92981
110,17,1649.0,830.616,1649.000031,830.615723
110,18,1652.429,830.418,1652.428619,830.418396
110,19,1657.286,830.415,1657.285767,830.415161
110,20,1662.143,830.559,1662.142883,830.558777
110,21,1667.0,830.774,1667.0,830.773926
110,22,1669.0,830.852,1669.0,830.851562
110,23,1671.0,830.895,1671.000061,830.894775
110,24,1673.0,830.904,1673.0,830.903748
110,25,1675.0,830.937,1675.0,830.936584
110,26,1677.0,831.177,1677.000061,831.177429
110,27,1679.0,831.593,1679.000061,831.592896
110,28,1681.0,831.971,1681.0,831.971008
110,29,1683.0,832.143,1683.0,832.143433
110,30,1685.0,831.968,1685.000061,831.967896
110,31,1687.0,831.717,1687.0,831.717224
110,32,1689.0,831.547,1689.0,831.547058
110,33,1691.0,831.489,1691.000061,831.489014
110,34,1693.0,831.477,1693.000061,831.476746
110,35,1695.0,831.459,1695.0,831.458679
110,36,1697.0,831.43,1697.0,831.429626
110,37,1699.0,831.407,1699.000061,831.40741
110,38,1701.0,831.405,1701.0,831.404846
110,39,1702.857,831.412,1702.857178,831.411865
110,40,1704.143,831.419,1704.142883,831.419312
111,0,1164.857,829.908,1164.857143,829.907837
111,1,1166.143,830.29,1166.142857,830.289978
111,2,1168.0,830.693,1168.000002,830.692505
111,3,1170.0,830.89,1170.000002,830.890259
111,4,1172.0,830.928,1172.0,830.928467
111,5,1174.0,830.922,1174.000002,830.922424
111,6,1176.0,830.901,1176.0,830.901123
111,7,1178.0,830.845,1178.000002,830.844971
111,8,1180.0,830.765,1180.000002,830.764771
111,9,1182.0,830.749,1182.000004,830.748962
111,10,1184.0,830.916,1184.0,830.915894
111,11,1186.0,831.168,1186.000004,831.168396
111,12,1188.0,831.304,1188.0,831.304321
111,13,1193.143,831.499,1193.14286,831.498962
111,14,1198.286,831.85,1198.285717,831.849609
111,15,1203.429,832.603,1203.428574,832.60321
111,16,1209.571,835.031,1209.57143,835.031494
111,17,1214.143,836.404,1214.14286,836.404175
111,18,1218.429,837.51,1218.428574,837.510376
111,19,1221.429,836.825,1221.428574,836.825195
111,20,1223.143,835.277,1223.14286,835.276855
111,21,1225.286,834.332,1225.285713,834.331604
111,22,1227.857,833.818,1227.857147,833.817871
111,23,1230.429,833.249,1230.428574,833.248657
111,24,1233.0,832.75,1233.0,832.749878
111,25,1235.0,832.708,1235.0,832.708008
111,26,1237.0,832.789,1237.000008,832.788879
111,27,1238.571,832.877,1238.571442,832.87738
112,0,1150.857,836.029,1150.857143,836.028992
112,1,1152.143,836.067,1152.142857,836.066528
112,2,1154.0,836.106,1154.0,836.105713
112,3,1156.0,836.154,1156.0,836.15448
112,4,1158.0,836.262,1158.0,836.261597
112,5,1160.0,836.531,1160.000001,836.530884
112,6,1162.0,836.911,1162.000001,836.911194
112,7,1164.0,837.217,1164.000001,837.217407
112,8,1166.0,837.29,1166.0,837.289856
112,9,1168.0,837.146,1168.000002,837.146423
112,10,1170.0,836.933,1170.000002,836.932922
112,11,1172.0,836.797,1172.0,836.797302
112,12,1174.0,836.767,1174.000002,836.767334
112,13,1176.0,836.856,1176.0,836.856262
112,14,1178.0,837.034,1178.000002,837.033508
112,15,1180.0,837.303,1180.000002,837.303223
112,16,1182.0,837.599,1182.000004,837.599121
112,17,1184.0,837.836,1184.0,837.836121
112,18,1186.0,837.996,1186.000004,837.995911
112,19,1188.0,838.058,1188.0,838.05835
112,20,1190.0,838.078,1190.000004,838.078491
112,21,1192.0,838.098,1192.000004,838.098022
112,22,1194.0,838.118,1194.000004,838.117676
112,23,1196.0,838.116,1196.0,838.116272
112,24,1198.0,838.059,1198.0,838.058594
112,25,1200.857,838.183,1200.857143,838.182678
112,26,1203.714,838.587,1203.714287,838.586914
112,27,1206.571,839.045,1206.571434,839.044556
112,28,1209.0,839.401,1209.000004,839.401001
112,29,1211.0,839.296,1211.0,839.295715
112,30,1213.0,839.064,1213.000004,839.063721
112,31,1215.571,839.064,1215.571434,839.063599
112,32,1218.714,839.25,1218.714287,839.25
112,33,1221.857,839.492,1221.857147,839.491577
112,34,1225.0,839.643,1225.0,839.643127
112,35,1226.571,839.577,1226.571434,839.57666
113,0,1426.857,841.631,1426.857147,841.630798
113,1,1428.143,841.496,1428.142883,841.495605
113,2,1430.0,841.277,1430.0,841.277283
113,3,1433.143,841.209,1433.142853,841.208801
113,4,1436.286,841.228,1436.285736,841.228271
113,5,1439.429,841.289,1439.428589,841.288635
113,6,1442.0,841.242,1442.000031,841.242249
113,7,1444.0,840.91,1444.0,840.909729
113,8,1446.0,840.343,1446.0,840.342896
113,9,1448.0,839.687,1448.000031,839.687195
113,10,1450.0,839.16,1450.0,839.1604
113,11,1452.0,838.877,1452.000031,838.877197
113,12,1454.0,838.858,1454.0,838.858337
113,13,1456.0,838.952,1456.000031,838.952148
113,14,1458.0,839.08,1458.0,839.079834
113,15,1460.0,839.228,1460.000031,839.227905
113,16,1462.0,839.39,1462.0,839.390198
113,17,1464.0,839.542,1464.0,839.542297
113,18,1466.0,839.646,1466.000031,839.645569
113,19,1468.0,839.678,1468.0,839.677856
113,20,1470.0,839.659,1470.000031,839.658997
113,21,1472.0,839.605,1472.0,839.604797
113,22,1474.0,839.462,1474.000031,839.462158
113,23,1476.0,839.238,1476.0,839.238281
113,24,1478.0,839.011,1478.0,839.011475
113,25,1480.0,838.851,1480.000031,838.851196
113,26,1482.0,838.794,1482.0,838.793518
113,27,1484.0,838.79,1484.000031,838.789734
113,28,1486.0,838.783,1486.0,838.782532
113,29,1488.0,838.761,1488.000031,838.760986
113,30,1490.0,838.725,1490.0,838.725159
113,31,1492.0,838.668,1492.0,838.668213
113,32,1494.0,838.601,1494.000031,838.600525
113,33,1496.0,838.555,1496.0,838.554626
113,34,1498.0,838.548,1498.000031,838.547607
113,35,1500.0,838.568,1500.000031,838.568298
113,36,1502.0,838.613,1502.000031,838.612732
113,37,1504.0,838.683,1504.0,838.682617
113,38,1506.0,838.72,1506.0,838.719604
113,39,1508.0,838.66,1508.000031,838.659912
113,40,1510.0,838.499,1510.000031,838.498962
113,41,1512.0,838.28,1512.0,838.279785
113,42,1514.0,838.1,1514.000031,838.100403
113,43,1516.0,838.011,1516.000031,838.011292
113,44,1518.0,837.982,1518.0,837.981812
113,45,1520.0,837.997,1520.0,837.996582
113,46,1522.0,838.059,1522.000031,838.059265
113,47,1524.0,838.155,1524.000031,838.155029
113,48,1526.0,838.248,1526.0,838.248474
113,49,1528.0,838.295,1528.000031,838.295105
113,50,1530.0,838.281,1530.000031,838.280823
113,51,1532.0,838.237,1532.0,838.236511
113,52,1534.0,838.19,1534.0,838.19043
113,53,1536.0,838.137,1536.000031,838.137451
113,54,1538.0,838.061,1538.000031,838.061096
113,55,1540.0,837.968,1540.0,837.96814
113,56,1542.0,837.896,1542.000031,837.895752
113,57,1544.0,837.881,1544.000031,837.881165
113,58,1546.0,837.948,1546.0,837.947693
113,59,1548.0,838.107,1548.0,838.106934
113,60,1550.0,838.343,1550.000031,838.342957
113,61,1552.0,838.587,1552.000031,838.586853
113,62,1554.0,838.781,1554.0,838.780701
113,63,1556.0,838.881,1556.000031,838.881409
113,64,1558.0,838.904,1558.000031,838.90448
113,65,1560.0,838.889,1560.0,838.888733
113,66,1562.0,838.841,1562.0,838.841125
113,67,1564.0,838.746,1564.000031,838.74585
113,68,1566.0,838.581,1566.000031,838.580811
113,69,1568.0,838.376,1568.0,838.375977
113,70,1570.0,838.166,1570.000031,838.165588
113,71,1572.0,838.019,1572.000031,838.019287
113,72,1574.0,837.969,1574.0,837.969238
113,73,1576.0,837.988,1576.0,837.988403
113,74,1578.0,838.049,1578.000031,838.04895
113,75,1580.0,838.09,1580.000031,838.090027
113,76,1582.0,838.06,1582.0,838.060486
113,77,1584.0,837.944,1584.000031,837.944092
113,78,1586.0,837.758,1586.000031,837.757507
113,79,1588.0,837.556,1588.000031,837.555969
113,80,1590.0,837.384,1590.0,837.38385
113,81,1592.0,837.253,1592.000031,837.253296
113,82,1594.0,837.169,1594.000031,837.169128
113,83,1596.0,837.152,1596.0,837.152466
113,84,1598.0,837.229,1598.000031,837.228699
113,85,1600.0,837.368,1600.000031,837.368103
113,86,1602.0,837.505,1602.000031,837.505432
113,87,1604.0,837.601,1604.0,837.600586
113,88,1606.0,837.647,1606.000031,837.646545
113,89,1608.0,837.671,1608.000031,837.670898
113,90,1610.0,837.691,1610.0,837.691345
113,91,1612.0,837.732,1612.000031,837.7323
113,92,1614.0,837.825,1614.000031,837.825439
113,93,1616.0,837.957,1616.000031,837.957092
113,94,1618.0,838.086,1618.0,838.085632
113,95,1620.0,838.153,1620.000031,838.153442
113,96,1622.0,838.14,1622.000031,838.140137
113,97,1624.0,838.085,1624.0,838.085449
113,98,1626.0,838.025,1626.000031,838.025452
113,99,1628.0,837.979,1628.000031,837.97937
113,100,1630.0,837.942,1630.000031,837.941833
113,101,1632.0,837.901,1632.0,837.901428
113,102,1634.0,837.865,1634.000031,837.865234
113,103,1636.0,837.836,1636.000031,837.835999
113,104,1638.0,837.806,1638.0,837.80603
113,105,1640.0,837.768,1640.000031,837.768005
113,106,1642.0,837.723,1642.000031,837.72345
113,107,1644.0,837.671,1644.000031,837.670532
113,108,1646.0,837.604,1646.0,837.604065
113,109,1648.0,837.533,1648.000031,837.532593
113,110,1650.0,837.471,1650.000031,837.471497
113,111,1652.0,837.445,1652.0,837.445435
113,112,1654.0,837.462,1654.000031,837.46228
113,113,1656.0,837.51,1656.000031,837.509644
113,114,1658.0,837.566,1658.000031,837.565857
113,115,1660.0,837.616,1660.0,837.615906
113,116,1662.0,837.649,1662.0,837.648682
113,117,1664.0,837.664,1664.0,837.664124
113,118,1666.0,837.669,1666.0,837.668701
113,119,1668.0,837.662,1668.0,837.662048
113,120,1670.0,837.644,1670.000061,837.643555
113,121,1672.0,837.611,1672.000061,837.611267
113,122,1674.0,837.554,1674.0,837.554016
113,123,1676.0,837.472,1676.0,837.471558
113,124,1678.0,837.383,1678.000061,837.382629
113,125,1680.0,837.324,1680.0,837.323547
113,126,1682.0,837.324,1682.0,837.324219
113,127,1684.0,837.383,1684.000061,837.382568
113,128,1686.0,837.456,1686.000061,837.456055
113,129,1688.0,837.496,1688.0,837.496155
113,130,1690.0,837.491,1690.0,837.49115
113,131,1691.714,838.231,1691.714355,838.231079
113,132,1693.143,839.024,1693.142883,839.023865
113,133,1694.286,839.876,1694.285767,839.876404
113,134,1695.286,839.988,1695.285706,839.987732
113,135,1696.286,840.066,1696.285706,840.06604
113,136,1697.286,840.11,1697.285706,840.109741
113,137,1698.286,840.136,1698.285767,840.135864
113,138,1699.286,840.151,1699.285767,840.15094
113,139,1700.286,840.159,1700.285706,840.158691
113,140,1701.286,840.162,1701.285767,840.16217
113,141,1702.286,840.163,1702.285706,840.163391
113,142,1703.286,840.164,1703.285706,840.163757
113,143,1704.143,841.071,1704.142883,841.071167
113,144,1704.714,841.979,1704.714294,841.978577
114,0,1150.857,849.469,1150.857143,849.468872
114,1,1152.143,849.482,1152.142857,849.482239
114,2,1154.0,849.481,1154.0,849.480774
114,3,1156.0,849.454,1156.0,849.454224
114,4,1158.0,849.403,1158.0,849.402954
114,5,1160.0,849.365,1160.000001,849.364929
114,6,1161.714,849.963,1161.714287,849.962524
114,7,1163.143,850.606,1163.142859,850.605652
114,8,1164.286,851.287,1164.285715,851.286621
114,9,1165.286,851.384,1165.285714,851.384338
114,10,1166.286,851.481,1166.285715,851.481445
114,11,1167.286,851.563,1167.285713,851.562927
114,12,1168.286,851.607,1168.285715,851.606934
114,13,1169.571,851.172,1169.57143,851.172424
114,14,1171.143,850.748,1171.142859,850.747925
114,15,1173.0,850.343,1173.000002,850.343079
114,16,1175.0,850.405,1175.000002,850.404968
114,17,1177.0,850.451,1177.000002,850.451111
114,18,1179.0,850.509,1179.000002,850.509399
114,19,1181.0,850.572,1181.000002,850.572388
114,20,1183.0,850.607,1183.000004,850.606567
114,21,1185.0,850.578,1185.0,850.577515
114,22,1187.0,850.514,1187.0,850.514221
114,23,1189.0,850.468,1189.0,850.46814
114,24,1191.0,850.493,1191.0,850.492859
114,25,1193.0,850.553,1193.000004,850.552979
114,26,1195.0,850.597,1195.0,850.597351
114,27,1200.143,852.528,1200.14286,852.527649
114,28,1205.286,854.011,1205.285717,854.010986
114,29,1210.286,855.461,1210.285713,855.460571
114,30,1213.143,855.886,1213.142857,855.885742
115,0,1479.857,857.768,1479.857147,857.768433
115,1,1481.143,858.15,1481.142883,858.149841
115,2,1483.0,858.567,1483.0,858.567078
115,3,1488.857,858.269,1488.857147,858.268555
115,4,1498.571,857.249,1498.571442,857.248779
115,5,1510.571,855.682,1510.571442,855.682129
115,6,1527.429,853.372,1527.428619,853.372192
115,7,1536.571,852.052,1536.571472,852.051819
115,8,1545.714,850.871,1545.714294,850.871277
115,9,1549.0,850.678,1549.000031,850.677612
115,10,1551.0,850.745,1551.000031,850.744751
115,11,1553.0,850.882,1553.0,850.881592
115,12,1555.0,851.27,1555.0,851.269653
115,13,1557.0,851.953,1557.000031,851.953064
115,14,1559.0,852.692,1559.000031,852.692444
115,15,1561.0,853.373,1561.0,853.372559
115,16,1563.0,853.743,1563.000031,853.743408
115,17,1565.0,853.911,1565.000031,853.91095
115,18,1567.0,853.891,1567.0,853.891296
115,19,1569.0,853.717,1569.0,853.716553
115,20,1571.0,853.547,1571.000031,853.546631
115,21,1573.0,853.413,1573.000031,853.413208
115,22,1575.0,853.266,1575.0,853.265869
115,23,1577.0,853.051,1577.000031,853.051086
115,24,1579.0,852.821,1579.000031,852.820557
115,25,1581.0,852.744,1581.000031,852.743774
115,26,1583.0,852.831,1583.0,852.83136
115,27,1585.0,852.929,1585.000031,852.928772
115,28,1587.0,852.886,1587.000031,852.88562
115,29,1589.0,852.699,1589.0,852.699402
115,30,1591.0,852.472,1591.000031,852.471558
115,31,1593.0,852.304,1593.000031,852.303711
115,32,1595.0,852.209,1595.000031,852.208557
115,33,1597.0,852.164,1597.0,852.164246
115,34,1599.0,852.174,1599.000031,852.173645
115,35,1601.0,852.248,1601.000031,852.247803
115,36,1603.0,852.335,1603.0,852.335327
115,37,1605.0,852.361,1605.000031,852.361328
115,38,1607.0,852.312,1607.000031,852.312256
115,39,1609.0,852.226,1609.000031,852.225952
115,40,1611.0,852.183,1611.0,852.183167
115,41,1613.0,852.183,1613.000031,852.182556
115,42,1615.0,851.825,1615.000031,851.824524
115,43,1617.0,851.335,1617.0,851.335144
115,44,1619.0,850.797,1619.000031,850.797119
115,45,1621.0,850.454,1621.000031,850.454224
115,46,1623.0,850.414,1623.000031,850.413513
115,47,1625.0,850.427,1625.0,850.426636
115,48,1627.0,850.442,1627.000031,850.442139
115,49,1629.0,850.465,1629.000031,850.464966
115,50,1631.0,850.512,1631.0,850.512146
115,51,1633.0,850.553,1633.000031,850.553162
115,52,1635.0,850.588,1635.000031,850.587769
115,53,1637.0,850.61,1637.000031,850.610291
115,54,1639.0,850.627,1639.0,850.627258
115,55,1641.0,850.683,1641.000031,850.683411
115,56,1643.0,850.775,1643.000031,850.775391
115,57,1645.0,850.872,1645.0,850.871643
115,58,1647.0,850.985,1647.000031,850.985046
115,59,1649.0,851.08,1649.000031,851.079651
115,60,1651.0,851.151,1651.000031,851.151123
115,61,1653.0,851.201,1653.0,851.201172
115,62,1655.0,851.214,1655.000031,851.213867
115,63,1657.0,851.176,1657.000031,851.175537
115,64,1659.0,851.064,1659.0,851.06427
115,65,1661.0,850.856,1661.000031,850.85614
115,66,1663.0,850.626,1663.0,850.626465
115,67,1665.0,850.451,1665.000061,850.450867
115,68,1667.0,850.411,1667.0,850.411072
115,69,1669.0,850.668,1669.0,850.66803
115,70,1671.0,851.07,1671.000061,851.070374
115,71,1673.0,851.388,1673.0,851.387878
115,72,1675.0,851.498,1675.0,851.497559
115,73,1677.0,851.282,1677.000061,851.28186
115,74,1679.0,850.949,1679.000061,850.949402
115,75,1681.0,850.645,1681.0,850.645081
115,76,1683.0,850.392,1683.0,850.391846
115,77,1685.0,850.241,1685.000061,850.241333
115,78,1687.0,850.16,1687.0,850.160217
115,79,1689.0,850.121,1689.0,850.12146
115,80,1691.0,850.116,1691.000061,850.115845
115,81,1693.0,850.109,1693.000061,850.108643
115,82,1695.0,850.081,1695.0,850.081299
115,83,1697.0,850.041,1697.0,850.040955
115,84,1699.0,850.003,1699.000061,850.002869
115,85,1701.0,849.976,1701.0,849.976379
115,86,1702.857,849.96,1702.857178,849.960266
115,87,1704.143,849.949,1704.142883,849.949341
116,0,1486.857,851.3,1486.857147,851.299805
116,1,1488.143,851.08,1488.142883,851.079834
116,2,1490.0,850.856,1490.0,850.856079
116,3,1492.0,850.765,1492.0,850.765259
116,4,1494.0,850.836,1494.000031,850.836121
116,5,1496.0,850.984,1496.0,850.984375
116,6,1498.0,851.134,1498.000031,851.134216
116,7,1500.0,851.184,1500.000031,851.183838
116,8,1502.0,851.067,1502.000031,851.067322
116,9,1504.0,850.849,1504.0,850.848938
116,10,1506.0,850.637,1506.0,850.636719
116,11,1508.0,850.503,1508.000031,850.503113
116,12,1510.0,850.47,1510.000031,850.470276
116,13,1512.0,850.505,1512.0,850.505127
116,14,1514.0,850.601,1514.000031,850.600586
116,15,1516.0,850.841,1516.000031,850.840698
116,16,1518.0,851.291,1518.0,851.290649
116,17,1520.0,851.653,1520.0,851.652893
116,18,1522.0,851.865,1522.000031,851.865173
116,19,1524.0,851.836,1524.000031,851.835693
116,20,1526.0,851.758,1526.0,851.75769
116,21,1528.0,851.77,1528.000031,851.770142
116,22,1530.0,851.848,1530.000031,851.847534
116,23,1532.143,851.956,1532.142853,851.956238
116,24,1534.429,852.083,1534.428589,852.082886
116,25,1536.714,852.183,1536.714325,852.182922
116,26,1539.0,852.223,1539.0,852.222656
116,27,1540.857,852.105,1540.857147,852.104736
116,28,1542.143,851.969,1542.142853,851.968689
117,0,1377.857,855.894,1377.857162,855.893616
117,1,1379.143,856.199,1379.142868,856.198669
117,2,1381.0,856.53,1381.000015,856.529846
117,3,1383.0,856.823,1383.000015,856.823425
117,4,1385.0,856.963,1385.000015,856.962952
117,5,1388.857,856.167,1388.857132,856.167236
117,6,1394.571,854.411,1394.571442,854.411377
117,7,1400.286,852.917,1400.285736,852.917297
117,8,1406.0,851.831,1406.000031,851.830627
117,9,1408.0,852.543,1408.0,852.542664
117,10,1418.286,856.263,1418.285736,856.263367
117,11,1428.571,859.509,1428.571442,859.508911
117,12,1438.857,862.712,1438.857147,862.712219
117,13,1445.0,864.474,1445.000031,864.474304
117,14,1447.0,864.68,1447.0,864.679688
117,15,1449.0,864.706,1449.000031,864.706421
117,16,1451.0,864.51,1451.0,864.509705
117,17,1455.429,864.048,1455.428589,864.047913
117,18,1462.286,863.462,1462.285706,863.461731
117,19,1469.143,863.035,1469.142883,863.034851
117,20,1476.0,862.731,1476.0,862.730591
117,21,1478.0,862.769,1478.0,862.768799
117,22,1480.0,862.75,1480.000031,862.749573
117,23,1482.0,862.691,1482.0,862.691467
117,24,1484.0,862.634,1484.000031,862.634033
117,25,1486.0,862.609,1486.0,862.609497
117,26,1488.0,862.594,1488.000031,862.593506
117,27,1490.0,862.534,1490.0,862.533752
117,28,1492.0,862.408,1492.0,862.408142
117,29,1494.0,862.24,1494.000031,862.240173
117,30,1496.0,862.077,1496.0,862.076599
117,31,1498.0,861.947,1498.000031,861.947021
117,32,1500.0,861.864,1500.000031,861.863586
117,33,1502.0,861.848,1502.000031,861.847534
117,34,1504.0,861.947,1504.0,861.946655
117,35,1506.0,862.154,1506.0,862.154358
117,36,1508.0,862.373,1508.000031,862.372986
117,37,1510.0,862.534,1510.000031,862.533508
117,38,1512.571,862.524,1512.571442,862.524353
117,39,1515.714,862.408,1515.714294,862.40802
117,40,1518.857,862.306,1518.857147,862.305847
117,41,1522.0,862.193,1522.000031,862.193481
117,42,1524.0,862.198,1524.000031,862.197571
117,43,1526.0,862.139,1526.0,862.139221
117,44,1528.0,862.053,1528.000031,862.052979
117,45,1530.0,861.986,1530.000031,861.985901
117,46,1532.0,861.948,1532.0,861.947937
117,47,1534.0,861.923,1534.0,861.922852
117,48,1536.0,861.902,1536.000031,861.901672
117,49,1538.0,861.895,1538.000031,861.894775
117,50,1540.0,861.918,1540.0,861.918396
117,51,1542.0,861.945,1542.000031,861.944519
117,52,1544.0,861.926,1544.000031,861.925537
117,53,1546.0,861.857,1546.0,861.857239
117,54,1548.0,861.767,1548.0,861.767334
117,55,1550.0,861.706,1550.000031,861.706421
117,56,1552.0,861.698,1552.000031,861.698303
117,57,1554.0,861.731,1554.0,861.731018
117,58,1556.0,861.784,1556.000031,861.783936
117,59,1558.0,861.84,1558.000031,861.840271
117,60,1560.0,861.9,1560.0,861.899658
117,61,1562.0,861.956,1562.0,861.95575
117,62,1564.0,862.001,1564.000031,862.000854
117,63,1566.0,862.035,1566.000031,862.034607
117,64,1568.0,862.057,1568.0,862.056519
117,65,1570.0,862.085,1570.000031,862.084778
117,66,1572.0,862.116,1572.000031,862.115906
117,67,1574.0,862.113,1574.0,862.113464
117,68,1576.0,862.066,1576.0,862.066284
117,69,1578.0,861.991,1578.000031,861.991455
117,70,1580.0,861.922,1580.000031,861.921692
117,71,1582.0,861.888,1582.0,861.887512
117,72,1584.0,861.876,1584.000031,861.87561
117,73,1586.0,861.872,1586.000031,861.872375
117,74,1588.0,861.883,1588.000031,861.882568
117,75,1590.0,861.913,1590.0,861.913025
117,76,1592.0,861.971,1592.000031,861.971069
117,77,1594.0,862.056,1594.000031,862.05603
117,78,1596.0,862.156,1596.0,862.15564
117,79,1598.0,862.237,1598.000031,862.236633
117,80,1600.0,862.266,1600.000031,862.266418
117,81,1602.0,862.241,1602.000031,862.241455
117,82,1604.0,862.178,1604.0,862.178223
117,83,1606.0,862.12,1606.000031,862.119995
117,84,1608.0,862.112,1608.000031,862.111755
117,85,1610.0,862.179,1610.0,862.178955
117,86,1612.0,862.309,1612.000031,862.309448
117,87,1614.0,862.438,1614.000031,862.438354
117,88,1616.0,862.464,1616.000031,862.463745
117,89,1618.0,862.322,1618.0,862.322266
117,90,1620.0,862.087,1620.000031,862.087158
117,91,1622.0,861.862,1622.000031,861.861511
117,92,1624.0,861.726,1624.0,861.726013
117,93,1626.0,861.681,1626.000031,861.680786
117,94,1628.0,861.669,1628.000031,861.669128
117,95,1630.0,861.664,1630.000031,861.664246
117,96,1632.0,861.667,1632.0,861.66748
117,97,1634.0,861.676,1634.000031,861.675598
117,98,1636.0,861.679,1636.000031,861.678589
117,99,1638.0,861.674,1638.0,861.67395
117,100,1640.0,861.662,1640.000031,861.66217
117,101,1642.0,861.643,1642.000031,861.6427
117,102,1644.0,861.632,1644.000031,861.631531
117,103,1646.0,861.644,1646.0,861.644226
117,104,1648.0,861.675,1648.000031,861.675293
117,105,1650.0,861.708,1650.000031,861.707581
117,106,1652.0,861.713,1652.0,861.712585
117,107,1654.0,861.687,1654.000031,861.687256
117,108,1656.0,861.665,1656.000031,861.665283
117,109,1658.0,861.668,1658.000031,861.667786
117,110,1660.0,861.697,1660.0,861.697388
117,111,1662.0,861.74,1662.0,861.740173
117,112,1664.0,861.78,1664.0,861.780334
117,113,1666.0,861.816,1666.0,861.816345
117,114,1668.0,861.857,1668.0,861.857178
117,115,1670.0,861.901,1670.000061,861.901123
117,116,1672.0,861.926,1672.000061,861.926086
117,117,1674.0,861.917,1674.0,861.91687
117,118,1676.0,861.872,1676.0,861.872375
117,119,1678.0,861.814,1678.000061,861.813599
117,120,1680.0,861.78,1680.0,861.780457
117,121,1682.0,861.794,1682.0,861.794434
117,122,1684.0,861.86,1684.000061,861.860229
117,123,1686.0,861.957,1686.000061,861.957397
117,124,1688.0,862.043,1688.0,862.043091
117,125,1690.0,862.081,1690.0,862.081238
117,126,1692.0,862.054,1692.000061,862.053528
117,127,1694.0,861.964,1694.0,861.964294
117,128,1696.0,861.823,1696.0,861.823059
117,129,1698.0,861.644,1698.000061,861.644165
117,130,1700.0,861.465,1700.000061,861.465393
117,131,1702.0,861.326,1702.0,861.326172
117,132,1703.571,861.249,1703.571411,861.249451
118,0,1438.857,850.187,1438.857178,850.186584
118,1,1440.143,850.914,1440.142853,850.914307
118,2,1442.0,851.673,1442.000031,851.67334
118,3,1444.0,851.904,1444.0,851.90387
118,4,1446.0,851.989,1446.0,851.98938
118,5,1448.0,852.015,1448.000031,852.014526
118,6,1450.0,852.001,1450.0,852.000671
118,7,1452.0,851.974,1452.000031,851.974365
118,8,1454.0,851.977,1454.0,851.976562
118,9,1460.571,852.245,1460.571442,852.24469
118,10,1467.143,852.697,1467.142883,852.697083
118,11,1475.0,853.716,1475.0,853.716309
118,12,1481.857,854.712,1481.857178,854.711792
118,13,1486.429,855.404,1486.428589,855.40387
118,14,1491.0,855.761,1491.000031,855.761414
118,15,1493.0,855.329,1493.000031,855.329468
118,16,1495.0,855.107,1495.000031,855.107361
118,17,1497.0,854.919,1497.0,854.91925
118,18,1499.0,854.83,1499.0,854.829956
118,19,1501.0,854.824,1501.000031,854.824036
118,20,1503.0,854.93,1503.0,854.929504
118,21,1505.0,855.189,1505.000031,855.188599
118,22,1507.0,855.614,1507.000031,855.614136
118,23,1520.143,859.216,1520.142853,859.215881
118,24,1533.286,862.725,1533.285736,862.724609
118,25,1546.429,866.09,1546.428589,866.089966
118,26,1554.0,867.66,1554.0,867.659973
118,27,1565.714,867.284,1565.714294,867.283997
118,28,1577.429,867.027,1577.428589,867.026611
118,29,1589.143,866.778,1589.142883,866.778015
118,30,1599.286,866.587,1599.285736,866.586731
118,31,1607.857,866.569,1607.857178,866.569031
118,32,1616.429,866.549,1616.428589,866.549011
118,33,1625.0,866.664,1625.0,866.664185
118,34,1627.0,866.832,1627.000031,866.831726
118,35,1629.0,866.981,1629.000031,866.980652
118,36,1631.0,867.109,1631.0,867.109497
118,37,1633.0,867.167,1633.000031,867.167236
118,38,1635.0,867.137,1635.000031,867.136658
118,39,1637.0,867.049,1637.000031,867.0495
118,40,1639.0,866.98,1639.0,866.980286
118,41,1641.0,866.955,1641.000031,866.955078
118,42,1643.0,866.955,1643.000031,866.955322
118,43,1645.0,866.957,1645.0,866.957214
118,44,1649.571,866.883,1649.571472,866.883179
118,45,1654.143,866.815,1654.142883,866.81488
118,46,1658.714,866.785,1658.714294,866.784973
118,47,1662.0,866.879,1662.0,866.879028
118,48,1664.0,867.126,1664.0,867.126282
118,49,1668.571,867.264,1668.571411,867.263977
118,50,1675.714,867.153,1675.714355,867.153076
118,51,1684.286,866.934,1684.285767,866.933655
118,52,1692.857,866.696,1692.857117,866.696289
118,53,1696.286,866.747,1696.285706,866.746826
118,54,1699.0,866.854,1699.000061,866.854248
118,55,1701.0,866.901,1701.0,866.900574
118,56,1702.857,866.902,1702.857178,866.902283
118,57,1704.143,866.896,1704.142883,866.895996
119,0,1150.857,861.09,1150.857143,861.089966
119,1,1152.143,861.141,1152.142857,861.141052
119,2,1154.0,861.202,1154.0,861.201782
119,3,1156.0,861.262,1156.0,861.262085
119,4,1158.0,861.327,1158.0,861.327454
119,5,1160.0,861.442,1160.000001,861.442444
119,6,1162.0,861.613,1162.000001,861.613037
119,7,1164.0,861.788,1164.000001,861.788391
119,8,1166.0,861.906,1166.0,861.905884
119,9,1168.0,861.943,1168.000002,861.943298
119,10,1170.0,861.93,1170.000002,861.930115
119,11,1172.0,861.912,1172.0,861.911621
119,12,1174.0,861.906,1174.000002,861.90625
119,13,1176.0,861.91,1176.0,861.909668
119,14,1178.0,861.921,1178.000002,861.921265
119,15,1180.0,861.951,1180.000002,861.9505
119,16,1182.0,862.007,1182.000004,862.006714
119,17,1184.0,862.081,1184.0,862.08136
119,18,1186.0,862.156,1186.000004,862.156128
119,19,1188.0,862.217,1188.0,862.217346
119,20,1190.0,862.271,1190.000004,862.271118
119,21,1192.0,862.343,1192.000004,862.342957
119,22,1194.0,862.442,1194.000004,862.4422
119,23,1196.0,862.549,1196.0,862.549072
119,24,1204.857,862.701,1204.857143,862.701233
119,25,1216.857,863.404,1216.857147,863.403809
119,26,1228.857,864.246,1228.857147,864.246155
119,27,1239.0,865.356,1239.000008,865.355835
119,28,1241.0,865.782,1241.000008,865.78186
119,29,1243.0,866.016,1243.0,866.01593
119,30,1280.714,867.697,1280.714294,867.697327
119,31,1318.714,869.306,1318.714294,869.306396
119,32,1356.714,870.884,1356.714294,870.884277
119,33,1376.857,871.623,1376.857147,871.622803
119,34,1379.0,871.402,1379.0,871.402283
119,35,1381.0,871.084,1381.000015,871.084106
119,36,1383.0,870.709,1383.000015,870.709106
119,37,1385.0,870.409,1385.000015,870.409363
119,38,1397.571,871.004,1397.571426,871.00354
119,39,1420.714,872.353,1420.714294,872.353088
119,40,1443.857,873.761,1443.857147,873.761475
119,41,1467.0,875.246,1467.000031,875.246216
119,42,1469.0,875.282,1469.0,875.282288
119,43,1471.0,875.362,1471.0,875.361877
119,44,1473.0,875.373,1473.000031,875.372803
119,45,1475.0,875.325,1475.0,875.324707
119,46,1477.0,875.271,1477.000031,875.271179
119,47,1479.0,875.237,1479.0,875.236938
119,48,1481.0,875.222,1481.000031,875.222107
119,49,1483.0,875.212,1483.0,875.211609
119,50,1485.0,875.191,1485.0,875.190552
119,51,1487.0,875.134,1487.000031,875.134155
119,52,1489.0,875.042,1489.0,875.041809
119,53,1491.0,874.95,1491.000031,874.949646
119,54,1493.0,874.879,1493.000031,874.87854
119,55,1495.0,874.815,1495.000031,874.814697
119,56,1497.0,874.717,1497.0,874.717041
119,57,1501.857,874.559,1501.857178,874.559021
119,58,1506.714,874.446,1506.714294,874.446167
119,59,1511.571,874.382,1511.571442,874.382385
119,60,1515.0,874.398,1515.000031,874.397705
119,61,1517.0,874.451,1517.000031,874.451233
119,62,1519.0,874.507,1519.0,874.506897
119,63,1521.0,874.54,1521.000031,874.540222
119,64,1523.0,874.504,1523.000031,874.504028
119,65,1525.0,874.37,1525.0,874.369934
119,66,1527.0,874.207,1527.0,874.206848
119,67,1529.0,874.129,1529.000031,874.129333
119,68,1531.0,874.175,1531.000031,874.175293
119,69,1533.0,874.328,1533.0,874.328125
119,70,1535.0,874.482,1535.000031,874.482483
119,71,1537.0,874.553,1537.000031,874.552551
119,72,1539.0,874.534,1539.0,874.534241
119,73,1541.0,874.455,1541.0,874.454895
119,74,1543.0,874.361,1543.000031,874.361145
119,75,1545.0,874.278,1545.000031,874.277832
119,76,1547.0,874.218,1547.0,874.218079
119,77,1549.0,874.188,1549.000031,874.18811
119,78,1551.0,874.163,1551.000031,874.163452
119,79,1553.0,874.127,1553.0,874.12738
119,80,1555.0,874.092,1555.0,874.092285
119,81,1557.0,874.082,1557.000031,874.081543
119,82,1559.0,874.125,1559.000031,874.124695
119,83,1561.0,874.189,1561.0,874.188904
119,84,1563.0,874.217,1563.000031,874.216797
119,85,1565.0,874.177,1565.000031,874.177185
119,86,1567.0,874.085,1567.0,874.085205
119,87,1569.0,873.989,1569.0,873.989258
119,88,1571.0,873.917,1571.000031,873.916931
119,89,1573.0,873.872,1573.000031,873.871887
119,90,1575.0,873.836,1575.0,873.835754
119,91,1577.0,873.811,1577.000031,873.811462
119,92,1579.0,873.813,1579.000031,873.813416
119,93,1581.0,873.83,1581.000031,873.830444
119,94,1583.0,873.84,1583.0,873.840027
119,95,1585.0,873.829,1585.000031,873.829041
119,96,1587.0,873.808,1587.000031,873.808411
119,97,1589.0,873.802,1589.0,873.801819
119,98,1591.0,873.817,1591.000031,873.816833
119,99,1593.0,873.842,1593.000031,873.842163
119,100,1595.0,873.871,1595.000031,873.871277
119,101,1597.0,873.894,1597.0,873.89386
119,102,1599.0,873.902,1599.000031,873.901794
119,103,1601.0,873.908,1601.000031,873.907898
119,104,1603.0,873.923,1603.0,873.923401
119,105,1605.0,873.936,1605.000031,873.935669
119,106,1607.0,873.929,1607.000031,873.928711
119,107,1609.0,873.897,1609.000031,873.896851
119,108,1611.0,873.87,1611.0,873.86969
119,109,1613.0,873.885,1613.000031,873.884827
119,110,1615.0,873.939,1615.000031,873.939148
119,111,1617.0,874.0,1617.0,873.999573
119,112,1619.0,874.036,1619.000031,874.036072
119,113,1621.0,874.048,1621.000031,874.047607
119,114,1623.0,874.058,1623.000031,874.057739
119,115,1625.0,874.085,1625.0,874.085144
119,116,1627.0,874.111,1627.000031,874.11145
119,117,1629.0,874.089,1629.000031,874.088867
119,118,1631.0,874.0,1631.0,873.999939
119,119,1633.0,873.87,1633.000031,873.870483
119,120,1635.0,873.749,1635.000031,873.749268
119,121,1637.0,873.671,1637.000031,873.671082
119,122,1639.0,873.62,1639.0,873.6203
119,123,1641.0,873.573,1641.000031,873.572998
119,124,1643.0,873.531,1643.000031,873.531067
119,125,1645.0,873.513,1645.0,873.513489
119,126,1647.0,873.535,1647.000031,873.534668
119,127,1649.0,873.581,1649.000031,873.581421
119,128,1651.0,873.625,1651.000031,873.625183
119,129,1653.0,873.645,1653.0,873.64502
119,130,1655.0,873.649,1655.000031,873.648804
119,131,1657.0,873.656,1657.000031,873.656189
119,132,1659.0,873.677,1659.0,873.677307
119,133,1661.0,873.718,1661.000031,873.717896
119,134,1663.0,873.78,1663.0,873.780029
119,135,1665.0,873.859,1665.000061,873.858765
119,136,1667.0,873.947,1667.0,873.947327
119,137,1669.0,874.024,1669.0,874.023621
119,138,1671.0,874.06,1671.000061,874.060303
119,139,1673.0,874.048,1673.0,874.048035
119,140,1675.0,873.999,1675.0,873.999268
119,141,1677.0,873.939,1677.000061,873.938904
119,142,1679.0,873.885,1679.000061,873.885437
119,143,1681.0,873.845,1681.0,873.845337
119,144,1683.0,873.831,1683.0,873.831055
119,145,1685.0,873.86,1685.000061,873.85968
119,146,1687.0,873.925,1687.0,873.924805
119,147,1689.0,874.004,1689.0,874.004272
119,148,1691.0,874.066,1691.000061,874.066406
119,149,1693.0,874.088,1693.000061,874.088257
119,150,1695.0,874.068,1695.0,874.068115
119,151,1697.0,874.019,1697.0,874.018616
119,152,1699.0,873.96,1699.000061,873.960327
119,153,1701.0,873.919,1701.0,873.919373
119,154,1702.857,873.901,1702.857178,873.901428
119,155,1704.143,873.897,1704.142883,873.896973
120,0,1150.857,873.91,1150.857143,873.909973
120,1,1152.143,873.945,1152.142857,873.945068
120,2,1154.0,873.995,1154.0,873.994629
120,3,1156.0,874.054,1156.0,874.053894
120,4,1158.0,874.119,1158.0,874.119202
120,5,1160.0,874.193,1160.000001,874.192749
120,6,1162.0,874.271,1162.000001,874.27124
120,7,1164.0,874.35,1164.000001,874.34967
120,8,1166.0,874.432,1166.0,874.431824
120,9,1168.0,874.512,1168.000002,874.511658
120,10,1170.0,874.576,1170.000002,874.576477
120,11,1172.0,874.619,1172.0,874.618958
120,12,1174.0,874.645,1174.000002,874.644775
120,13,1176.0,874.672,1176.0,874.671997
120,14,1178.0,874.706,1178.000002,874.705566
120,15,1180.0,874.756,1180.000002,874.756287
120,16,1182.0,874.849,1182.000004,874.849304
120,17,1184.0,874.98,1184.0,874.980103
120,18,1186.0,875.114,1186.000004,875.114258
120,19,1188.0,875.194,1188.0,875.193542
120,20,1190.0,875.162,1190.000004,875.161682
120,21,1191.571,875.08,1191.57143,875.080322
121,0,1437.857,877.62,1437.857147,877.61969
121,1,1439.143,877.926,1439.142853,877.926392
121,2,1441.0,878.232,1441.000031,878.231689
121,3,1443.0,878.347,1443.0,878.346985
121,4,1445.0,878.22,1445.000031,878.219727
121,5,1447.0,877.933,1447.0,877.933289
121,6,1449.0,877.688,1449.000031,877.68811
121,7,1451.0,877.701,1451.0,877.700989
121,8,1452.571,877.893,1452.571411,877.892883
